{"Total Disasters": "1.0", "BigFoot Hotspot": "FALSE", "Unemployment_rate": "8.6", "Report Type": "Report", "State": "California", "id": "36d6b907-b37a-4096-949f-db8d95d47c70", "Time And Conditions": "2:30 AM", "Civilian labor force": "8,338", "Nearest Town": "Mammoth Lakes", "Season": "Fall", "Class": "Class B", "Multiple Witnesses": "False", "jaccard_score": 0.0010801913481816778, "Forest cover rate": "17.8%", "Dte": "11", "Witness Count": "0.0", "National Park Visitation Count": "34374981", "City/Suburb/Town/Rural": "Rural", "Month": "February", "County": "Mono", "Year": "2013", "Number of lakes": "2501-5000"}