{"Number of lakes": "over 2000", "Total Disasters": "1.0", "BigFoot Hotspot": "FALSE", "Unemployment_rate": "6.8", "Report Type": "Report", "State": "Michigan", "id": "325134f0-1725-4e0e-9df8-e8b8832e16a1", "Time And Conditions": "Incident occured about 3:00 p.m.", "Civilian labor force": "2,869", "Nearest Town": "Newberry", "Season": "Winter", "Class": "Class B", "Multiple Witnesses": "False", "jaccard_score": 0.0010287536649349314, "Forest cover rate": "51.2%", "Dte": "21", "Witness Count": "1.0", "City/Suburb/Town/Rural": "Rural", "Month": "December", "County": "Luce", "Year": "2001", "National Park Visitation Count": ""}