{"Number of lakes": "5001-10000", "Total Disasters": "1.0", "BigFoot Hotspot": "FALSE", "Unemployment_rate": "7.3", "Report Type": "Report", "State": "Washington", "id": "3259070f-6984-4a01-868b-0e675bd8a388", "Time And Conditions": "11:30pm", "Civilian labor force": "41,248", "Nearest Town": "Plain, WA", "Season": "Summer", "Class": "Class B", "Multiple Witnesses": "True", "jaccard_score": 0.0010801913481816778, "Forest cover rate": "40.7%", "Dte": "21", "Witness Count": "4.0", "City/Suburb/Town/Rural": "City", "Month": "October", "County": "Chelan", "Year": "2012", "National Park Visitation Count": "7529549"}