{"Total Disasters": "3.0", "BigFoot Hotspot": "FALSE", "Unemployment_rate": "6.4", "Report Type": "Report", "State": "Ohio", "Month": "November", "id": "325a5e0c-273f-463d-9beb-2b37aced26ad", "Time And Conditions": "Night cold rainy maybe a few hours before dark.", "Civilian labor force": "27,096", "Nearest Town": "Probably central Ohio", "Season": "Fall", "Class": "Class A", "Multiple Witnesses": "False", "jaccard_score": 0.0010801913481816778, "Forest cover rate": "28.9%", "Dte": "18", "Witness Count": "1.0", "City/Suburb/Town/Rural": "Suburb", "Number of lakes": "0-250", "County": "Ashland", "Year": "2002", "National Park Visitation Count": ""}