{"Total Disasters": "4.0", "BigFoot Hotspot": "FALSE", "Unemployment_rate": "6.0", "Report Type": "Report", "State": "Kansas", "Month": "February", "id": "32665c6c-32a2-4575-a9d1-49b21f0c8397", "Time And Conditions": "Between midnight and 1 AM", "Civilian labor force": "76,349", "Nearest Town": "Western edge of Kansas City, Kansas", "Season": "Winter", "Class": "Class A", "Multiple Witnesses": "False", "jaccard_score": 0.0010801913481816778, "Forest cover rate": "2.8%", "Dte": "16", "Witness Count": "2.0", "City/Suburb/Town/Rural": "City", "Number of lakes": "0-250", "County": "Wyandotte", "Year": "2015", "National Park Visitation Count": "115903"}