{"Total Disasters": "1.0", "BigFoot Hotspot": "FALSE", "Unemployment_rate": "", "Report Type": "Report", "State": "Kentucky", "Month": "August", "id": "326bd6ba-c6ca-421f-92ec-c5196626e35b", "Time And Conditions": "Fourth day of the 97 turkey season (the strange sounds) 6:30 a.m.I beleive the second sighting was around October of the same year at about 11:00 p.m. The third sighting was Aug. 9 1998 at about 11:10 p.m.", "Civilian labor force": "", "Nearest Town": "Shady Grove", "Season": "Fall", "Class": "Class A", "Multiple Witnesses": "False", "jaccard_score": 0.0009773159816881848, "Forest cover rate": "48.6%", "Dte": "10", "Witness Count": "0.0", "City/Suburb/Town/Rural": "", "Number of lakes": "0-250", "County": "Crittenden", "Year": "1998", "National Park Visitation Count": "3633498"}