{"Total Disasters": "1.0", "BigFoot Hotspot": "FALSE", "Unemployment_rate": "7.6", "Report Type": "Report", "State": "Oregon", "id": "328f617a-b3e9-47ca-b7af-a8f3e29cc64d", "Time And Conditions": "first light, normal summer day", "Civilian labor force": "3,502", "Nearest Town": "Wallowa", "Season": "Summer", "Class": "Class A", "Multiple Witnesses": "True", "jaccard_score": 0.0010287536649349314, "Forest cover rate": "38.8%", "Dte": "5", "Witness Count": "3.0", "National Park Visitation Count": "890577", "City/Suburb/Town/Rural": "Rural", "Month": "July", "County": "Wallowa", "Year": "2000", "Number of lakes": "501-1500"}