{"Total Disasters": "1.0", "BigFoot Hotspot": "TRUE", "Unemployment_rate": "7.7", "Report Type": "Report", "State": "Washington", "Month": "December", "id": "3294b98a-8bb2-4932-bd7b-302c22f98a6c", "Time And Conditions": "it was right before dark i was up the hill and the sun light was coming down the back side of this thing", "Civilian labor force": "31,159", "Nearest Town": "morton", "Season": "Summer", "Class": "Class A", "Multiple Witnesses": "False", "jaccard_score": 0.0010287536649349314, "Forest cover rate": "40.7%", "Dte": "22", "Witness Count": "1.0", "City/Suburb/Town/Rural": "Suburb", "Number of lakes": "5001-10000", "County": "Lewis", "Year": "2007", "National Park Visitation Count": "7123463"}