{"Number of lakes": "over 2000", "Total Disasters": "2.0", "BigFoot Hotspot": "FALSE", "Unemployment_rate": "10.2", "Report Type": "Report", "State": "Michigan", "id": "329c6aa0-afe9-4ea6-a140-e5bd680aab07", "Time And Conditions": "Evening/night time.  Between 9-11PM.", "Civilian labor force": "17,551", "Nearest Town": "Escanaba", "Season": "Winter", "Class": "Class B", "Multiple Witnesses": "False", "jaccard_score": 0.0010287536649349314, "Forest cover rate": "51.2%", "Dte": "9", "Witness Count": "2.0", "City/Suburb/Town/Rural": "Town", "Month": "April", "County": "Delta", "Year": "2013", "National Park Visitation Count": "1989195"}