{"Total Disasters": "4.0", "BigFoot Hotspot": "FALSE", "Unemployment_rate": "5.0", "Report Type": "Report", "State": "Oklahoma", "Month": "March", "id": "32a0108a-6b7d-4e23-8dfd-e18f96c77f36", "Time And Conditions": "around midnight. There was a small light on nightstand. Light in the yard about 40 ft. away. Full moon.", "Civilian labor force": "308,472", "Nearest Town": "edge of Tulsa", "Season": "Summer", "Class": "Class A", "Multiple Witnesses": "True", "jaccard_score": 0.0010801913481816778, "Forest cover rate": "14.2%", "Dte": "15", "Witness Count": "3.0", "City/Suburb/Town/Rural": "City", "Number of lakes": "0-250", "County": "Tulsa", "Year": "2012", "National Park Visitation Count": ""}