{"Number of lakes": "over 2000", "Total Disasters": "0.0", "BigFoot Hotspot": "FALSE", "Unemployment_rate": "5.2", "Report Type": "Report", "State": "Minnesota", "id": "32a853a6-b1a8-4129-adb3-bba9540ed13d", "Time And Conditions": "Around 5 O'clock P.M.", "Civilian labor force": "102,538", "Nearest Town": "Skibo Minnesota", "Season": "Fall", "Class": "Class A", "Multiple Witnesses": "False", "jaccard_score": 0.0010801913481816778, "Forest cover rate": "28.9%", "Dte": "24", "Witness Count": "2.0", "City/Suburb/Town/Rural": "City", "Month": "January", "County": "St. Louis", "Year": "2014", "National Park Visitation Count": "490760"}