{"Total Disasters": "1.0", "BigFoot Hotspot": "FALSE", "Unemployment_rate": "5.7", "Report Type": "Report", "State": "Oregon", "Month": "June", "id": "32ad55f3-c4c2-4fb5-b04f-c0a24737b303", "Time And Conditions": "Right before dusk, a little overcast but the temp. was very mild 60 to 65", "Civilian labor force": "149,648", "Nearest Town": "Silverton", "Season": "Fall", "Class": "Class A", "Multiple Witnesses": "False", "jaccard_score": 0.0010287536649349314, "Forest cover rate": "38.8%", "Dte": "28", "Witness Count": "1.0", "City/Suburb/Town/Rural": "City", "Number of lakes": "501-1500", "County": "Marion", "Year": "2006", "National Park Visitation Count": "921539"}