{"Total Disasters": "3.0", "BigFoot Hotspot": "FALSE", "Unemployment_rate": "7.7", "Report Type": "Report", "State": "Illinois", "id": "32b2ba4e-f593-4c3b-befa-55a22896d91b", "Time And Conditions": "5:00 pm sunny and clear", "Civilian labor force": "14,948", "Nearest Town": "Colchester", "Season": "Summer", "Class": "Class A", "Multiple Witnesses": "True", "jaccard_score": 0.0010801913481816778, "Forest cover rate": "11.5%", "Dte": "4", "Witness Count": "4.0", "National Park Visitation Count": "295464", "City/Suburb/Town/Rural": "Town", "Month": "September", "County": "McDonough", "Year": "2012", "Number of lakes": "0-250"}