{"Total Disasters": "1.0", "BigFoot Hotspot": "FALSE", "Unemployment_rate": "8.9", "Report Type": "Report", "State": "Michigan", "id": "32b29a55-d272-4ecc-9362-8fffe30009f2", "Time And Conditions": "", "Civilian labor force": "73,574", "Nearest Town": "Kalamazoo", "Season": "Summer", "Class": "Class B", "Multiple Witnesses": "False", "jaccard_score": 0.0010801913481816778, "Forest cover rate": "51.2%", "Dte": "12", "Witness Count": "0.0", "National Park Visitation Count": "2192477", "City/Suburb/Town/Rural": "City", "Month": "June", "County": "Berrien", "Year": "2012", "Number of lakes": "over 2000"}