{"Number of lakes": "5001-10000", "Total Disasters": "0.0", "BigFoot Hotspot": "FALSE", "Unemployment_rate": "10.8", "Report Type": "Report", "State": "Washington", "id": "32b689db-1029-4965-9950-cc02f91f1ab7", "Time And Conditions": "Late morning. Cool, overcast, drizzle, heavy mist with low visibility.", "Civilian labor force": "24,392", "Nearest Town": "Hoodsport", "Season": "Fall", "Class": "Class B", "Multiple Witnesses": "True", "jaccard_score": 0.0010801913481816778, "Forest cover rate": "40.7%", "Dte": "8", "Witness Count": "4.0", "City/Suburb/Town/Rural": "Suburb", "Month": "November", "County": "Mason", "Year": "2010", "National Park Visitation Count": "7281785"}