{"Total Disasters": "1.0", "BigFoot Hotspot": "FALSE", "Unemployment_rate": "5.5", "Report Type": "Report", "State": "Oregon", "id": "32c85839-f7e5-49bf-b5fb-7fac66597038", "Time And Conditions": "About 1PM partly cloudy day. The light was good.", "Civilian labor force": "169,860", "Nearest Town": "McKenzie Bridge", "Season": "Summer", "Class": "Class A", "Multiple Witnesses": "False", "jaccard_score": 0.0010801913481816778, "Forest cover rate": "38.8%", "Dte": "23", "Witness Count": "0.0", "National Park Visitation Count": "831394", "City/Suburb/Town/Rural": "City", "Month": "July", "County": "Lane", "Year": "2000", "Number of lakes": "501-1500"}