{"Total Disasters": "4.0", "BigFoot Hotspot": "FALSE", "Unemployment_rate": "4.7", "Report Type": "Report", "State": "Illinois", "id": "32cf99ca-b74b-4fab-807f-82e4a7343d08", "Time And Conditions": "nighttime around 10:30 pm- it was extremely hot and humid", "Civilian labor force": "35,551", "Nearest Town": "Marion, Illinois", "Season": "Summer", "Class": "Class B", "Multiple Witnesses": "False", "jaccard_score": 0.0010801913481816778, "Forest cover rate": "11.5%", "Dte": "1", "Witness Count": "2.0", "National Park Visitation Count": "388887", "City/Suburb/Town/Rural": "City", "Month": "August", "County": "Williamson", "Year": "2006", "Number of lakes": "0-250"}