{"Number of lakes": "5001-10000", "Total Disasters": "0.0", "BigFoot Hotspot": "FALSE", "Unemployment_rate": "10.8", "Report Type": "Report", "State": "Washington", "id": "32dcdb05-fcb6-4352-9347-edcda5f81d73", "Time And Conditions": "Night time: 1-1:30 AM it was about 53-56 deg. F, Moon was a waning crescent moon. It was clear and we could see the stars.", "Civilian labor force": "24,392", "Nearest Town": "Hoodsport, WA", "Season": "Summer", "Class": "Class B", "Multiple Witnesses": "False", "jaccard_score": 0.0010801913481816778, "Forest cover rate": "40.7%", "Dte": "7", "Witness Count": "2.0", "City/Suburb/Town/Rural": "Suburb", "Month": "September", "County": "Mason", "Year": "2010", "National Park Visitation Count": "7281785"}