{"Total Disasters": "0.0", "BigFoot Hotspot": "FALSE", "Unemployment_rate": "", "Report Type": "Report", "State": "Oregon", "Month": "November", "id": "32fe7c3e-8b86-4b91-98d5-484970f41664", "Time And Conditions": "", "Civilian labor force": "", "Nearest Town": "", "Season": "Unknown", "Class": "Class A", "Multiple Witnesses": "False", "jaccard_score": 0.0007715652487011985, "Forest cover rate": "38.8%", "Dte": "13", "Witness Count": "0.0", "City/Suburb/Town/Rural": "", "Number of lakes": "501-1500", "County": "Josephine", "Year": "1998", "National Park Visitation Count": ""}