{"Total Disasters": "4.0", "BigFoot Hotspot": "FALSE", "Unemployment_rate": "", "Report Type": "Report", "State": "Louisiana", "id": "3301a943-9742-466e-ad8a-f14340ec3e1a", "Time And Conditions": "", "Civilian labor force": "", "Nearest Town": "Dry Prong", "Season": "Unknown", "Class": "Class B", "Multiple Witnesses": "False", "jaccard_score": 0.0008744406151946916, "Forest cover rate": "49.2%", "Dte": "8", "Witness Count": "0.0", "National Park Visitation Count": "", "City/Suburb/Town/Rural": "", "Month": "December", "County": "Grant", "Year": "1998", "Number of lakes": "0-250"}