{"Total Disasters": "0.0", "BigFoot Hotspot": "FALSE", "Unemployment_rate": "5.3", "Report Type": "Report", "State": "Texas", "Month": "November", "id": "330f8464-fc8e-4082-926f-4245ebc3f671", "Time And Conditions": "10:30 pm. Just after major storm.", "Civilian labor force": "181,906", "Nearest Town": "Willis", "Season": "Fall", "Class": "Class B", "Multiple Witnesses": "False", "jaccard_score": 0.0010801913481816778, "Forest cover rate": "7%", "Dte": "26", "Witness Count": "1.0", "City/Suburb/Town/Rural": "City", "Number of lakes": "5001-10000", "County": "Montgomery", "Year": "2004", "National Park Visitation Count": "5018588"}