{"Total Disasters": "0.0", "BigFoot Hotspot": "FALSE", "Unemployment_rate": "8.5", "Report Type": "Report", "State": "Florida", "Month": "April", "id": "3324a115-1415-43f4-a76d-bda15d430209", "Time And Conditions": "We had the high beams on it was a clear night", "Civilian labor force": "16,299", "Nearest Town": "Between Cheifland FL and Otter Creek in Levy county", "Season": "Spring", "Class": "Class A", "Multiple Witnesses": "False", "jaccard_score": 0.0010801913481816778, "Forest cover rate": "42.4%", "Dte": "20", "Witness Count": "2.0", "City/Suburb/Town/Rural": "Town", "Number of lakes": "over 2000", "County": "Levy", "Year": "2013", "National Park Visitation Count": "11492305"}