{"Total Disasters": "4.0", "BigFoot Hotspot": "FALSE", "Unemployment_rate": "8.1", "Report Type": "Report", "State": "New York", "id": "3358146d-1e3e-4da1-aac0-542eaa881f4d", "Time And Conditions": "Details in my submitted report.", "Civilian labor force": "16,518", "Nearest Town": "Keene", "Season": "Summer", "Class": "Class A", "Multiple Witnesses": "True", "jaccard_score": 0.0010287536649349314, "Forest cover rate": "50.9%", "Dte": "8", "Witness Count": "4.0", "National Park Visitation Count": "19117272", "City/Suburb/Town/Rural": "Town", "Month": "March", "County": "Essex", "Year": "2020", "Number of lakes": "5001-10000"}