{"Total Disasters": "6.0", "BigFoot Hotspot": "FALSE", "Unemployment_rate": "6.2", "Report Type": "Report", "State": "Virginia", "Month": "July", "id": "336c879b-e297-4ad7-b906-1150a5af5bfa", "Time And Conditions": "dusk, just getting dark enough to have head lights on", "Civilian labor force": "65,045", "Nearest Town": "Stafford VA", "Season": "Fall", "Class": "Class A", "Multiple Witnesses": "False", "jaccard_score": 0.0010801913481816778, "Forest cover rate": "60.7%", "Dte": "31", "Witness Count": "1.0", "City/Suburb/Town/Rural": "City", "Number of lakes": "0-250", "County": "Stafford", "Year": "2011", "National Park Visitation Count": "13580367"}