{"Total Disasters": "1.0", "BigFoot Hotspot": "FALSE", "Unemployment_rate": "7.2", "Report Type": "Report", "State": "Maryland", "Month": "December", "id": "337ca9ab-86ba-40f0-b86f-bc6555e47d1c", "Time And Conditions": "The incident occurred at around 3 or 330 AM and there was NO predawn glow so I would hazard to guess it was closer to three. I do not recall there being a moon as it was exceptionally dark. In fact I am sure there was no moon.", "Civilian labor force": "16,809", "Nearest Town": "nothing nearby, maybe Bridgeville", "Season": "Spring", "Class": "Class B", "Multiple Witnesses": "False", "jaccard_score": 0.0010801913481816778, "Forest cover rate": "37.9%", "Dte": "5", "Witness Count": "2.0", "City/Suburb/Town/Rural": "Suburb", "Number of lakes": "0-250", "County": "Dorchester", "Year": "2008", "National Park Visitation Count": "6066771"}