{"Total Disasters": "2.0", "BigFoot Hotspot": "FALSE", "Unemployment_rate": "8.9", "Report Type": "Report", "State": "Tennessee", "Month": "August", "id": "338843b7-87fe-4d21-a1aa-8bc39f882ffd", "Time And Conditions": "Approx. 2:30 am. Weather was cool, low 50's. It was dark but a clear night.", "Civilian labor force": "49,440", "Nearest Town": "Kodak", "Season": "Fall", "Class": "Class A", "Multiple Witnesses": "False", "jaccard_score": 0.0010801913481816778, "Forest cover rate": "52.9%", "Dte": "9", "Witness Count": "1.0", "City/Suburb/Town/Rural": "Suburb", "Number of lakes": "0-250", "County": "Sevier", "Year": "2012", "National Park Visitation Count": "10746414"}