{"Total Disasters": "0.0", "BigFoot Hotspot": "FALSE", "Unemployment_rate": "", "Report Type": "Report", "State": "Washington", "id": "3395a205-f32f-4b22-8c1a-d59f2725fefc", "Time And Conditions": "This sighting occured in the fall of 1941.  My mother did not remember exactly when, only that it was during the short engagement she had with my father before marrying him.", "Civilian labor force": "", "Nearest Town": "", "Season": "Fall", "Class": "Class A", "Multiple Witnesses": "False", "jaccard_score": 0.0008230029319479451, "Forest cover rate": "40.7%", "Dte": "14", "Witness Count": "0.0", "National Park Visitation Count": "", "City/Suburb/Town/Rural": "", "Month": "November", "County": "Yakima", "Year": "1998", "Number of lakes": "5001-10000"}