{"Total Disasters": "1.0", "BigFoot Hotspot": "FALSE", "Unemployment_rate": "3.1", "Report Type": "Report", "State": "Colorado", "id": "33a2761b-659a-4fba-ba04-81afe55c6bd3", "Time And Conditions": "night time,dark", "Civilian labor force": "9,582", "Nearest Town": "Crested Butte", "Season": "Summer", "Class": "Class B", "Multiple Witnesses": "False", "jaccard_score": 0.0010801913481816778, "Forest cover rate": "17.5%", "Dte": "2", "Witness Count": "0.0", "National Park Visitation Count": "5474531", "City/Suburb/Town/Rural": "Rural", "Month": "October", "County": "Gunnison", "Year": "2006", "Number of lakes": "501-1500"}