{"Total Disasters": "", "BigFoot Hotspot": "", "Unemployment_rate": "", "Report Type": "Media Article", "State": "", "id": "33a9bf9a-e90f-4317-b431-f3308972a4c7", "Time And Conditions": "", "Civilian labor force": "", "Nearest Town": "", "Season": "", "Class": "", "Multiple Witnesses": "False", "jaccard_score": 0.00020575073298698628, "Forest cover rate": "", "Dte": "", "Witness Count": "", "National Park Visitation Count": "", "City/Suburb/Town/Rural": "", "Month": "", "County": "", "Year": "", "Number of lakes": ""}