{"Number of lakes": "0-250", "Total Disasters": "4.0", "BigFoot Hotspot": "FALSE", "Unemployment_rate": "3.2", "Report Type": "Report", "State": "Missouri", "id": "33b45940-2968-4641-9840-342beb22cca2", "Time And Conditions": "3am and my son had a headlamp light on that lit up a wide range as he is a cyclist and our land is lit up with outdoor lighting", "Civilian labor force": "53,512", "Nearest Town": "Saint Clair mo", "Season": "Spring", "Class": "Class A", "Multiple Witnesses": "False", "jaccard_score": 0.0010801913481816778, "Forest cover rate": "30.3%", "Dte": "20", "Witness Count": "0.0", "City/Suburb/Town/Rural": "City", "Month": "September", "County": "Franklin", "Year": "2019", "National Park Visitation Count": "3629384"}