{"Total Disasters": "0.0", "BigFoot Hotspot": "FALSE", "Unemployment_rate": "9.3", "Report Type": "Report", "State": "California", "id": "33b762c0-7f54-4094-ae8b-c2a7d7acf3f4", "Time And Conditions": "Past midnight.", "Civilian labor force": "5,381", "Nearest Town": "Hyampom, California", "Season": "Summer", "Class": "Class A", "Multiple Witnesses": "True", "jaccard_score": 0.0010801913481816778, "Forest cover rate": "17.8%", "Dte": "11", "Witness Count": "5.0", "National Park Visitation Count": "33601225", "City/Suburb/Town/Rural": "Town", "Month": "May", "County": "Trinity", "Year": "2001", "Number of lakes": "2501-5000"}