{"Total Disasters": "0.0", "BigFoot Hotspot": "FALSE", "Unemployment_rate": "5.0", "Report Type": "Report", "State": "West Virginia", "id": "33bd7bc1-ad5e-4106-8995-1fc2c320df34", "Time And Conditions": "2:30 am, rainy night, dark", "Civilian labor force": "9,406", "Nearest Town": "Ridgeview, WV", "Season": "Summer", "Class": "Class A", "Multiple Witnesses": "True", "jaccard_score": 0.0010801913481816778, "Forest cover rate": "77.2%", "Dte": "29", "Witness Count": "3.0", "National Park Visitation Count": "1555136", "City/Suburb/Town/Rural": "City", "Month": "July", "County": "Boone", "Year": "2006", "Number of lakes": "0-250"}