{"Total Disasters": "4.0", "BigFoot Hotspot": "FALSE", "Unemployment_rate": "5.6", "Report Type": "Report", "State": "Kansas", "Month": "February", "id": "33d93d51-91dc-414b-84e3-efb569925814", "Time And Conditions": "dusk with light drizzle and heavy traffic", "Civilian labor force": "11,171", "Nearest Town": "Wichita", "Season": "Fall", "Class": "Class A", "Multiple Witnesses": "False", "jaccard_score": 0.0010801913481816778, "Forest cover rate": "2.8%", "Dte": "26", "Witness Count": "2.0", "City/Suburb/Town/Rural": "City", "Number of lakes": "0-250", "County": "Sumner", "Year": "2013", "National Park Visitation Count": "133039"}