{"Total Disasters": "1.0", "BigFoot Hotspot": "TRUE", "Unemployment_rate": "5.8", "Report Type": "Report", "State": "California", "id": "33ea7fc4-11e8-42ed-b991-4c195317398c", "Time And Conditions": "1 AM in the morning.", "Civilian labor force": "25,847", "Nearest Town": "Twain Harte", "Season": "Fall", "Class": "Class B", "Multiple Witnesses": "False", "jaccard_score": 0.0010287536649349314, "Forest cover rate": "17.8%", "Dte": "21", "Witness Count": "1.0", "National Park Visitation Count": "32906849", "City/Suburb/Town/Rural": "Suburb", "Month": "November", "County": "Tuolumne", "Year": "2006", "Number of lakes": "2501-5000"}