{"Total Disasters": "4.0", "BigFoot Hotspot": "FALSE", "Unemployment_rate": "3.6", "Report Type": "Report", "State": "Florida", "Month": "August", "id": "34096c0a-b608-4088-bfd1-d1cf1c023efe", "Time And Conditions": "early morning 6:30or 6:45", "Civilian labor force": "62,652", "Nearest Town": "crestview,holt", "Season": "Summer", "Class": "Class A", "Multiple Witnesses": "False", "jaccard_score": 0.0010801913481816778, "Forest cover rate": "42.4%", "Dte": "4", "Witness Count": "0.0", "City/Suburb/Town/Rural": "City", "Number of lakes": "over 2000", "County": "Santa Rosa", "Year": "2004", "National Park Visitation Count": "10062363"}