{"Total Disasters": "3.0", "BigFoot Hotspot": "FALSE", "Unemployment_rate": "2.8", "Report Type": "Report", "State": "Oklahoma", "Month": "December", "id": "340f2e14-118b-41b0-9a02-f6cd42cf8f5f", "Time And Conditions": "it was late fall and early evening.", "Civilian labor force": "141,477", "Nearest Town": "Oklahoma City", "Season": "Fall", "Class": "Class A", "Multiple Witnesses": "False", "jaccard_score": 0.0010801913481816778, "Forest cover rate": "14.2%", "Dte": "17", "Witness Count": "0.0", "City/Suburb/Town/Rural": "City", "Number of lakes": "0-250", "County": "Cleveland", "Year": "2018", "National Park Visitation Count": "1108103"}