{"Total Disasters": "3.0", "BigFoot Hotspot": "FALSE", "Unemployment_rate": "10.9", "Report Type": "Report", "State": "Georgia", "id": "341009d2-6539-4c54-89be-948316a7d617", "Time And Conditions": "Night, it was warm and clear.", "Civilian labor force": "6,976", "Nearest Town": "Clayton", "Season": "Winter", "Class": "Class B", "Multiple Witnesses": "True", "jaccard_score": 0.0010801913481816778, "Forest cover rate": "64.2%", "Dte": "4", "Witness Count": "4.0", "National Park Visitation Count": "6972098", "City/Suburb/Town/Rural": "Rural", "Month": "March", "County": "Rabun", "Year": "2009", "Number of lakes": "0-250"}