{"Total Disasters": "2.0", "BigFoot Hotspot": "FALSE", "Unemployment_rate": "9.9", "Report Type": "Report", "State": "Oregon", "id": "34303634-b462-41c4-a6b5-d74ab1289ed0", "Time And Conditions": "About 11 pm.", "Civilian labor force": "52,504", "Nearest Town": "Detroit, Oregon", "Season": "Summer", "Class": "Class B", "Multiple Witnesses": "True", "jaccard_score": 0.0010801913481816778, "Forest cover rate": "38.8%", "Dte": "14", "Witness Count": "4.0", "National Park Visitation Count": "", "City/Suburb/Town/Rural": "City", "Month": "March", "County": "Linn", "Year": "2003", "Number of lakes": "501-1500"}