{"Total Disasters": "2.0", "BigFoot Hotspot": "FALSE", "Unemployment_rate": "5.3", "Report Type": "Report", "State": "Kentucky", "Month": "March", "id": "343acc6d-f517-4873-a937-bcb487a17bf2", "Time And Conditions": "about 2:00pm", "Civilian labor force": "26,656", "Nearest Town": "London", "Season": "Spring", "Class": "Class A", "Multiple Witnesses": "False", "jaccard_score": 0.0010801913481816778, "Forest cover rate": "48.6%", "Dte": "19", "Witness Count": "1.0", "City/Suburb/Town/Rural": "Town", "Number of lakes": "0-250", "County": "Laurel", "Year": "2007", "National Park Visitation Count": "3426868"}