{"Total Disasters": "8.0", "BigFoot Hotspot": "FALSE", "Unemployment_rate": "6.9", "Report Type": "Report", "State": "Virginia", "id": "343d1ddc-e6aa-4177-ada5-8d7d579be2c3", "Time And Conditions": "Around 8:55 pm.  The night was extremely clear.", "Civilian labor force": "36,558", "Nearest Town": "Williamsburg", "Season": "Fall", "Class": "Class A", "Multiple Witnesses": "True", "jaccard_score": 0.0010801913481816778, "Forest cover rate": "60.7%", "Dte": "5", "Witness Count": "4.0", "National Park Visitation Count": "13220955", "City/Suburb/Town/Rural": "City", "Month": "November", "County": "James City", "Year": "2020", "Number of lakes": "0-250"}