{"Total Disasters": "0.0", "BigFoot Hotspot": "FALSE", "Unemployment_rate": "5.9", "Report Type": "Report", "State": "Washington", "id": "343e8f75-ab7c-4f53-99ae-95a34742046f", "Time And Conditions": "Around 8am", "Civilian labor force": "47,843", "Nearest Town": "Lexington", "Season": "Fall", "Class": "Class A", "Multiple Witnesses": "False", "jaccard_score": 0.0010801913481816778, "Forest cover rate": "40.7%", "Dte": "8", "Witness Count": "2.0", "National Park Visitation Count": "7256946", "City/Suburb/Town/Rural": "City", "Month": "December", "County": "Cowlitz", "Year": "2019", "Number of lakes": "5001-10000"}