{"Total Disasters": "1.0", "BigFoot Hotspot": "FALSE", "Unemployment_rate": "8.7", "Report Type": "Report", "State": "Florida", "id": "344b2e59-dc27-4348-809a-7d07cbbe0ffe", "Time And Conditions": "day time clear sunny", "Civilian labor force": "151,770", "Nearest Town": "Everglades west of Broward County", "Season": "Winter", "Class": "Class A", "Multiple Witnesses": "False", "jaccard_score": 0.0010287536649349314, "Forest cover rate": "42.4%", "Dte": "11", "Witness Count": "1.0", "National Park Visitation Count": "11609978", "City/Suburb/Town/Rural": "City", "Month": "November", "County": "Collier", "Year": "2012", "Number of lakes": "over 2000"}