{"Total Disasters": "4.0", "BigFoot Hotspot": "FALSE", "Unemployment_rate": "4.7", "Report Type": "Report", "State": "Illinois", "id": "344cc2b4-30a1-455d-a693-0377c06d5809", "Time And Conditions": "2am-ish.  Snowing heavily but no wind, snow falling vertically and very cold.", "Civilian labor force": "35,551", "Nearest Town": "Marion", "Season": "Winter", "Class": "Class B", "Multiple Witnesses": "True", "jaccard_score": 0.0010287536649349314, "Forest cover rate": "11.5%", "Dte": "19", "Witness Count": "4.0", "National Park Visitation Count": "", "City/Suburb/Town/Rural": "City", "Month": "September", "County": "Williamson", "Year": "2006", "Number of lakes": "0-250"}