{"Number of lakes": "0-250", "Total Disasters": "1.0", "BigFoot Hotspot": "FALSE", "Unemployment_rate": "4.1", "Report Type": "Report", "State": "West Virginia", "id": "344cb8d2-0721-4f78-849e-863a32b8693f", "Time And Conditions": "Weather clear, mostly calm winds at that time. Probably about 30 to maybe 40 degrees.", "Civilian labor force": "3,771", "Nearest Town": "Onego", "Season": "Fall", "Class": "Class B", "Multiple Witnesses": "False", "jaccard_score": 0.0010801913481816778, "Forest cover rate": "77.2%", "Dte": "4", "Witness Count": "0.0", "City/Suburb/Town/Rural": "Rural", "Month": "June", "County": "Pendleton", "Year": "2004", "National Park Visitation Count": ""}