{"Total Disasters": "1.0", "BigFoot Hotspot": "FALSE", "Unemployment_rate": "9.7", "Report Type": "Report", "State": "California", "Month": "October", "id": "344ca8c0-8dd3-470d-81b3-076e895dda39", "Time And Conditions": "The incident occurred at about 10:30pm on a very clear summer night.  There was a very large moon in the sky.  The lighting by our campsite was from our campfire.  We built it very large before going to bed, because the sound was so unusual, we hoped the fire would keep it away.", "Civilian labor force": "5,104", "Nearest Town": "Ruth, California", "Season": "Summer", "Class": "Class B", "Multiple Witnesses": "False", "jaccard_score": 0.0010801913481816778, "Forest cover rate": "17.8%", "Dte": "28", "Witness Count": "2.0", "City/Suburb/Town/Rural": "Town", "Number of lakes": "2501-5000", "County": "Trinity", "Year": "2000", "National Park Visitation Count": "34410505"}