{"Number of lakes": "over 2000", "Total Disasters": "0.0", "BigFoot Hotspot": "FALSE", "Unemployment_rate": "8.4", "Report Type": "Report", "State": "Michigan", "id": "344e7b05-b478-4185-8a0b-3d550d912663", "Time And Conditions": "day break low at best cold and crisp ground was crunchy", "Civilian labor force": "12,973", "Nearest Town": "cheboygan", "Season": "Fall", "Class": "Class B", "Multiple Witnesses": "False", "jaccard_score": 0.0010801913481816778, "Forest cover rate": "51.2%", "Dte": "13", "Witness Count": "2.0", "City/Suburb/Town/Rural": "Rural", "Month": "December", "County": "Cheboygan", "Year": "2000", "National Park Visitation Count": "1112407"}