{"Total Disasters": "4.0", "BigFoot Hotspot": "FALSE", "Unemployment_rate": "", "Report Type": "Report", "State": "Virginia", "id": "345672c9-7f36-404a-ba74-fadb8a1e843c", "Time And Conditions": "Around 2:30-3:00AM", "Civilian labor force": "", "Nearest Town": "", "Season": "Summer", "Class": "Class B", "Multiple Witnesses": "False", "jaccard_score": 0.0009258782984414382, "Forest cover rate": "60.7%", "Dte": "28", "Witness Count": "0.0", "National Park Visitation Count": "14502384", "City/Suburb/Town/Rural": "", "Month": "July", "County": "Surry", "Year": "1999", "Number of lakes": "0-250"}