{"Total Disasters": "0.0", "BigFoot Hotspot": "FALSE", "Unemployment_rate": "7.2", "Report Type": "Report", "State": "California", "id": "34564f77-b15b-485f-b7c0-858118e0c630", "Time And Conditions": "During the first sighting, late 1970\u0092s, time was dusk, and it was summer.  During the second sighting, late 1990\u0092s, it was a nice warm summer day, well lit, with no clouds or rain.", "Civilian labor force": "81,760", "Nearest Town": "Redding, California", "Season": "Summer", "Class": "Class A", "Multiple Witnesses": "False", "jaccard_score": 0.0010287536649349314, "Forest cover rate": "17.8%", "Dte": "29", "Witness Count": "0.0", "National Park Visitation Count": "", "City/Suburb/Town/Rural": "City", "Month": "April", "County": "Shasta", "Year": "2005", "Number of lakes": "2501-5000"}