{"Total Disasters": "2.0", "BigFoot Hotspot": "FALSE", "Unemployment_rate": "4.5", "Report Type": "Report", "State": "Pennsylvania", "id": "346c4d64-b3fb-4891-b8e1-0df2d0336fc8", "Time And Conditions": "Incident occured somewhere between the hours of 9-11 pm. Night skys were to best of my memory clear; don't remember it as being very humid at all as most summers around here are. It could have been I'm just not sure due to the long period of time ago that this happened.", "Civilian labor force": "214,949", "Nearest Town": "York; more specifically Manchester twp.", "Season": "Summer", "Class": "Class B", "Multiple Witnesses": "True", "jaccard_score": 0.0010801913481816778, "Forest cover rate": "55.3%", "Dte": "14", "Witness Count": "3.0", "National Park Visitation Count": "", "City/Suburb/Town/Rural": "City", "Month": "February", "County": "York", "Year": "2004", "Number of lakes": "251-500"}