{"Total Disasters": "2.0", "BigFoot Hotspot": "FALSE", "Unemployment_rate": "3.6", "Report Type": "Report", "State": "Colorado", "id": "3470dabc-2b82-4059-ae56-035bdf1794ee", "Time And Conditions": "When we saw the creature it was about 1:40 p.m. It was cloudy, and starting to drizzle rain.", "Civilian labor force": "7,205", "Nearest Town": "Blanca, Colorado 81123", "Season": "Summer", "Class": "Class A", "Multiple Witnesses": "True", "jaccard_score": 0.0010801913481816778, "Forest cover rate": "17.5%", "Dte": "24", "Witness Count": "4.0", "National Park Visitation Count": "5934519", "City/Suburb/Town/Rural": "Rural", "Month": "September", "County": "Alamosa", "Year": "2000", "Number of lakes": "501-1500"}