{"Number of lakes": "2501-5000", "Total Disasters": "0.0", "BigFoot Hotspot": "FALSE", "Unemployment_rate": "10.7", "Report Type": "Report", "State": "California", "id": "347b2176-7c8e-4c93-ad8c-aa0e6a058262", "Time And Conditions": "about 2 p.m., very well lit canyon", "Civilian labor force": "388,896", "Nearest Town": "Fresno", "Season": "Fall", "Class": "Class A", "Multiple Witnesses": "False", "jaccard_score": 0.0010287536649349314, "Forest cover rate": "17.8%", "Dte": "2", "Witness Count": "2.0", "City/Suburb/Town/Rural": "City", "Month": "January", "County": "Fresno", "Year": "2001", "National Park Visitation Count": "35439030"}