{"Total Disasters": "2.0", "BigFoot Hotspot": "FALSE", "Unemployment_rate": "", "Report Type": "Report", "State": "Ohio", "id": "347c8f03-1f24-4fbb-b1ba-9b946dc02c5c", "Time And Conditions": "", "Civilian labor force": "", "Nearest Town": "Vincent", "Season": "Summer", "Class": "Class A", "Multiple Witnesses": "False", "jaccard_score": 0.0008744406151946916, "Forest cover rate": "28.9%", "Dte": "9", "Witness Count": "0.0", "National Park Visitation Count": "", "City/Suburb/Town/Rural": "", "Month": "August", "County": "Washington", "Year": "1998", "Number of lakes": "0-250"}