{"Total Disasters": "2.0", "BigFoot Hotspot": "FALSE", "Unemployment_rate": "", "Report Type": "Report", "State": "West Virginia", "Month": "February", "id": "347fde92-82d5-4412-993b-2c4ba31d7479", "Time And Conditions": "", "Civilian labor force": "", "Nearest Town": "", "Season": "Winter", "Class": "Class B", "Multiple Witnesses": "False", "jaccard_score": 0.0008230029319479451, "Forest cover rate": "77.2%", "Dte": "10", "Witness Count": "2.0", "City/Suburb/Town/Rural": "", "Number of lakes": "0-250", "County": "Nicholas", "Year": "1998", "National Park Visitation Count": "1885202"}