{"Total Disasters": "9.0", "BigFoot Hotspot": "FALSE", "Unemployment_rate": "5.0", "Report Type": "Report", "State": "Texas", "id": "348c3fda-bb99-43de-ae45-3905e82203e3", "Time And Conditions": "Almost full moon, 90 degrees, dry and clear.", "Civilian labor force": "3,857", "Nearest Town": "Jacksboro", "Season": "Summer", "Class": "Class B", "Multiple Witnesses": "True", "jaccard_score": 0.0010801913481816778, "Forest cover rate": "7%", "Dte": "21", "Witness Count": "4.0", "National Park Visitation Count": "5363239", "City/Suburb/Town/Rural": "Rural", "Month": "July", "County": "Jack", "Year": "2016", "Number of lakes": "5001-10000"}