{"Total Disasters": "1.0", "BigFoot Hotspot": "FALSE", "Unemployment_rate": "7.4", "Report Type": "Report", "State": "North Carolina", "Month": "February", "id": "3494421c-b8d5-495c-a6aa-7a69c989b0f8", "Time And Conditions": "Early morning", "Civilian labor force": "47,833", "Nearest Town": "Casar", "Season": "Winter", "Class": "Class A", "Multiple Witnesses": "True", "jaccard_score": 0.0010801913481816778, "Forest cover rate": "59.9%", "Dte": "12", "Witness Count": "6.0", "City/Suburb/Town/Rural": "Suburb", "Number of lakes": "0-250", "County": "Cleveland", "Year": "2005", "National Park Visitation Count": ""}