{"Total Disasters": "1.0", "BigFoot Hotspot": "FALSE", "Unemployment_rate": "17.9", "Report Type": "Report", "State": "Kentucky", "Month": "January", "id": "34978cb0-c534-4192-98a6-e4e58a64c18d", "Time And Conditions": "6:30 dusk", "Civilian labor force": "9,503", "Nearest Town": "Wallins", "Season": "Winter", "Class": "Class A", "Multiple Witnesses": "False", "jaccard_score": 0.0010801913481816778, "Forest cover rate": "48.6%", "Dte": "13", "Witness Count": "0.0", "City/Suburb/Town/Rural": "Rural", "Number of lakes": "0-250", "County": "Harlan", "Year": "2013", "National Park Visitation Count": "1426832"}