{"Total Disasters": "2.0", "BigFoot Hotspot": "FALSE", "Unemployment_rate": "9.4", "Report Type": "Report", "State": "Washington", "id": "34ce6d52-bb83-4268-bc77-492700c884fb", "Time And Conditions": "Everything took place through out the day. Very cold. Typical winter day.", "Civilian labor force": "19,846", "Nearest Town": "molson", "Season": "Winter", "Class": "Class A", "Multiple Witnesses": "False", "jaccard_score": 0.0010287536649349314, "Forest cover rate": "40.7%", "Dte": "20", "Witness Count": "2.0", "National Park Visitation Count": "6436086", "City/Suburb/Town/Rural": "Town", "Month": "December", "County": "Okanogan", "Year": "2003", "Number of lakes": "5001-10000"}