{"Number of lakes": "5001-10000", "Total Disasters": "1.0", "BigFoot Hotspot": "FALSE", "Unemployment_rate": "5.3", "Report Type": "Report", "State": "Washington", "id": "34e52ec9-92df-4106-9f1e-ee93804335e8", "Time And Conditions": "1:00 PM in the afternoon.", "Civilian labor force": "239,651", "Nearest Town": "Spokane", "Season": "Winter", "Class": "Class B", "Multiple Witnesses": "False", "jaccard_score": 0.0010287536649349314, "Forest cover rate": "40.7%", "Dte": "9", "Witness Count": "2.0", "City/Suburb/Town/Rural": "City", "Month": "January", "County": "Spokane", "Year": "2017", "National Park Visitation Count": "8431926"}