{"Total Disasters": "0.0", "BigFoot Hotspot": "FALSE", "Unemployment_rate": "", "Report Type": "Report", "State": "Oregon", "id": "34e76c2a-ffc5-4317-a02c-97620faa338c", "Time And Conditions": "", "Civilian labor force": "", "Nearest Town": "", "Season": "Summer", "Class": "Class B", "Multiple Witnesses": "False", "jaccard_score": 0.0007715652487011985, "Forest cover rate": "38.8%", "Dte": "2", "Witness Count": "0.0", "National Park Visitation Count": "", "City/Suburb/Town/Rural": "", "Month": "February", "County": "Curry", "Year": "1998", "Number of lakes": "501-1500"}