{"Number of lakes": "over 2000", "Total Disasters": "2.0", "BigFoot Hotspot": "FALSE", "Unemployment_rate": "6.2", "Report Type": "Report", "State": "Michigan", "id": "34f85509-2f53-42b4-b41f-a7422697013b", "Time And Conditions": "First time during evening as said in report, clear and nice out. Next time was day, clear and moderate weather", "Civilian labor force": "17,051", "Nearest Town": "Gladstone/Escanaba, MI", "Season": "Fall", "Class": "Class B", "Multiple Witnesses": "False", "jaccard_score": 0.0010287536649349314, "Forest cover rate": "51.2%", "Dte": "24", "Witness Count": "2.0", "City/Suburb/Town/Rural": "Town", "Month": "January", "County": "Delta", "Year": "2017", "National Park Visitation Count": "2688322"}