{"Total Disasters": "3.0", "BigFoot Hotspot": "FALSE", "Unemployment_rate": "9.5", "Report Type": "Report", "State": "Michigan", "Month": "August", "id": "34fbfb47-26f1-47a1-87e2-3e0fa84d65fb", "Time And Conditions": "Rock throwing began about 9 pm.  Visual occurred about 10 pm, just after sunset.  Clear skies.", "Civilian labor force": "7,732", "Nearest Town": "Kalkaska, MI", "Season": "Summer", "Class": "Class A", "Multiple Witnesses": "False", "jaccard_score": 0.0010801913481816778, "Forest cover rate": "51.2%", "Dte": "31", "Witness Count": "2.0", "City/Suburb/Town/Rural": "Town", "Number of lakes": "over 2000", "County": "Kalkaska", "Year": "2014", "National Park Visitation Count": "1993139"}