{"Total Disasters": "1.0", "BigFoot Hotspot": "FALSE", "Unemployment_rate": "", "Report Type": "Report", "State": "Indiana", "Month": "June", "id": "35016bf1-a048-4a27-8ea0-3e8297fd70c7", "Time And Conditions": "", "Civilian labor force": "", "Nearest Town": "Dunkirk", "Season": "Summer", "Class": "Class B", "Multiple Witnesses": "False", "jaccard_score": 0.0009258782984414382, "Forest cover rate": "18.9%", "Dte": "1", "Witness Count": "0.0", "City/Suburb/Town/Rural": "", "Number of lakes": "0-250", "County": "Blackford", "Year": "1998", "National Park Visitation Count": "1922707"}