{"Number of lakes": "5001-10000", "Total Disasters": "1.0", "BigFoot Hotspot": "FALSE", "Unemployment_rate": "5.9", "Report Type": "Report", "State": "Washington", "id": "350c8eb2-180d-4285-a6d5-5532086589cc", "Time And Conditions": "About 1pm on a sunny, calm day with temps around 70 degrees.", "Civilian labor force": "17,511", "Nearest Town": "Easton", "Season": "Fall", "Class": "Class A", "Multiple Witnesses": "False", "jaccard_score": 0.0010801913481816778, "Forest cover rate": "40.7%", "Dte": "9", "Witness Count": "2.0", "City/Suburb/Town/Rural": "Suburb", "Month": "October", "County": "Kittitas", "Year": "2000", "National Park Visitation Count": "7275528"}