{"Total Disasters": "0.0", "BigFoot Hotspot": "FALSE", "Unemployment_rate": "", "Report Type": "Report", "State": "New Mexico", "Month": "July", "id": "353eaa58-cd76-4414-97e5-308487e2d8b7", "Time And Conditions": "", "Civilian labor force": "", "Nearest Town": "", "Season": "Summer", "Class": "Class B", "Multiple Witnesses": "False", "jaccard_score": 0.0008230029319479451, "Forest cover rate": "5.6%", "Dte": "1", "Witness Count": "0.0", "City/Suburb/Town/Rural": "", "Number of lakes": "501-1500", "County": "San Juan", "Year": "1998", "National Park Visitation Count": "2180832"}