{"Number of lakes": "2501-5000", "Total Disasters": "1.0", "BigFoot Hotspot": "TRUE", "Unemployment_rate": "8.0", "Report Type": "Report", "State": "California", "id": "35470206-95b4-47e6-909e-bd9ec3cb64f4", "Time And Conditions": "Approx 10PM", "Civilian labor force": "18,625", "Nearest Town": "Happy Camp", "Season": "Summer", "Class": "Class B", "Multiple Witnesses": "True", "jaccard_score": 0.0010801913481816778, "Forest cover rate": "17.8%", "Dte": "17", "Witness Count": "3.0", "City/Suburb/Town/Rural": "Town", "Month": "February", "County": "Siskiyou", "Year": "2006", "National Park Visitation Count": ""}