{"Total Disasters": "9.0", "BigFoot Hotspot": "FALSE", "Unemployment_rate": "11.7", "Report Type": "Report", "State": "Illinois", "id": "35649015-aa59-478b-a1e1-588887c7e7a6", "Time And Conditions": "about 11pm, dark with very little moonlight, slight breeze", "Civilian labor force": "55,846", "Nearest Town": "manteno,il", "Season": "Summer", "Class": "Class B", "Multiple Witnesses": "True", "jaccard_score": 0.0010801913481816778, "Forest cover rate": "11.5%", "Dte": "7", "Witness Count": "4.0", "National Park Visitation Count": "296214", "City/Suburb/Town/Rural": "City", "Month": "July", "County": "Kankakee", "Year": "2011", "Number of lakes": "0-250"}