{"Total Disasters": "3.0", "BigFoot Hotspot": "FALSE", "Unemployment_rate": "2.9", "Report Type": "Report", "State": "Nebraska", "id": "3571fde3-c3a3-4c63-afa9-b0eeb092091f", "Time And Conditions": "I had the Bigfoot sighting On the night of July 4th 1996 at about 02:00 on the actual date of the 5th.  I saw the bigfoot in the high beams of my pickup truck, and I remember quite a bit of  moontight also.  (Full moon on July 1 1996, www.moonphases.info/past_full_moon_dates_calendar.html)", "Civilian labor force": "4,817", "Nearest Town": "Crawford", "Season": "Summer", "Class": "Class A", "Multiple Witnesses": "False", "jaccard_score": 0.0010801913481816778, "Forest cover rate": "1.8%", "Dte": "31", "Witness Count": "1.0", "National Park Visitation Count": "185117", "City/Suburb/Town/Rural": "Rural", "Month": "December", "County": "Dawes", "Year": "2008", "Number of lakes": "0-250"}