{"Number of lakes": "1501-2500", "Total Disasters": "4.0", "BigFoot Hotspot": "FALSE", "Unemployment_rate": "4.4", "Report Type": "Report", "State": "Arkansas", "id": "3578798a-8c93-450d-bc1a-5f6c9d003bd1", "Time And Conditions": "8:00 PM Central DST", "Civilian labor force": "5,410", "Nearest Town": "Elaine, AR  10 miles away", "Season": "Summer", "Class": "Class A", "Multiple Witnesses": "False", "jaccard_score": 0.0010801913481816778, "Forest cover rate": "55.1%", "Dte": "31", "Witness Count": "2.0", "City/Suburb/Town/Rural": "Town", "Month": "December", "County": "Desha", "Year": "2019", "National Park Visitation Count": "2040920"}