{"Number of lakes": "5001-10000", "Total Disasters": "0.0", "BigFoot Hotspot": "TRUE", "Unemployment_rate": "4.6", "Report Type": "Report", "State": "Washington", "id": "357f518d-1112-42c2-a045-7b1bcc1db073", "Time And Conditions": "4:00 AM", "Civilian labor force": "1,000,772", "Nearest Town": "North Bend", "Season": "Summer", "Class": "Class B", "Multiple Witnesses": "False", "jaccard_score": 0.0010287536649349314, "Forest cover rate": "40.7%", "Dte": "23", "Witness Count": "0.0", "City/Suburb/Town/Rural": "City", "Month": "February", "County": "King", "Year": "2001", "National Park Visitation Count": "7423179"}