{"Total Disasters": "2.0", "BigFoot Hotspot": "FALSE", "Unemployment_rate": "2.7", "Report Type": "Report", "State": "South Carolina", "id": "35899254-32e1-43f7-97c8-95ed2d1404cf", "Time And Conditions": "", "Civilian labor force": "202,757", "Nearest Town": "Marietta", "Season": "Summer", "Class": "Class B", "Multiple Witnesses": "True", "jaccard_score": 0.0010287536649349314, "Forest cover rate": "63.8%", "Dte": "8", "Witness Count": "4.0", "National Park Visitation Count": "", "City/Suburb/Town/Rural": "City", "Month": "January", "County": "Greenville", "Year": "2000", "Number of lakes": "0-250"}