{"Total Disasters": "5.0", "BigFoot Hotspot": "FALSE", "Unemployment_rate": "9.4", "Report Type": "Report", "State": "Illinois", "Month": "May", "id": "3591e69f-b7d2-4ea8-b497-1db4065d19a0", "Time And Conditions": "3 a.m.", "Civilian labor force": "23,450", "Nearest Town": "Shipman", "Season": "Spring", "Class": "Class B", "Multiple Witnesses": "False", "jaccard_score": 0.0010801913481816778, "Forest cover rate": "11.5%", "Dte": "3", "Witness Count": "0.0", "City/Suburb/Town/Rural": "City", "Number of lakes": "0-250", "County": "Macoupin", "Year": "2013", "National Park Visitation Count": "295464"}