{"Total Disasters": "1.0", "BigFoot Hotspot": "FALSE", "Unemployment_rate": "3.2", "Report Type": "Report", "State": "Oklahoma", "id": "359d3064-17a6-4532-a35e-12b3897d1219", "Time And Conditions": "The weather was clear, sunny and hot, around 3 PM.", "Civilian labor force": "5,823", "Nearest Town": "Burns Flat", "Season": "Fall", "Class": "Class A", "Multiple Witnesses": "False", "jaccard_score": 0.0010801913481816778, "Forest cover rate": "14.2%", "Dte": "14", "Witness Count": "2.0", "National Park Visitation Count": "", "City/Suburb/Town/Rural": "Rural", "Month": "November", "County": "Washita", "Year": "2004", "Number of lakes": "0-250"}