{"Total Disasters": "2.0", "BigFoot Hotspot": "FALSE", "Unemployment_rate": "6.5", "Report Type": "Report", "State": "California", "id": "35bfc146-4b06-41a6-abee-bf7693270dea", "Time And Conditions": "Hot sunny midday", "Civilian labor force": "8,715", "Nearest Town": "Yosemite Village", "Season": "Summer", "Class": "Class B", "Multiple Witnesses": "False", "jaccard_score": 0.0010801913481816778, "Forest cover rate": "17.8%", "Dte": "17", "Witness Count": "1.0", "National Park Visitation Count": "35895899", "City/Suburb/Town/Rural": "Rural", "Month": "September", "County": "Mariposa", "Year": "2002", "Number of lakes": "2501-5000"}