{"Total Disasters": "1.0", "BigFoot Hotspot": "FALSE", "Unemployment_rate": "", "Report Type": "Report", "State": "Missouri", "Month": "November", "id": "35e885cd-3da4-4444-91d7-ae291b69438c", "Time And Conditions": "", "Civilian labor force": "", "Nearest Town": "", "Season": "Fall", "Class": "Class B", "Multiple Witnesses": "True", "jaccard_score": 0.0008744406151946916, "Forest cover rate": "30.3%", "Dte": "22", "Witness Count": "3.0", "City/Suburb/Town/Rural": "", "Number of lakes": "0-250", "County": "Henry", "Year": "1998", "National Park Visitation Count": "5261780"}