{"Total Disasters": "6.0", "BigFoot Hotspot": "FALSE", "Unemployment_rate": "7.0", "Report Type": "Report", "State": "Missouri", "Month": "October", "id": "35fde7ed-caf1-409d-8c2c-ddf40bff9871", "Time And Conditions": "Beautiful bright comfortable temperature", "Civilian labor force": "7,369", "Nearest Town": "Grovesprings", "Season": "Fall", "Class": "Class A", "Multiple Witnesses": "False", "jaccard_score": 0.0010801913481816778, "Forest cover rate": "30.3%", "Dte": "9", "Witness Count": "1.0", "City/Suburb/Town/Rural": "Town", "Number of lakes": "0-250", "County": "Wright", "Year": "2020", "National Park Visitation Count": "2141327"}