{"Number of lakes": "5001-10000", "Total Disasters": "0.0", "BigFoot Hotspot": "TRUE", "Unemployment_rate": "6.5", "Report Type": "Report", "State": "Washington", "id": "36002d16-2d23-467e-823a-c621a53137ce", "Time And Conditions": "", "Civilian labor force": "340,339", "Nearest Town": "Sumner", "Season": "Fall", "Class": "Class A", "Multiple Witnesses": "False", "jaccard_score": 0.0009773159816881848, "Forest cover rate": "40.7%", "Dte": "10", "Witness Count": "0.0", "City/Suburb/Town/Rural": "City", "Month": "February", "County": "Pierce", "Year": "2001", "National Park Visitation Count": ""}