{"Total Disasters": "1.0", "BigFoot Hotspot": "FALSE", "Unemployment_rate": "10.0", "Report Type": "Report", "State": "Oregon", "id": "3603b563-0a3a-44e9-9f61-71b57efe17f5", "Time And Conditions": "in the morning around 8 am it was light out and Im not sure about conditions I believe it was partly cloudy the first day and a little rain the second day", "Civilian labor force": "7,599", "Nearest Town": "baker city", "Season": "Fall", "Class": "Class B", "Multiple Witnesses": "True", "jaccard_score": 0.0010801913481816778, "Forest cover rate": "38.8%", "Dte": "4", "Witness Count": "3.0", "National Park Visitation Count": "939732", "City/Suburb/Town/Rural": "Rural", "Month": "July", "County": "Baker", "Year": "2009", "Number of lakes": "501-1500"}