{"Total Disasters": "2.0", "BigFoot Hotspot": "FALSE", "Unemployment_rate": "13.2", "Report Type": "Report", "State": "California", "id": "360950f4-e8f7-4569-b22b-8de0487235be", "Time And Conditions": "2:30 am to 3:00 am", "Civilian labor force": "862,804", "Nearest Town": "Big Bear City", "Season": "Summer", "Class": "Class B", "Multiple Witnesses": "True", "jaccard_score": 0.0010801913481816778, "Forest cover rate": "17.8%", "Dte": "6", "Witness Count": "4.0", "National Park Visitation Count": "34374981", "City/Suburb/Town/Rural": "City", "Month": "August", "County": "San Bernardino", "Year": "2009", "Number of lakes": "2501-5000"}