{"Total Disasters": "0.0", "BigFoot Hotspot": "FALSE", "Unemployment_rate": "", "Report Type": "Report", "State": "Kentucky", "Month": "January", "id": "3615f869-1dd2-41f2-af90-78fa97e01252", "Time And Conditions": "4:00 or 5:00 AM", "Civilian labor force": "", "Nearest Town": "Maysville", "Season": "Winter", "Class": "Class A", "Multiple Witnesses": "False", "jaccard_score": 0.0009258782984414382, "Forest cover rate": "48.6%", "Dte": "1", "Witness Count": "0.0", "City/Suburb/Town/Rural": "", "Number of lakes": "0-250", "County": "Mason", "Year": "1995", "National Park Visitation Count": "2220527"}