{"Total Disasters": "2.0", "BigFoot Hotspot": "FALSE", "Unemployment_rate": "7.1", "Report Type": "Report", "State": "New Mexico", "id": "3622de70-d4d3-408f-9bcd-aa4b64243ab6", "Time And Conditions": "It was dark. Around 6 pm. Weather was clear", "Civilian labor force": "6,248", "Nearest Town": "San antonio nm", "Season": "Winter", "Class": "Class A", "Multiple Witnesses": "False", "jaccard_score": 0.0010287536649349314, "Forest cover rate": "5.6%", "Dte": "21", "Witness Count": "2.0", "National Park Visitation Count": "2004642", "City/Suburb/Town/Rural": "Town", "Month": "September", "County": "Socorro", "Year": "2020", "Number of lakes": "501-1500"}