{"Number of lakes": "5001-10000", "Total Disasters": "2.0", "BigFoot Hotspot": "TRUE", "Unemployment_rate": "9.2", "Report Type": "Report", "State": "Washington", "id": "36327d20-86c5-48d2-baf4-5408aaa87090", "Time And Conditions": "9:30 AM", "Civilian labor force": "5,515", "Nearest Town": "Cougar WA", "Season": "Fall", "Class": "Class B", "Multiple Witnesses": "False", "jaccard_score": 0.0010801913481816778, "Forest cover rate": "40.7%", "Dte": "24", "Witness Count": "1.0", "City/Suburb/Town/Rural": "City", "Month": "December", "County": "Skamania", "Year": "2020", "National Park Visitation Count": "7305725"}