{"Number of lakes": "5001-10000", "Total Disasters": "0.0", "BigFoot Hotspot": "FALSE", "Unemployment_rate": "6.0", "Report Type": "Report", "State": "Washington", "id": "36378c10-d77c-4165-816b-034237142f39", "Time And Conditions": "unknown time, weather was very clear and warm, second full moon of the month, a blue moon.", "Civilian labor force": "118,044", "Nearest Town": "Port Orchard", "Season": "Summer", "Class": "Class B", "Multiple Witnesses": "False", "jaccard_score": 0.0010287536649349314, "Forest cover rate": "40.7%", "Dte": "3", "Witness Count": "0.0", "City/Suburb/Town/Rural": "City", "Month": "August", "County": "Kitsap", "Year": "2004", "National Park Visitation Count": "7019800"}