{"Number of lakes": "5001-10000", "Total Disasters": "2.0", "BigFoot Hotspot": "TRUE", "Unemployment_rate": "6.6", "Report Type": "Report", "State": "Washington", "id": "36591c46-09b3-41bf-8973-3d31292f5946", "Time And Conditions": "", "Civilian labor force": "335,148", "Nearest Town": "Index WA.", "Season": "Summer", "Class": "Class B", "Multiple Witnesses": "False", "jaccard_score": 0.0010801913481816778, "Forest cover rate": "40.7%", "Dte": "24", "Witness Count": "1.0", "City/Suburb/Town/Rural": "City", "Month": "June", "County": "Snohomish", "Year": "2003", "National Park Visitation Count": "7123463"}