{"Number of lakes": "over 2000", "Total Disasters": "0.0", "BigFoot Hotspot": "FALSE", "Unemployment_rate": "4.2", "Report Type": "Report", "State": "Minnesota", "id": "365dece1-6c17-4823-848b-921ea6bc916f", "Time And Conditions": "day and night. clear conditions.", "Civilian labor force": "11,946", "Nearest Town": "Spring Valley", "Season": "Spring", "Class": "Class A", "Multiple Witnesses": "False", "jaccard_score": 0.0010801913481816778, "Forest cover rate": "28.9%", "Dte": "24", "Witness Count": "2.0", "City/Suburb/Town/Rural": "City", "Month": "May", "County": "Fillmore", "Year": "2002", "National Park Visitation Count": "392012"}