{"Total Disasters": "6.0", "BigFoot Hotspot": "FALSE", "Unemployment_rate": "7.7", "Report Type": "Report", "State": "Missouri", "Month": "February", "id": "366867c3-a11a-4074-bb30-6bcb86ad4be8", "Time And Conditions": "It was around 11pm and was clear out and above average temp for February in Missouri probably 45 degrees", "Civilian labor force": "352,116", "Nearest Town": "Grain Valley", "Season": "Winter", "Class": "Class B", "Multiple Witnesses": "False", "jaccard_score": 0.0010801913481816778, "Forest cover rate": "30.3%", "Dte": "18", "Witness Count": "2.0", "City/Suburb/Town/Rural": "City", "Number of lakes": "0-250", "County": "Jackson", "Year": "2013", "National Park Visitation Count": "3888912"}