{"Total Disasters": "1.0", "BigFoot Hotspot": "FALSE", "Unemployment_rate": "3.8", "Report Type": "Report", "State": "Florida", "id": "36790e17-f9ea-4e24-b460-68aef988fc58", "Time And Conditions": "It was after Sunset.  Typical FL weather, humid, but not too hot.", "Civilian labor force": "46,452", "Nearest Town": "North Key Largo", "Season": "Summer", "Class": "Class B", "Multiple Witnesses": "True", "jaccard_score": 0.0010801913481816778, "Forest cover rate": "42.4%", "Dte": "24", "Witness Count": "3.0", "National Park Visitation Count": "", "City/Suburb/Town/Rural": "Suburb", "Month": "July", "County": "Monroe", "Year": "2008", "Number of lakes": "over 2000"}