{"Total Disasters": "4.0", "BigFoot Hotspot": "FALSE", "Unemployment_rate": "6.1", "Report Type": "Report", "State": "Missouri", "Month": "May", "id": "368529db-f0ce-4311-ae0e-25804cbe2880", "Time And Conditions": "first sighting was a clear fall evening ,second sighting was clear fall day", "Civilian labor force": "524,683", "Nearest Town": "St. Charles", "Season": "Fall", "Class": "Class A", "Multiple Witnesses": "False", "jaccard_score": 0.0010801913481816778, "Forest cover rate": "30.3%", "Dte": "21", "Witness Count": "1.0", "City/Suburb/Town/Rural": "City", "Number of lakes": "0-250", "County": "St. Louis", "Year": "2008", "National Park Visitation Count": ""}