{"Total Disasters": "0.0", "BigFoot Hotspot": "FALSE", "Unemployment_rate": "5.7", "Report Type": "Report", "State": "California", "Month": "February", "id": "368594d2-8424-4d01-a63f-6f0daccc33f4", "Time And Conditions": "Clear wheather, 11:00 p.m. during a new moon phase. only lighting was starlite", "Civilian labor force": "4,729,827", "Nearest Town": "Azusa", "Season": "Fall", "Class": "Class B", "Multiple Witnesses": "False", "jaccard_score": 0.0010801913481816778, "Forest cover rate": "17.8%", "Dte": "4", "Witness Count": "1.0", "City/Suburb/Town/Rural": "City", "Number of lakes": "2501-5000", "County": "Los Angeles", "Year": "2001", "National Park Visitation Count": ""}