{"Total Disasters": "1.0", "BigFoot Hotspot": "FALSE", "Unemployment_rate": "4.4", "Report Type": "Report", "State": "Ohio", "id": "3693f291-2172-4ed2-b3fe-8627eaa66e5a", "Time And Conditions": "It was approximately 10:00 PM. It was clear weather and I could see it with the light provided by the headlights.", "Civilian labor force": "92,208", "Nearest Town": "Medina", "Season": "Fall", "Class": "Class A", "Multiple Witnesses": "False", "jaccard_score": 0.0010287536649349314, "Forest cover rate": "28.9%", "Dte": "22", "Witness Count": "0.0", "National Park Visitation Count": "1639393", "City/Suburb/Town/Rural": "City", "Month": "February", "County": "Medina", "Year": "2005", "Number of lakes": "0-250"}