{"Total Disasters": "0.0", "BigFoot Hotspot": "FALSE", "Unemployment_rate": "7.6", "Report Type": "Report", "State": "Washington", "id": "369de8b4-35ba-4730-8062-69c788931f7a", "Time And Conditions": "Around 10:30 PM, very dark, but back lighting from a street light type lamp.", "Civilian labor force": "41,049", "Nearest Town": "Lake Chelan WA", "Season": "Summer", "Class": "Class B", "Multiple Witnesses": "True", "jaccard_score": 0.0010801913481816778, "Forest cover rate": "40.7%", "Dte": "29", "Witness Count": "9.0", "National Park Visitation Count": "", "City/Suburb/Town/Rural": "City", "Month": "December", "County": "Chelan", "Year": "2011", "Number of lakes": "5001-10000"}