{"Number of lakes": "over 2000", "Total Disasters": "4.0", "BigFoot Hotspot": "FALSE", "Unemployment_rate": "8.6", "Report Type": "Report", "State": "Minnesota", "id": "369d510e-76d5-4459-924c-6289222f6717", "Time And Conditions": "off and on from11:00-1:00 lots of moonlight calm and quiet almost no wind perfect for listening", "Civilian labor force": "14,121", "Nearest Town": "nimrod", "Season": "Summer", "Class": "Class B", "Multiple Witnesses": "True", "jaccard_score": 0.0010287536649349314, "Forest cover rate": "28.9%", "Dte": "14", "Witness Count": "4.0", "City/Suburb/Town/Rural": "Town", "Month": "August", "County": "Cass", "Year": "2008", "National Park Visitation Count": "379045"}