{"Total Disasters": "1.0", "BigFoot Hotspot": "FALSE", "Unemployment_rate": "", "Report Type": "Report", "State": "Ohio", "id": "36ceb1cb-48c7-4aad-ae3e-f4de74e55756", "Time And Conditions": "", "Civilian labor force": "", "Nearest Town": "", "Season": "Fall", "Class": "Class A", "Multiple Witnesses": "False", "jaccard_score": 0.0008744406151946916, "Forest cover rate": "28.9%", "Dte": "9", "Witness Count": "2.0", "National Park Visitation Count": "1596307", "City/Suburb/Town/Rural": "", "Month": "October", "County": "Ashland", "Year": "1997", "Number of lakes": "0-250"}