{"Total Disasters": "1.0", "BigFoot Hotspot": "FALSE", "Unemployment_rate": "5.6", "Report Type": "Report", "State": "Iowa", "Month": "October", "id": "36d51a6a-9c29-45b2-a113-ada7c8cdee62", "Time And Conditions": "4:30-5:00 pm", "Civilian labor force": "12,262", "Nearest Town": "Cresco, ia", "Season": "Fall", "Class": "Class B", "Multiple Witnesses": "False", "jaccard_score": 0.0010287536649349314, "Forest cover rate": "5.4%", "Dte": "26", "Witness Count": "1.0", "City/Suburb/Town/Rural": "Rural", "Number of lakes": "0-250", "County": "Winneshiek", "Year": "2010", "National Park Visitation Count": "222295"}