{"Number of lakes": "over 2000", "Total Disasters": "4.0", "BigFoot Hotspot": "FALSE", "Unemployment_rate": "9.3", "Report Type": "Report", "State": "Michigan", "id": "000e1787-cbd1-4ab5-9e26-61ca290bc330", "Time And Conditions": "night-full moon- calm, clear", "Civilian labor force": "17,164", "Nearest Town": "caseville", "Season": "Summer", "Class": "Class A", "Multiple Witnesses": "True", "jaccard_score": 0.0010801913481816778, "Forest cover rate": "51.2%", "Dte": "15", "Witness Count": "5.0", "City/Suburb/Town/Rural": "Rural", "Month": "January", "County": "Huron", "Year": "2003", "National Park Visitation Count": ""}