{"Total Disasters": "9.0", "BigFoot Hotspot": "FALSE", "Unemployment_rate": "9.6", "Report Type": "Report", "State": "Illinois", "id": "00256578-d670-483b-8967-4281b08abd05", "Time And Conditions": "Around 4:30 p.m.", "Civilian labor force": "16,845", "Nearest Town": "Taylorville", "Season": "Fall", "Class": "Class A", "Multiple Witnesses": "False", "jaccard_score": 0.0010801913481816778, "Forest cover rate": "11.5%", "Dte": "10", "Witness Count": "0.0", "National Park Visitation Count": "335473", "City/Suburb/Town/Rural": "Suburb", "Month": "January", "County": "Christian", "Year": "2011", "Number of lakes": "0-250"}