{"Total Disasters": "1.0", "BigFoot Hotspot": "TRUE", "Unemployment_rate": "5.8", "Report Type": "Report", "State": "California", "Month": "October", "id": "003c46dc-4134-4764-bba3-d75887973d3a", "Time And Conditions": "2 am Tuesday the 25th of Sept. 2001. Clear conditions, very cold (probably about 35 degrees). Elev. is about 6500 ft. I don't recall if there was any moon, but skies were clear - all stars visible.", "Civilian labor force": "25,847", "Nearest Town": "Dardanelle, CA", "Season": "Fall", "Class": "Class B", "Multiple Witnesses": "False", "jaccard_score": 0.0010801913481816778, "Forest cover rate": "17.8%", "Dte": "31", "Witness Count": "2.0", "City/Suburb/Town/Rural": "Suburb", "Number of lakes": "2501-5000", "County": "Tuolumne", "Year": "2006", "National Park Visitation Count": "32554774"}