{"Total Disasters": "3.0", "BigFoot Hotspot": "FALSE", "Unemployment_rate": "9.8", "Report Type": "Report", "State": "Illinois", "id": "0041348f-6914-4ee3-b05a-cd4db13abc39", "Time And Conditions": "Evening, clear skies, warm.", "Civilian labor force": "11,199", "Nearest Town": "", "Season": "Summer", "Class": "Class B", "Multiple Witnesses": "True", "jaccard_score": 0.0010287536649349314, "Forest cover rate": "11.5%", "Dte": "19", "Witness Count": "3.0", "National Park Visitation Count": "354125", "City/Suburb/Town/Rural": "Town", "Month": "August", "County": "Shelby", "Year": "2010", "Number of lakes": "0-250"}