{"Total Disasters": "0.0", "BigFoot Hotspot": "FALSE", "Unemployment_rate": "10.7", "Report Type": "Report", "State": "Missouri", "Month": "February", "id": "004e11eb-549e-46b6-865b-3f6e58d481d9", "Time And Conditions": "clear cold night not a sound in the air.  the dock lights lit up the whole cove.", "Civilian labor force": "5,541", "Nearest Town": "williamsville , chaonia landing", "Season": "Winter", "Class": "Class B", "Multiple Witnesses": "True", "jaccard_score": 0.0010801913481816778, "Forest cover rate": "30.3%", "Dte": "5", "Witness Count": "3.0", "City/Suburb/Town/Rural": "Rural", "Number of lakes": "0-250", "County": "Wayne", "Year": "2010", "National Park Visitation Count": "4411018"}