{"Total Disasters": "1.0", "BigFoot Hotspot": "FALSE", "Unemployment_rate": "", "Report Type": "Report", "State": "Indiana", "Month": "April", "id": "0068350b-7743-49f3-b2c1-9da41d2771b6", "Time And Conditions": "", "Civilian labor force": "", "Nearest Town": "", "Season": "Winter", "Class": "Class A", "Multiple Witnesses": "False", "jaccard_score": 0.0008744406151946916, "Forest cover rate": "18.9%", "Dte": "11", "Witness Count": "0.0", "City/Suburb/Town/Rural": "", "Number of lakes": "0-250", "County": "Brown", "Year": "1998", "National Park Visitation Count": "2401204"}