{"Total Disasters": "2.0", "BigFoot Hotspot": "FALSE", "Unemployment_rate": "5.8", "Report Type": "Report", "State": "Arkansas", "Month": "May", "id": "0074bbc6-ded6-4357-be39-7c6e86414e99", "Time And Conditions": "about 11:00 p.m. and it was dark and the weather was clear.", "Civilian labor force": "4,124", "Nearest Town": "Kingsland", "Season": "Summer", "Class": "Class A", "Multiple Witnesses": "False", "jaccard_score": 0.0010287536649349314, "Forest cover rate": "55.1%", "Dte": "4", "Witness Count": "2.0", "City/Suburb/Town/Rural": "City", "Number of lakes": "1501-2500", "County": "Cleveland", "Year": "2007", "National Park Visitation Count": "2402262"}