{"Number of lakes": "5001-10000", "Total Disasters": "3.0", "BigFoot Hotspot": "FALSE", "Unemployment_rate": "7.3", "Report Type": "Report", "State": "Washington", "id": "007ca1e6-63d2-46a8-af8b-d639cc0e7ddc", "Time And Conditions": "About 10am.  The weather was a misty / drizzly morning.", "Civilian labor force": "25,494", "Nearest Town": "[Editor note: East side of the Olympic Mts. on private land south of Union]", "Season": "Fall", "Class": "Class A", "Multiple Witnesses": "False", "jaccard_score": 0.0010801913481816778, "Forest cover rate": "40.7%", "Dte": "13", "Witness Count": "2.0", "City/Suburb/Town/Rural": "Suburb", "Month": "February", "County": "Mason", "Year": "2008", "National Park Visitation Count": "6891951"}