{"Total Disasters": "3.0", "BigFoot Hotspot": "FALSE", "Unemployment_rate": "6.4", "Report Type": "Report", "State": "Virginia", "id": "00830494-ac1a-40c5-98c9-24b5ee0851ff", "Time And Conditions": "This was around 9:30 AM and was extreme over cast weather from a lingering storm over the last few days of rain.", "Civilian labor force": "27,384", "Nearest Town": "Wirtz", "Season": "Fall", "Class": "Class B", "Multiple Witnesses": "False", "jaccard_score": 0.0010801913481816778, "Forest cover rate": "60.7%", "Dte": "4", "Witness Count": "1.0", "National Park Visitation Count": "15745996", "City/Suburb/Town/Rural": "City", "Month": "October", "County": "Franklin", "Year": "2012", "Number of lakes": "0-250"}