{"Total Disasters": "0.0", "BigFoot Hotspot": "FALSE", "Unemployment_rate": "3.9", "Report Type": "Report", "State": "Oregon", "Month": "December", "id": "0085bb11-61ca-43e9-821d-d096d5d9296c", "Time And Conditions": "Clear, middle of day", "Civilian labor force": "96,470", "Nearest Town": "Tumalo", "Season": "Fall", "Class": "Class B", "Multiple Witnesses": "False", "jaccard_score": 0.0010801913481816778, "Forest cover rate": "38.8%", "Dte": "14", "Witness Count": "2.0", "City/Suburb/Town/Rural": "City", "Number of lakes": "501-1500", "County": "Deschutes", "Year": "2019", "National Park Visitation Count": "806125"}