{"Total Disasters": "1.0", "BigFoot Hotspot": "TRUE", "Unemployment_rate": "7.4", "Report Type": "Report", "State": "California", "id": "008d3c48-2242-451d-aa0d-3d7b631cba61", "Time And Conditions": "The incident occered in the early hours of the morning, approximately 4:30-5:00 am. The campground was barely lit with the light of false dawn, enough to make out individual trees and other camping areas.", "Civilian labor force": "19,128", "Nearest Town": "Weed", "Season": "Spring", "Class": "Class A", "Multiple Witnesses": "False", "jaccard_score": 0.0010801913481816778, "Forest cover rate": "17.8%", "Dte": "4", "Witness Count": "2.0", "National Park Visitation Count": "38935963", "City/Suburb/Town/Rural": "Town", "Month": "August", "County": "Siskiyou", "Year": "2000", "Number of lakes": "2501-5000"}