{"Total Disasters": "1.0", "BigFoot Hotspot": "FALSE", "Unemployment_rate": "12.7", "Report Type": "Report", "State": "Ohio", "id": "009d1627-f06c-4efe-8945-8e750e8904f2", "Time And Conditions": "it happened at night like 12 or 1 it was clear and warm with  moon light.", "Civilian labor force": "21,775", "Nearest Town": "Georgetown", "Season": "Summer", "Class": "Class A", "Multiple Witnesses": "False", "jaccard_score": 0.0010287536649349314, "Forest cover rate": "28.9%", "Dte": "13", "Witness Count": "1.0", "National Park Visitation Count": "1241129", "City/Suburb/Town/Rural": "City", "Month": "May", "County": "Brown", "Year": "2009", "Number of lakes": "0-250"}