{"Total Disasters": "0.0", "BigFoot Hotspot": "FALSE", "Unemployment_rate": "6.4", "Report Type": "Report", "State": "California", "id": "009e35f4-2a84-4329-9041-44b708c8021e", "Time And Conditions": "nice clear night", "Civilian labor force": "77,447", "Nearest Town": "Shingletown", "Season": "Summer", "Class": "Class B", "Multiple Witnesses": "False", "jaccard_score": 0.0010287536649349314, "Forest cover rate": "17.8%", "Dte": "22", "Witness Count": "0.0", "National Park Visitation Count": "36309158", "City/Suburb/Town/Rural": "City", "Month": "May", "County": "Shasta", "Year": "2001", "Number of lakes": "2501-5000"}