{"Number of lakes": "over 2000", "Total Disasters": "1.0", "BigFoot Hotspot": "FALSE", "Unemployment_rate": "4.1", "Report Type": "Report", "State": "Florida", "id": "00a12733-a2b6-41b1-9afa-0c26aac884c0", "Time And Conditions": "Just after twilight. The weather was hot and the skies were clear. We were in a canopy of small pines.", "Civilian labor force": "124,949", "Nearest Town": "The closest town would have been Naples. But we thought it was too far to lodge or get a meal.", "Season": "Spring", "Class": "Class A", "Multiple Witnesses": "False", "jaccard_score": 0.0010287536649349314, "Forest cover rate": "42.4%", "Dte": "22", "Witness Count": "1.0", "City/Suburb/Town/Rural": "City", "Month": "July", "County": "Collier", "Year": "2001", "National Park Visitation Count": ""}