{"Total Disasters": "2.0", "BigFoot Hotspot": "FALSE", "Unemployment_rate": "5.7", "Report Type": "Report", "State": "New York", "Month": "March", "id": "00a13063-3b38-4c99-9741-ac5a10bb78ca", "Time And Conditions": "ABOUT 6:30 AM...WAS DAYLIGHT..AND CLEAR", "Civilian labor force": "19,435", "Nearest Town": "MEDINA", "Season": "Spring", "Class": "Class A", "Multiple Witnesses": "False", "jaccard_score": 0.0010801913481816778, "Forest cover rate": "50.9%", "Dte": "7", "Witness Count": "0.0", "City/Suburb/Town/Rural": "City", "Number of lakes": "5001-10000", "County": "Orleans", "Year": "2007", "National Park Visitation Count": "17579776"}