{"Total Disasters": "6.0", "BigFoot Hotspot": "FALSE", "Unemployment_rate": "8.3", "Report Type": "Report", "State": "North Carolina", "Month": "December", "id": "00a11912-8288-4a84-92ab-7708ee47ed05", "Time And Conditions": "About 1:00 AM on a Sunday morning.", "Civilian labor force": "63,019", "Nearest Town": "Holly Ridge, NC", "Season": "Fall", "Class": "Class A", "Multiple Witnesses": "False", "jaccard_score": 0.0010801913481816778, "Forest cover rate": "59.9%", "Dte": "17", "Witness Count": "1.0", "City/Suburb/Town/Rural": "City", "Number of lakes": "0-250", "County": "Onslow", "Year": "2011", "National Park Visitation Count": "18053842"}