{"Total Disasters": "1.0", "BigFoot Hotspot": "FALSE", "Unemployment_rate": "14.9", "Report Type": "Report", "State": "Arizona", "Month": "March", "id": "00a74c96-97b1-418a-ad04-48793ba1aec6", "Time And Conditions": "Late afternoon 3-4 p.m.", "Civilian labor force": "41,145", "Nearest Town": "Cibecue, AZ", "Season": "Winter", "Class": "Class B", "Multiple Witnesses": "False", "jaccard_score": 0.0010287536649349314, "Forest cover rate": "4.8%", "Dte": "12", "Witness Count": "1.0", "City/Suburb/Town/Rural": "Suburb", "Number of lakes": "0-250", "County": "Navajo", "Year": "2009", "National Park Visitation Count": "8639122"}