{"Total Disasters": "3.0", "BigFoot Hotspot": "FALSE", "Unemployment_rate": "9.4", "Report Type": "Report", "State": "New Mexico", "id": "00a9d0d3-9247-4b53-b86a-26d3a81b3be7", "Time And Conditions": "12:30 a.m. early Saturday morning. There was a full moon out and the lighting was bright. It just finished sprinkling and the roads were damp.", "Civilian labor force": "24,929", "Nearest Town": "Sheep Springs, New Mexico", "Season": "Summer", "Class": "Class A", "Multiple Witnesses": "False", "jaccard_score": 0.0010801913481816778, "Forest cover rate": "5.6%", "Dte": "12", "Witness Count": "0.0", "National Park Visitation Count": "1491144", "City/Suburb/Town/Rural": "Town", "Month": "March", "County": "McKinley", "Year": "2012", "Number of lakes": "501-1500"}