{"Total Disasters": "2.0", "BigFoot Hotspot": "FALSE", "Unemployment_rate": "8.8", "Report Type": "Report", "State": "California", "Month": "November", "id": "00ab02e5-85dd-4b70-8fb7-ea828273e52a", "Time And Conditions": "Afternoon", "Civilian labor force": "10,219", "Nearest Town": "Gasquet", "Season": "Fall", "Class": "Class B", "Multiple Witnesses": "False", "jaccard_score": 0.0010801913481816778, "Forest cover rate": "17.8%", "Dte": "28", "Witness Count": "1.0", "City/Suburb/Town/Rural": "Town", "Number of lakes": "2501-5000", "County": "Del Norte", "Year": "2002", "National Park Visitation Count": "33769299"}