{"Total Disasters": "0.0", "BigFoot Hotspot": "FALSE", "Unemployment_rate": "7.8", "Report Type": "Report", "State": "West Virginia", "id": "00afbee2-f884-4a6d-8559-2245933d599b", "Time And Conditions": "cloudy, about 14:00 Hours", "Civilian labor force": "3,617", "Nearest Town": "Sistersville", "Season": "Fall", "Class": "Class B", "Multiple Witnesses": "False", "jaccard_score": 0.0010287536649349314, "Forest cover rate": "77.2%", "Dte": "19", "Witness Count": "0.0", "National Park Visitation Count": "1461563", "City/Suburb/Town/Rural": "Rural", "Month": "December", "County": "Tyler", "Year": "2005", "Number of lakes": "0-250"}