{"Total Disasters": "1.0", "BigFoot Hotspot": "FALSE", "Unemployment_rate": "", "Report Type": "Report", "State": "Oregon", "Month": "September", "id": "00c667c3-49eb-4358-bc8e-cef2361954b1", "Time And Conditions": "", "Civilian labor force": "", "Nearest Town": "White City", "Season": "Fall", "Class": "Class A", "Multiple Witnesses": "False", "jaccard_score": 0.0008744406151946916, "Forest cover rate": "38.8%", "Dte": "14", "Witness Count": "1.0", "City/Suburb/Town/Rural": "", "Number of lakes": "501-1500", "County": "Jackson", "Year": "1997", "National Park Visitation Count": "890577"}