{"Total Disasters": "3.0", "BigFoot Hotspot": "TRUE", "Unemployment_rate": "", "Report Type": "Report", "State": "California", "id": "00e3f496-3977-4635-a232-683bcfa7dc92", "Time And Conditions": "Time was about 2015 hrs. Lighting was illuminated by car headlights, weather, high clouds", "Civilian labor force": "", "Nearest Town": "Garberville, Ca", "Season": "Winter", "Class": "Class B", "Multiple Witnesses": "False", "jaccard_score": 0.0009773159816881848, "Forest cover rate": "17.8%", "Dte": "23", "Witness Count": "0.0", "National Park Visitation Count": "35092131", "City/Suburb/Town/Rural": "", "Month": "January", "County": "Humboldt", "Year": "2021", "Number of lakes": "2501-5000"}