{"Total Disasters": "1.0", "BigFoot Hotspot": "TRUE", "Unemployment_rate": "", "Report Type": "Report", "State": "California", "id": "00fcc20a-91e8-4275-927a-b8a983acc260", "Time And Conditions": "This occured at 2:00 am - 3:00 am on Labor Day weekend, September, 1991. This was early Sunday morning around O'dark thirty, didn't look at my watch till I regained my composure.", "Civilian labor force": "", "Nearest Town": "", "Season": "Summer", "Class": "Class A", "Multiple Witnesses": "False", "jaccard_score": 0.0009258782984414382, "Forest cover rate": "17.8%", "Dte": "19", "Witness Count": "2.0", "National Park Visitation Count": "36309158", "City/Suburb/Town/Rural": "", "Month": "March", "County": "Humboldt", "Year": "1997", "Number of lakes": "2501-5000"}