{"Total Disasters": "3.0", "BigFoot Hotspot": "FALSE", "Unemployment_rate": "", "Report Type": "Report", "State": "Florida", "id": "0107af70-17ba-4a5c-8320-42b297038e46", "Time And Conditions": "", "Civilian labor force": "", "Nearest Town": "Brooksville", "Season": "Unknown", "Class": "Class A", "Multiple Witnesses": "False", "jaccard_score": 0.0008744406151946916, "Forest cover rate": "42.4%", "Dte": "14", "Witness Count": "1.0", "National Park Visitation Count": "", "City/Suburb/Town/Rural": "", "Month": "May", "County": "Hernando", "Year": "1999", "Number of lakes": "over 2000"}