{"Total Disasters": "1.0", "BigFoot Hotspot": "FALSE", "Unemployment_rate": "5.5", "Report Type": "Report", "State": "Ohio", "id": "0108fe73-ba00-4f83-8779-c6f80096f3c9", "Time And Conditions": "This incident occured late at night.", "Civilian labor force": "53,832", "Nearest Town": "Calcutta", "Season": "Summer", "Class": "Class A", "Multiple Witnesses": "True", "jaccard_score": 0.0010801913481816778, "Forest cover rate": "28.9%", "Dte": "15", "Witness Count": "3.0", "National Park Visitation Count": "", "City/Suburb/Town/Rural": "Suburb", "Month": "June", "County": "Columbiana", "Year": "2001", "Number of lakes": "0-250"}