{"Total Disasters": "2.0", "BigFoot Hotspot": "FALSE", "Unemployment_rate": "3.9", "Report Type": "Report", "State": "Pennsylvania", "Month": "November", "id": "0125a90f-e5ac-41fa-af5d-79a5c9968ccb", "Time And Conditions": "", "Civilian labor force": "347,487", "Nearest Town": "Argus", "Season": "Fall", "Class": "Class A", "Multiple Witnesses": "False", "jaccard_score": 0.0010801913481816778, "Forest cover rate": "55.3%", "Dte": "7", "Witness Count": "1.0", "City/Suburb/Town/Rural": "City", "Number of lakes": "251-500", "County": "Bucks", "Year": "2007", "National Park Visitation Count": "12730212"}