{"Total Disasters": "1.0", "BigFoot Hotspot": "TRUE", "Unemployment_rate": "5.7", "Report Type": "Report", "State": "California", "Month": "April", "id": "012db482-1c79-437a-95e5-5098865aa8f0", "Time And Conditions": "The incident began at approximately 9:30 p.m. and ended at approximately 5:30 a.m. the next morning. Weather conditions included wet from several days rainfall, overcast, approximately 55 degrees F.", "Civilian labor force": "60,073", "Nearest Town": "Weitchpec", "Season": "Spring", "Class": "Class A", "Multiple Witnesses": "True", "jaccard_score": 0.0010801913481816778, "Forest cover rate": "17.8%", "Dte": "26", "Witness Count": "7.0", "City/Suburb/Town/Rural": "Town", "Number of lakes": "2501-5000", "County": "Humboldt", "Year": "2000", "National Park Visitation Count": "34410505"}