{"Total Disasters": "2.0", "BigFoot Hotspot": "FALSE", "Unemployment_rate": "13.3", "Report Type": "Report", "State": "North Carolina", "Month": "June", "id": "013eb807-9a39-4eec-8408-988e5c42f6c3", "Time And Conditions": "August or September. Morning hours between 5 and 5:30am. Dusky lighting. Warm not raining or frost.", "Civilian labor force": "31,185", "Nearest Town": "Millers Creek/North Wilkesboro, North Carolina", "Season": "Summer", "Class": "Class A", "Multiple Witnesses": "True", "jaccard_score": 0.0010801913481816778, "Forest cover rate": "59.9%", "Dte": "21", "Witness Count": "4.0", "City/Suburb/Town/Rural": "Suburb", "Number of lakes": "0-250", "County": "Wilkes", "Year": "2010", "National Park Visitation Count": ""}