{"Total Disasters": "0.0", "BigFoot Hotspot": "FALSE", "Unemployment_rate": "5.7", "Report Type": "Report", "State": "Maine", "id": "0156aa41-a3bd-4abe-9d9e-b24ec46d98b3", "Time And Conditions": "10:30 PM, Complete overcast, no stars no moon - pitch black.  Low 40s.  No wind/rain/snow.", "Civilian labor force": "27,648", "Nearest Town": "Osborn", "Season": "Fall", "Class": "Class B", "Multiple Witnesses": "False", "jaccard_score": 0.0010287536649349314, "Forest cover rate": "89%", "Dte": "3", "Witness Count": "0.0", "National Park Visitation Count": "2675948", "City/Suburb/Town/Rural": "Town", "Month": "December", "County": "Hancock", "Year": "2020", "Number of lakes": "2501-5000"}