{"Total Disasters": "2.0", "BigFoot Hotspot": "FALSE", "Unemployment_rate": "6.3", "Report Type": "Report", "State": "Arizona", "Month": "August", "id": "016e73a3-bd70-4ef7-83ac-720b67b488e8", "Time And Conditions": "3:45 AM DARK", "Civilian labor force": "38,032", "Nearest Town": "SHOW LOW", "Season": "Summer", "Class": "Class B", "Multiple Witnesses": "False", "jaccard_score": 0.0010287536649349314, "Forest cover rate": "4.8%", "Dte": "13", "Witness Count": "2.0", "City/Suburb/Town/Rural": "Suburb", "Number of lakes": "0-250", "County": "Navajo", "Year": "2007", "National Park Visitation Count": "8609606"}