{"Number of lakes": "over 2000", "Total Disasters": "0.0", "BigFoot Hotspot": "FALSE", "Unemployment_rate": "", "Report Type": "Report", "State": "Alaska", "id": "016e6cb9-ec37-4694-8b62-29a9262ee68f", "Time And Conditions": "", "Civilian labor force": "", "Nearest Town": "", "Season": "Fall", "Class": "Class A", "Multiple Witnesses": "False", "jaccard_score": 0.0008744406151946916, "Forest cover rate": "30.4%", "Dte": "18", "Witness Count": "1.0", "City/Suburb/Town/Rural": "", "Month": "October", "County": "Matanuska-Susitna", "Year": "1997", "National Park Visitation Count": "1229240"}