{"Number of lakes": "over 2000", "Total Disasters": "0.0", "BigFoot Hotspot": "FALSE", "Unemployment_rate": "8.6", "Report Type": "Report", "State": "Florida", "id": "01781a5d-a1a0-47ed-a587-c2241e48f34a", "Time And Conditions": "I don't recall the weather conditions, but it was pitch black dark both times. First time around 9pm and the second around 3am.", "Civilian labor force": "235,149", "Nearest Town": "Lake Helen", "Season": "Winter", "Class": "Class B", "Multiple Witnesses": "False", "jaccard_score": 0.0010801913481816778, "Forest cover rate": "42.4%", "Dte": "16", "Witness Count": "2.0", "City/Suburb/Town/Rural": "City", "Month": "April", "County": "Volusia", "Year": "2013", "National Park Visitation Count": "11492305"}