{"Total Disasters": "6.0", "BigFoot Hotspot": "FALSE", "Unemployment_rate": "5.6", "Report Type": "Report", "State": "Pennsylvania", "id": "017ac02d-cc56-41f6-b9bb-2b11187ad1e1", "Time And Conditions": "Night, no light out back.", "Civilian labor force": "269,597", "Nearest Town": "Nottingham, PA", "Season": "Summer", "Class": "Class B", "Multiple Witnesses": "False", "jaccard_score": 0.0010801913481816778, "Forest cover rate": "55.3%", "Dte": "1", "Witness Count": "0.0", "National Park Visitation Count": "12201925", "City/Suburb/Town/Rural": "City", "Month": "September", "County": "Chester", "Year": "2011", "Number of lakes": "251-500"}