{"Total Disasters": "2.0", "BigFoot Hotspot": "TRUE", "Unemployment_rate": "9.6", "Report Type": "Report", "State": "Washington", "Month": "January", "id": "017dbff0-95ae-4828-81b7-f179e65f03ff", "Time And Conditions": "About 11:30 p.m.", "Civilian labor force": "450,196", "Nearest Town": "Greenwater", "Season": "Summer", "Class": "Class B", "Multiple Witnesses": "False", "jaccard_score": 0.0010801913481816778, "Forest cover rate": "40.7%", "Dte": "6", "Witness Count": "0.0", "City/Suburb/Town/Rural": "City", "Number of lakes": "5001-10000", "County": "Pierce", "Year": "2020", "National Park Visitation Count": "8508019"}