{"Total Disasters": "7.0", "BigFoot Hotspot": "FALSE", "Unemployment_rate": "10.9", "Report Type": "Report", "State": "Georgia", "id": "01b11c8d-2fe5-4472-b921-f96e993341f1", "Time And Conditions": "Early evening ... 7:00pm EST.", "Civilian labor force": "34,427", "Nearest Town": "LaGrange", "Season": "Fall", "Class": "Class A", "Multiple Witnesses": "False", "jaccard_score": 0.0010801913481816778, "Forest cover rate": "64.2%", "Dte": "24", "Witness Count": "1.0", "National Park Visitation Count": "", "City/Suburb/Town/Rural": "Suburb", "Month": "July", "County": "Troup", "Year": "2011", "Number of lakes": "0-250"}