{"Total Disasters": "2.0", "BigFoot Hotspot": "TRUE", "Unemployment_rate": "4.5", "Report Type": "Report", "State": "Arizona", "Month": "November", "id": "01b3aef7-3515-49cf-9837-02d04ba7b31a", "Time And Conditions": "Nighttime- approx. 2:00 am", "Civilian labor force": "69,054", "Nearest Town": "Payson", "Season": "Fall", "Class": "Class B", "Multiple Witnesses": "False", "jaccard_score": 0.0010801913481816778, "Forest cover rate": "4.8%", "Dte": "5", "Witness Count": "0.0", "City/Suburb/Town/Rural": "City", "Number of lakes": "0-250", "County": "Coconino", "Year": "2006", "National Park Visitation Count": "8447937"}