{"Total Disasters": "0.0", "BigFoot Hotspot": "FALSE", "Unemployment_rate": "7.0", "Report Type": "Report", "State": "Washington", "id": "01f1ec01-3e5a-42e6-80f5-5778da1bfd13", "Time And Conditions": "4-5 AM", "Civilian labor force": "131,779", "Nearest Town": "Silver beach Washington", "Season": "Summer", "Class": "Class B", "Multiple Witnesses": "False", "jaccard_score": 0.0010801913481816778, "Forest cover rate": "40.7%", "Dte": "8", "Witness Count": "1.0", "National Park Visitation Count": "8740767", "City/Suburb/Town/Rural": "City", "Month": "July", "County": "Yakima", "Year": "2019", "Number of lakes": "5001-10000"}