{"Total Disasters": "0.0", "BigFoot Hotspot": "FALSE", "Unemployment_rate": "", "Report Type": "Report", "State": "Colorado", "Month": "August", "id": "01f2ee1b-13ef-4107-9eae-071f79b9674b", "Time And Conditions": "At approximately 1:30 in the afternoon", "Civilian labor force": "", "Nearest Town": "", "Season": "Summer", "Class": "Class A", "Multiple Witnesses": "False", "jaccard_score": 0.0008744406151946916, "Forest cover rate": "17.5%", "Dte": "1", "Witness Count": "0.0", "City/Suburb/Town/Rural": "", "Number of lakes": "501-1500", "County": "Conejos", "Year": "1998", "National Park Visitation Count": "6168339"}