{"Total Disasters": "9.0", "BigFoot Hotspot": "FALSE", "Unemployment_rate": "9.0", "Report Type": "Report", "State": "Illinois", "Month": "May", "id": "01f4edb5-db54-4b85-be1b-5133956c2029", "Time And Conditions": "10 p.m. Animal was lit up with the headlights of the vehicle. It was within ten foot from the front of the car and four foot from the drivers side window.", "Civilian labor force": "11,582", "Nearest Town": "Otterville", "Season": "Spring", "Class": "Class A", "Multiple Witnesses": "False", "jaccard_score": 0.0010287536649349314, "Forest cover rate": "11.5%", "Dte": "23", "Witness Count": "1.0", "City/Suburb/Town/Rural": "City", "Number of lakes": "0-250", "County": "Jersey", "Year": "2011", "National Park Visitation Count": "335473"}