{"Total Disasters": "1.0", "BigFoot Hotspot": "TRUE", "Unemployment_rate": "6.2", "Report Type": "Report", "State": "Washington", "id": "0208d98b-c4f1-440f-885c-368a271aab16", "Time And Conditions": "mostly sunny day in the mid after noon.", "Civilian labor force": "368,325", "Nearest Town": "Between Ashford and Packwood off Skate Creek Rd. (this was a dirt road off of skate creek rd but the sign on this dirt rd also said skate creek rd.", "Season": "Spring", "Class": "Class B", "Multiple Witnesses": "True", "jaccard_score": 0.0010801913481816778, "Forest cover rate": "40.7%", "Dte": "26", "Witness Count": "3.0", "National Park Visitation Count": "7091427", "City/Suburb/Town/Rural": "City", "Month": "September", "County": "Pierce", "Year": "2005", "Number of lakes": "5001-10000"}