{"Total Disasters": "3.0", "BigFoot Hotspot": "FALSE", "Unemployment_rate": "", "Report Type": "Report", "State": "West Virginia", "id": "020cb08d-48c3-4dc9-a804-4152b5f7a5cf", "Time And Conditions": "", "Civilian labor force": "", "Nearest Town": "", "Season": "Fall", "Class": "Class A", "Multiple Witnesses": "False", "jaccard_score": 0.0008230029319479451, "Forest cover rate": "77.2%", "Dte": "7", "Witness Count": "0.0", "National Park Visitation Count": "", "City/Suburb/Town/Rural": "", "Month": "March", "County": "Wayne", "Year": "1999", "Number of lakes": "0-250"}