{"Total Disasters": "3.0", "BigFoot Hotspot": "FALSE", "Unemployment_rate": "5.8", "Report Type": "Report", "State": "Maryland", "id": "020e9fd5-0f8a-4999-b7dd-c4e47270852e", "Time And Conditions": "3:40pm", "Civilian labor force": "93,319", "Nearest Town": "Finksburg Maryland", "Season": "Fall", "Class": "Class B", "Multiple Witnesses": "False", "jaccard_score": 0.0010801913481816778, "Forest cover rate": "37.9%", "Dte": "20", "Witness Count": "0.0", "National Park Visitation Count": "9141064", "City/Suburb/Town/Rural": "City", "Month": "November", "County": "Carroll", "Year": "2012", "Number of lakes": "0-250"}