{"Total Disasters": "1.0", "BigFoot Hotspot": "FALSE", "Unemployment_rate": "", "Report Type": "Report", "State": "Ohio", "Month": "May", "id": "0211423a-a0d5-4be4-b638-298bda043818", "Time And Conditions": "This was in mid October in 1987. About a half hour before sunset.", "Civilian labor force": "", "Nearest Town": "Oberlin", "Season": "Fall", "Class": "Class B", "Multiple Witnesses": "False", "jaccard_score": 0.0009258782984414382, "Forest cover rate": "28.9%", "Dte": "27", "Witness Count": "1.0", "City/Suburb/Town/Rural": "", "Number of lakes": "0-250", "County": "Lorain", "Year": "1997", "National Park Visitation Count": "1303319"}