{"Total Disasters": "2.0", "BigFoot Hotspot": "FALSE", "Unemployment_rate": "6.3", "Report Type": "Report", "State": "Utah", "Month": "February", "id": "02151720-68bd-46d3-931f-1f2cb00e3a10", "Time And Conditions": "12:30 am it was just a dark starry night in the fall", "Civilian labor force": "105,393", "Nearest Town": "Eden, Liberty", "Season": "Fall", "Class": "Class A", "Multiple Witnesses": "True", "jaccard_score": 0.0010801913481816778, "Forest cover rate": "8.9%", "Dte": "10", "Witness Count": "3.0", "City/Suburb/Town/Rural": "City", "Number of lakes": "501-1500", "County": "Weber", "Year": "2003", "National Park Visitation Count": "9061570"}