{"Number of lakes": "5001-10000", "Total Disasters": "1.0", "BigFoot Hotspot": "FALSE", "Unemployment_rate": "6.2", "Report Type": "Report", "State": "Texas", "id": "021efd02-99ff-4ffe-98df-c633e7053c89", "Time And Conditions": "Early morning,bright day", "Civilian labor force": "7,370", "Nearest Town": "FT,STOCKTON", "Season": "Summer", "Class": "Class A", "Multiple Witnesses": "False", "jaccard_score": 0.0010287536649349314, "Forest cover rate": "7%", "Dte": "29", "Witness Count": "1.0", "City/Suburb/Town/Rural": "Rural", "Month": "December", "County": "Pecos", "Year": "2003", "National Park Visitation Count": ""}