{"Number of lakes": "5001-10000", "Total Disasters": "0.0", "BigFoot Hotspot": "FALSE", "Unemployment_rate": "5.6", "Report Type": "Report", "State": "New York", "id": "02285b68-f2d4-4368-a807-2d31d3e70a79", "Time And Conditions": "Between 2am and 3am.", "Civilian labor force": "19,949", "Nearest Town": "Kuckville", "Season": "Winter", "Class": "Class A", "Multiple Witnesses": "False", "jaccard_score": 0.0010801913481816778, "Forest cover rate": "50.9%", "Dte": "12", "Witness Count": "2.0", "City/Suburb/Town/Rural": "City", "Month": "May", "County": "Orleans", "Year": "2005", "National Park Visitation Count": "16375561"}