{"Total Disasters": "3.0", "BigFoot Hotspot": "FALSE", "Unemployment_rate": "4.7", "Report Type": "Report", "State": "North Carolina", "Month": "May", "id": "023f7069-daf2-4611-ad97-78b2f65cb1f5", "Time And Conditions": "2:30am in clear cold weather.", "Civilian labor force": "23,883", "Nearest Town": "Pilot Mountain, NC", "Season": "Winter", "Class": "Class B", "Multiple Witnesses": "False", "jaccard_score": 0.0010801913481816778, "Forest cover rate": "59.9%", "Dte": "7", "Witness Count": "2.0", "City/Suburb/Town/Rural": "City", "Number of lakes": "0-250", "County": "Stokes", "Year": "2007", "National Park Visitation Count": "23206553"}