{"Total Disasters": "0.0", "BigFoot Hotspot": "FALSE", "Unemployment_rate": "", "Report Type": "Report", "State": "Utah", "id": "024235f4-5862-4524-ab8b-4e568e24e9bf", "Time And Conditions": "", "Civilian labor force": "", "Nearest Town": "", "Season": "Summer", "Class": "Class A", "Multiple Witnesses": "False", "jaccard_score": 0.0008744406151946916, "Forest cover rate": "8.9%", "Dte": "18", "Witness Count": "2.0", "National Park Visitation Count": "9196874", "City/Suburb/Town/Rural": "", "Month": "October", "County": "Summit", "Year": "1996", "Number of lakes": "501-1500"}