{"Total Disasters": "0.0", "BigFoot Hotspot": "FALSE", "Unemployment_rate": "5.2", "Report Type": "Report", "State": "Alabama", "id": "0251fb9b-96d3-4eb3-bc2e-16d268db5926", "Time And Conditions": "It was late afternoon. Deep woods cover, with shade, but a sunny day in general.", "Civilian labor force": "56,580", "Nearest Town": "Huntsville, Alabama", "Season": "Summer", "Class": "Class A", "Multiple Witnesses": "False", "jaccard_score": 0.0010801913481816778, "Forest cover rate": "70.6%", "Dte": "21", "Witness Count": "2.0", "National Park Visitation Count": "206791", "City/Suburb/Town/Rural": "City", "Month": "August", "County": "Morgan", "Year": "2001", "Number of lakes": "0-250"}