{"Total Disasters": "1.0", "BigFoot Hotspot": "FALSE", "Unemployment_rate": "6.9", "Report Type": "Report", "State": "West Virginia", "id": "026837c7-389e-44f0-bbbc-79953980370b", "Time And Conditions": "It was early in the morning on a clear crisp fall day the sun had just topped the mountains", "Civilian labor force": "91,648", "Nearest Town": "cabin creek", "Season": "Fall", "Class": "Class A", "Multiple Witnesses": "False", "jaccard_score": 0.0010801913481816778, "Forest cover rate": "77.2%", "Dte": "28", "Witness Count": "0.0", "National Park Visitation Count": "1578451", "City/Suburb/Town/Rural": "City", "Month": "December", "County": "Kanawha", "Year": "2011", "Number of lakes": "0-250"}