{"Number of lakes": "5001-10000", "Total Disasters": "0.0", "BigFoot Hotspot": "TRUE", "Unemployment_rate": "7.3", "Report Type": "Report", "State": "Washington", "id": "02780d4b-ee55-4dc4-917d-2636a3a4f9e5", "Time And Conditions": "2:00 am in the morning.", "Civilian labor force": "359,400", "Nearest Town": "", "Season": "Fall", "Class": "Class B", "Multiple Witnesses": "True", "jaccard_score": 0.0010801913481816778, "Forest cover rate": "40.7%", "Dte": "26", "Witness Count": "3.0", "City/Suburb/Town/Rural": "City", "Month": "August", "County": "Pierce", "Year": "2004", "National Park Visitation Count": "7665032"}