{"Number of lakes": "5001-10000", "Total Disasters": "1.0", "BigFoot Hotspot": "TRUE", "Unemployment_rate": "5.4", "Report Type": "Report", "State": "Washington", "id": "0284715a-8ec4-49e8-8d67-7d6046e44637", "Time And Conditions": "6-8 pm. Getting dark. Temperature was around 48 F. Broken clouds. Once in a while a quarter moon would peak through and light up the environment a little as it got dark.", "Civilian labor force": "344,926", "Nearest Town": "Roy", "Season": "Winter", "Class": "Class B", "Multiple Witnesses": "False", "jaccard_score": 0.0010287536649349314, "Forest cover rate": "40.7%", "Dte": "13", "Witness Count": "1.0", "City/Suburb/Town/Rural": "City", "Month": "March", "County": "Pierce", "Year": "2000", "National Park Visitation Count": "7275528"}