{"Number of lakes": "5001-10000", "Total Disasters": "0.0", "BigFoot Hotspot": "TRUE", "Unemployment_rate": "5.7", "Report Type": "Report", "State": "Washington", "id": "02955d60-844f-4994-878e-dd2f3712ccf7", "Time And Conditions": "afternoon, overcast no precip", "Civilian labor force": "986,493", "Nearest Town": "Black Diamond", "Season": "Spring", "Class": "Class A", "Multiple Witnesses": "False", "jaccard_score": 0.0010801913481816778, "Forest cover rate": "40.7%", "Dte": "27", "Witness Count": "2.0", "City/Suburb/Town/Rural": "City", "Month": "August", "County": "King", "Year": "2002", "National Park Visitation Count": "6847225"}