{"Total Disasters": "2.0", "BigFoot Hotspot": "FALSE", "Unemployment_rate": "3.4", "Report Type": "Report", "State": "Virginia", "id": "0296b6a3-de9c-4a96-b7ee-1c484330bfa3", "Time And Conditions": "The sighting occured at aprox. 10:45 pm", "Civilian labor force": "47,293", "Nearest Town": "Salem, VA", "Season": "Spring", "Class": "Class A", "Multiple Witnesses": "False", "jaccard_score": 0.0010801913481816778, "Forest cover rate": "60.7%", "Dte": "7", "Witness Count": "1.0", "National Park Visitation Count": "15403376", "City/Suburb/Town/Rural": "City", "Month": "April", "County": "Roanoke", "Year": "2002", "Number of lakes": "0-250"}