{"Total Disasters": "2.0", "BigFoot Hotspot": "FALSE", "Unemployment_rate": "5.0", "Report Type": "Report", "State": "West Virginia", "id": "029eee52-0034-4bf0-8074-f608cb5500bb", "Time And Conditions": "It was a clear night, but very cold.  It was around 11:30pm.", "Civilian labor force": "13,287", "Nearest Town": "Burlington, WV", "Season": "Fall", "Class": "Class A", "Multiple Witnesses": "False", "jaccard_score": 0.0010287536649349314, "Forest cover rate": "77.2%", "Dte": "29", "Witness Count": "2.0", "National Park Visitation Count": "1574737", "City/Suburb/Town/Rural": "City", "Month": "October", "County": "Mineral", "Year": "2007", "Number of lakes": "0-250"}