{"Total Disasters": "4.0", "BigFoot Hotspot": "FALSE", "Unemployment_rate": "4.4", "Report Type": "Report", "State": "Georgia", "Month": "March", "id": "02a2bd01-2278-486c-b155-e68af90df9f1", "Time And Conditions": "It was at night a littler darker than usual.  Overcast but not raining.", "Civilian labor force": "65,890", "Nearest Town": "New Georgia, in the Union Community", "Season": "Winter", "Class": "Class A", "Multiple Witnesses": "False", "jaccard_score": 0.0010801913481816778, "Forest cover rate": "64.2%", "Dte": "3", "Witness Count": "2.0", "City/Suburb/Town/Rural": "City", "Number of lakes": "0-250", "County": "Paulding", "Year": "2007", "National Park Visitation Count": "6816980"}