{"Total Disasters": "2.0", "BigFoot Hotspot": "FALSE", "Unemployment_rate": "11.7", "Report Type": "Report", "State": "Michigan", "Month": "October", "id": "02b1a10f-3149-49e4-8bb6-173d5cd5ce39", "Time And Conditions": "It was at 9 oclock in the morning. It was a clear morning with no fog.", "Civilian labor force": "11,417", "Nearest Town": "Gaylord", "Season": "Summer", "Class": "Class A", "Multiple Witnesses": "False", "jaccard_score": 0.0010801913481816778, "Forest cover rate": "51.2%", "Dte": "5", "Witness Count": "1.0", "City/Suburb/Town/Rural": "Rural", "Number of lakes": "over 2000", "County": "Otsego", "Year": "2011", "National Park Visitation Count": ""}