{"Total Disasters": "2.0", "BigFoot Hotspot": "FALSE", "Unemployment_rate": "", "Report Type": "Report", "State": "California", "id": "02b526a8-96f5-49ff-b5f8-476281541ca4", "Time And Conditions": "", "Civilian labor force": "", "Nearest Town": "", "Season": "Spring", "Class": "Class A", "Multiple Witnesses": "False", "jaccard_score": 0.0008744406151946916, "Forest cover rate": "17.8%", "Dte": "22", "Witness Count": "1.0", "National Park Visitation Count": "31001764", "City/Suburb/Town/Rural": "", "Month": "June", "County": "Sonoma", "Year": "1998", "Number of lakes": "2501-5000"}