{"Total Disasters": "0.0", "BigFoot Hotspot": "FALSE", "Unemployment_rate": "5.4", "Report Type": "Report", "State": "Ohio", "Month": "February", "id": "02c65fda-694e-404c-ae81-771afeb30f73", "Time And Conditions": "", "Civilian labor force": "107,358", "Nearest Town": "Mecca Twp", "Season": "Winter", "Class": "Class A", "Multiple Witnesses": "False", "jaccard_score": 0.0010801913481816778, "Forest cover rate": "28.9%", "Dte": "11", "Witness Count": "1.0", "City/Suburb/Town/Rural": "City", "Number of lakes": "0-250", "County": "Trumbull", "Year": "2000", "National Park Visitation Count": "3577425"}