{"Total Disasters": "0.0", "BigFoot Hotspot": "FALSE", "Unemployment_rate": "8.4", "Report Type": "Report", "State": "Oregon", "id": "02c76258-9e9f-4e06-818e-f31729521227", "Time And Conditions": "Approximately 2:00 pm, slight overcast, good lighting.", "Civilian labor force": "26,462", "Nearest Town": "Ash, Oregon", "Season": "Fall", "Class": "Class A", "Multiple Witnesses": "False", "jaccard_score": 0.0010287536649349314, "Forest cover rate": "38.8%", "Dte": "4", "Witness Count": "0.0", "National Park Visitation Count": "921539", "City/Suburb/Town/Rural": "Town", "Month": "November", "County": "Coos", "Year": "2001", "Number of lakes": "501-1500"}