{"Total Disasters": "1.0", "BigFoot Hotspot": "FALSE", "Unemployment_rate": "6.2", "Report Type": "Report", "State": "Oregon", "id": "02d1cf2b-c7a3-4fa5-97e2-25f9e1fc55d0", "Time And Conditions": "clear, 1-2PM sunny on north slope of dusty ridge", "Civilian labor force": "35,921", "Nearest Town": "tollgate, OR", "Season": "Fall", "Class": "Class A", "Multiple Witnesses": "False", "jaccard_score": 0.0010801913481816778, "Forest cover rate": "38.8%", "Dte": "25", "Witness Count": "0.0", "National Park Visitation Count": "859986", "City/Suburb/Town/Rural": "Suburb", "Month": "December", "County": "Umatilla", "Year": "2000", "Number of lakes": "501-1500"}