{"Total Disasters": "4.0", "BigFoot Hotspot": "FALSE", "Unemployment_rate": "4.8", "Report Type": "Report", "State": "Arkansas", "Month": "December", "id": "02d2bc13-eed5-426e-bb35-f9ded70eee1b", "Time And Conditions": "Night, but lighted very well from carport where my truck was. I saw it about 2 seconds beyond fast! It was a little humid.", "Civilian labor force": "8,241", "Nearest Town": "Hattieville", "Season": "Summer", "Class": "Class A", "Multiple Witnesses": "False", "jaccard_score": 0.0010801913481816778, "Forest cover rate": "55.1%", "Dte": "28", "Witness Count": "2.0", "City/Suburb/Town/Rural": "Town", "Number of lakes": "1501-2500", "County": "Conway", "Year": "2017", "National Park Visitation Count": "3512692"}