{"Total Disasters": "6.0", "BigFoot Hotspot": "FALSE", "Unemployment_rate": "6.4", "Report Type": "Report", "State": "Illinois", "Month": "July", "id": "02d544c0-879f-4129-8462-6438f921ac58", "Time And Conditions": "Very bright light, few clouds the trees had just lost a lot of there leaves and had very good visibility that day even with the little bit of under growth", "Civilian labor force": "7,371", "Nearest Town": "Alto Pass", "Season": "Fall", "Class": "Class A", "Multiple Witnesses": "False", "jaccard_score": 0.0010801913481816778, "Forest cover rate": "11.5%", "Dte": "15", "Witness Count": "0.0", "City/Suburb/Town/Rural": "Town", "Number of lakes": "0-250", "County": "Union", "Year": "2017", "National Park Visitation Count": "209405"}