{"Total Disasters": "3.0", "BigFoot Hotspot": "FALSE", "Unemployment_rate": "9.1", "Report Type": "Report", "State": "Minnesota", "id": "02e405d6-3ea0-422a-a7a5-57ec42a1cea7", "Time And Conditions": "It was about 4pm in the summer afternoon. The sun was still in the sky. The light wasn't in our eyes. The weather was clear.", "Civilian labor force": "22,573", "Nearest Town": "Calumet", "Season": "Summer", "Class": "Class B", "Multiple Witnesses": "False", "jaccard_score": 0.0010801913481816778, "Forest cover rate": "28.9%", "Dte": "12", "Witness Count": "2.0", "National Park Visitation Count": "367993", "City/Suburb/Town/Rural": "Town", "Month": "June", "County": "Itasca", "Year": "2011", "Number of lakes": "over 2000"}