{"Total Disasters": "1.0", "BigFoot Hotspot": "FALSE", "Unemployment_rate": "12.9", "Report Type": "Report", "State": "Kentucky", "id": "02f16588-94ba-4a07-a8ed-ad8b93c7f624", "Time And Conditions": "night time around 1 am, the weather was clear and the headlights were on bright.", "Civilian labor force": "10,681", "Nearest Town": "craborchard", "Season": "Fall", "Class": "Class A", "Multiple Witnesses": "False", "jaccard_score": 0.0010287536649349314, "Forest cover rate": "48.6%", "Dte": "5", "Witness Count": "1.0", "National Park Visitation Count": "1608630", "City/Suburb/Town/Rural": "Town", "Month": "April", "County": "Lincoln", "Year": "2010", "Number of lakes": "0-250"}