{"Total Disasters": "0.0", "BigFoot Hotspot": "FALSE", "Unemployment_rate": "11.6", "Report Type": "Report", "State": "California", "Month": "September", "id": "02fdcc6c-8357-4268-b3ad-5adfbbf4e6c2", "Time And Conditions": "about 10:00am, clear skies, sunny", "Civilian labor force": "179,756", "Nearest Town": "Porterville", "Season": "Spring", "Class": "Class A", "Multiple Witnesses": "False", "jaccard_score": 0.0010801913481816778, "Forest cover rate": "17.8%", "Dte": "20", "Witness Count": "1.0", "City/Suburb/Town/Rural": "City", "Number of lakes": "2501-5000", "County": "Tulare", "Year": "2004", "National Park Visitation Count": "34410505"}