{"Number of lakes": "over 2000", "Total Disasters": "1.0", "BigFoot Hotspot": "FALSE", "Unemployment_rate": "4.7", "Report Type": "Report", "State": "Florida", "id": "0327acdb-c158-4111-86b0-e5abd2dc44ac", "Time And Conditions": "5:30 AM, dark, no moon, clear skies", "Civilian labor force": "8,745", "Nearest Town": "Caryville", "Season": "Winter", "Class": "Class A", "Multiple Witnesses": "False", "jaccard_score": 0.0010287536649349314, "Forest cover rate": "42.4%", "Dte": "22", "Witness Count": "1.0", "City/Suburb/Town/Rural": "Town", "Month": "February", "County": "Washington", "Year": "2003", "National Park Visitation Count": "10868389"}