{"Total Disasters": "1.0", "BigFoot Hotspot": "FALSE", "Unemployment_rate": "6.9", "Report Type": "Report", "State": "Florida", "Month": "July", "id": "0339b46a-0bbc-485a-bed9-7ecc6832664d", "Time And Conditions": "Afternoon, Sunny, Warm.  Swampy area was covered overhead by thick tree and vine growth so it was dark underneath.", "Civilian labor force": "196,070", "Nearest Town": "Land O Lakes", "Season": "Fall", "Class": "Class A", "Multiple Witnesses": "False", "jaccard_score": 0.0010801913481816778, "Forest cover rate": "42.4%", "Dte": "27", "Witness Count": "2.0", "City/Suburb/Town/Rural": "City", "Number of lakes": "over 2000", "County": "Pasco", "Year": "2008", "National Park Visitation Count": "8479879"}