{"Total Disasters": "1.0", "BigFoot Hotspot": "FALSE", "Unemployment_rate": "", "Report Type": "Report", "State": "Michigan", "Month": "June", "id": "03446df7-53b8-4011-8f6a-56fffc3e61d2", "Time And Conditions": "", "Civilian labor force": "", "Nearest Town": "Manistee", "Season": "Fall", "Class": "Class A", "Multiple Witnesses": "False", "jaccard_score": 0.0008744406151946916, "Forest cover rate": "51.2%", "Dte": "1", "Witness Count": "0.0", "City/Suburb/Town/Rural": "", "Number of lakes": "over 2000", "County": "Manistee", "Year": "1999", "National Park Visitation Count": "1112407"}