{"Total Disasters": "0.0", "BigFoot Hotspot": "TRUE", "Unemployment_rate": "9.1", "Report Type": "Report", "State": "Washington", "Month": "December", "id": "0352b53c-6b29-4e8d-a4b3-892d21ae7b1e", "Time And Conditions": "1-2 am in the morning,  It was a clear night, no rain as I recall, and no snow yet in the mountains", "Civilian labor force": "29,721", "Nearest Town": "Packwood", "Season": "Fall", "Class": "Class A", "Multiple Witnesses": "False", "jaccard_score": 0.0010801913481816778, "Forest cover rate": "40.7%", "Dte": "10", "Witness Count": "1.0", "City/Suburb/Town/Rural": "Suburb", "Number of lakes": "5001-10000", "County": "Lewis", "Year": "2002", "National Park Visitation Count": ""}