{"Total Disasters": "2.0", "BigFoot Hotspot": "FALSE", "Unemployment_rate": "5.8", "Report Type": "Report", "State": "New Mexico", "id": "03690da3-aa7e-4865-80a8-e824b6b0c5fb", "Time And Conditions": "", "Civilian labor force": "49,327", "Nearest Town": "Toadlena", "Season": "Summer", "Class": "Class A", "Multiple Witnesses": "True", "jaccard_score": 0.0010801913481816778, "Forest cover rate": "5.6%", "Dte": "14", "Witness Count": "10.0", "National Park Visitation Count": "1646501", "City/Suburb/Town/Rural": "City", "Month": "January", "County": "San Juan", "Year": "2000", "Number of lakes": "501-1500"}