{"Number of lakes": "over 2000", "Total Disasters": "1.0", "BigFoot Hotspot": "FALSE", "Unemployment_rate": "5.2", "Report Type": "Report", "State": "Florida", "id": "036ba381-22e3-4ac6-9b8f-95897434ed4d", "Time And Conditions": "10:00AM", "Civilian labor force": "98,978", "Nearest Town": "Pittman", "Season": "Summer", "Class": "Class B", "Multiple Witnesses": "False", "jaccard_score": 0.0010801913481816778, "Forest cover rate": "42.4%", "Dte": "21", "Witness Count": "0.0", "City/Suburb/Town/Rural": "City", "Month": "December", "County": "Lake", "Year": "2002", "National Park Visitation Count": "5559390"}