{"Number of lakes": "2501-5000", "Total Disasters": "0.0", "BigFoot Hotspot": "FALSE", "Unemployment_rate": "7.2", "Report Type": "Report", "State": "California", "id": "036c99b1-d534-4ba7-9d27-27a391aff0e7", "Time And Conditions": "rainy, cloudy day", "Civilian labor force": "81,760", "Nearest Town": "Redding", "Season": "Winter", "Class": "Class A", "Multiple Witnesses": "False", "jaccard_score": 0.0010801913481816778, "Forest cover rate": "17.8%", "Dte": "27", "Witness Count": "2.0", "City/Suburb/Town/Rural": "City", "Month": "June", "County": "Shasta", "Year": "2005", "National Park Visitation Count": "32554774"}