{"Total Disasters": "5.0", "BigFoot Hotspot": "FALSE", "Unemployment_rate": "6.8", "Report Type": "Report", "State": "Illinois", "Month": "December", "id": "037604bf-362c-48db-8e29-9487bb43be60", "Time And Conditions": "Very calm little to no wind. Overcast but not too cold that day. Happened in late afternoon.", "Civilian labor force": "10,158", "Nearest Town": "Findlay Illinois", "Season": "Winter", "Class": "Class A", "Multiple Witnesses": "False", "jaccard_score": 0.0010801913481816778, "Forest cover rate": "11.5%", "Dte": "28", "Witness Count": "2.0", "City/Suburb/Town/Rural": "Town", "Number of lakes": "0-250", "County": "Shelby", "Year": "2014", "National Park Visitation Count": "218132"}