{"Total Disasters": "4.0", "BigFoot Hotspot": "FALSE", "Unemployment_rate": "3.3", "Report Type": "Report", "State": "Kansas", "Month": "December", "id": "0389f30a-356c-40f5-b714-5baf66008ed4", "Time And Conditions": "", "Civilian labor force": "17,727", "Nearest Town": "Paola", "Season": "Winter", "Class": "Class A", "Multiple Witnesses": "False", "jaccard_score": 0.0010801913481816778, "Forest cover rate": "2.8%", "Dte": "16", "Witness Count": "1.0", "City/Suburb/Town/Rural": "City", "Number of lakes": "0-250", "County": "Miami", "Year": "2019", "National Park Visitation Count": "119175"}