{"Total Disasters": "0.0", "BigFoot Hotspot": "FALSE", "Unemployment_rate": "5.8", "Report Type": "Report", "State": "Massachusetts", "Month": "May", "id": "038a9cd7-ad92-4699-b839-b6a14112e245", "Time And Conditions": "The incident occured at exactly 7.02 pm with clear skies and temp. was at approx. 55 degrees farenheit.", "Civilian labor force": "404,398", "Nearest Town": "South Uxbridge exactly .5 mile from Rhode Island boarder", "Season": "Spring", "Class": "Class A", "Multiple Witnesses": "False", "jaccard_score": 0.0010801913481816778, "Forest cover rate": "52.5%", "Dte": "4", "Witness Count": "2.0", "City/Suburb/Town/Rural": "City", "Number of lakes": "2501-5000", "County": "Worcester", "Year": "2008", "National Park Visitation Count": "10281657"}