{"Total Disasters": "0.0", "BigFoot Hotspot": "FALSE", "Unemployment_rate": "9.6", "Report Type": "Report", "State": "South Carolina", "id": "0390dd6f-32d7-4543-b2d0-34acd4553b76", "Time And Conditions": "Very chilly, windows were closed, late evening.  Very dark and wooded surroundings, with a large security light on a pole near one end of the home.", "Civilian labor force": "11,645", "Nearest Town": "Blair", "Season": "Spring", "Class": "Class B", "Multiple Witnesses": "False", "jaccard_score": 0.0010801913481816778, "Forest cover rate": "63.8%", "Dte": "9", "Witness Count": "2.0", "National Park Visitation Count": "1383500", "City/Suburb/Town/Rural": "City", "Month": "May", "County": "Fairfield", "Year": "2006", "Number of lakes": "0-250"}