{"Total Disasters": "1.0", "BigFoot Hotspot": "FALSE", "Unemployment_rate": "6.5", "Report Type": "Report", "State": "Oregon", "Month": "June", "id": "039376b0-ae48-47f9-bfe8-de53cbc87c3b", "Time And Conditions": "As best as I can remember, it was between 12 noon and 4:00 pm. Weather was clear, bright, and cool.", "Civilian labor force": "148,077", "Nearest Town": "Detroit, OR", "Season": "Summer", "Class": "Class A", "Multiple Witnesses": "False", "jaccard_score": 0.0010801913481816778, "Forest cover rate": "38.8%", "Dte": "4", "Witness Count": "0.0", "City/Suburb/Town/Rural": "City", "Number of lakes": "501-1500", "County": "Marion", "Year": "2005", "National Park Visitation Count": "937962"}