{"Number of lakes": "1501-2500", "Total Disasters": "1.0", "BigFoot Hotspot": "FALSE", "Unemployment_rate": "7.7", "Report Type": "Report", "State": "Idaho", "id": "03b3122e-e517-4468-ab75-bef63b80e658", "Time And Conditions": "This occurred at miday and it was in intermitent cloudiness.", "Civilian labor force": "3,826", "Nearest Town": "North Fork, Idaho", "Season": "Spring", "Class": "Class B", "Multiple Witnesses": "False", "jaccard_score": 0.0010287536649349314, "Forest cover rate": "31.8%", "Dte": "24", "Witness Count": "1.0", "City/Suburb/Town/Rural": "Rural", "Month": "April", "County": "Lemhi", "Year": "2002", "National Park Visitation Count": "560405"}