{"Total Disasters": "2.0", "BigFoot Hotspot": "FALSE", "Unemployment_rate": "9.8", "Report Type": "Report", "State": "California", "id": "03b71cdf-f63b-4e51-b18c-d9503b2c0175", "Time And Conditions": "Night time, just after sunset.  Western sky was still a little orange but it was dark for the most part.", "Civilian labor force": "257,651", "Nearest Town": "North of Cloverdale, California", "Season": "Summer", "Class": "Class A", "Multiple Witnesses": "False", "jaccard_score": 0.0010801913481816778, "Forest cover rate": "17.8%", "Dte": "3", "Witness Count": "1.0", "National Park Visitation Count": "34396905", "City/Suburb/Town/Rural": "City", "Month": "January", "County": "Sonoma", "Year": "2009", "Number of lakes": "2501-5000"}