{"Total Disasters": "3.0", "BigFoot Hotspot": "FALSE", "Unemployment_rate": "2.7", "Report Type": "Report", "State": "Indiana", "id": "03c57d9c-9b76-4771-acfd-68fbcbd4f5f2", "Time And Conditions": "It starts around 9:30pm and it goes on for hours after. And it's very dark.", "Civilian labor force": "5,213", "Nearest Town": "Loogootee", "Season": "Summer", "Class": "Class A", "Multiple Witnesses": "True", "jaccard_score": 0.0010287536649349314, "Forest cover rate": "18.9%", "Dte": "22", "Witness Count": "3.0", "National Park Visitation Count": "2011116", "City/Suburb/Town/Rural": "Rural", "Month": "August", "County": "Martin", "Year": "2018", "Number of lakes": "0-250"}