{"Total Disasters": "4.0", "BigFoot Hotspot": "FALSE", "Unemployment_rate": "3.4", "Report Type": "Report", "State": "Arkansas", "id": "03e24a2a-5418-44d3-a03a-b0c392280dde", "Time And Conditions": "It was about 4 in the evening. Weather Clear, sky bright and sunny.", "Civilian labor force": "188,707", "Nearest Town": "North Little Rock, Arkansas", "Season": "Fall", "Class": "Class A", "Multiple Witnesses": "True", "jaccard_score": 0.0010287536649349314, "Forest cover rate": "55.1%", "Dte": "12", "Witness Count": "4.0", "National Park Visitation Count": "", "City/Suburb/Town/Rural": "City", "Month": "May", "County": "Pulaski", "Year": "2017", "Number of lakes": "1501-2500"}