{"Total Disasters": "1.0", "BigFoot Hotspot": "FALSE", "Unemployment_rate": "5.9", "Report Type": "Report", "State": "Florida", "Month": "August", "id": "03e7828a-ae56-4b4b-a15c-0d1e26b3017b", "Time And Conditions": "I do not remember the time of day.  It was a clear, bright, hot summer day.", "Civilian labor force": "29,556", "Nearest Town": "Palatka, Florida", "Season": "Summer", "Class": "Class A", "Multiple Witnesses": "False", "jaccard_score": 0.0010287536649349314, "Forest cover rate": "42.4%", "Dte": "10", "Witness Count": "1.0", "City/Suburb/Town/Rural": "Suburb", "Number of lakes": "over 2000", "County": "Putnam", "Year": "2002", "National Park Visitation Count": ""}