{"Total Disasters": "2.0", "BigFoot Hotspot": "FALSE", "Unemployment_rate": "3.7", "Report Type": "Report", "State": "Texas", "Month": "January", "id": "03e73fa1-9bbc-408b-b36d-1b85a2c06242", "Time And Conditions": "daytime", "Civilian labor force": "131,373", "Nearest Town": "Lubbock Texas", "Season": "Winter", "Class": "Class B", "Multiple Witnesses": "True", "jaccard_score": 0.0010801913481816778, "Forest cover rate": "7%", "Dte": "5", "Witness Count": "4.0", "City/Suburb/Town/Rural": "City", "Number of lakes": "5001-10000", "County": "Lubbock", "Year": "2001", "National Park Visitation Count": "5401275"}