{"Total Disasters": "0.0", "BigFoot Hotspot": "FALSE", "Unemployment_rate": "6.8", "Report Type": "Report", "State": "New Mexico", "Month": "November", "id": "03f6a1cc-9e81-49c0-b42f-b21b302b1d8e", "Time And Conditions": "it was dark, it was windy and it was 9:00 p.m.", "Civilian labor force": "26,602", "Nearest Town": "Borrego pass nm", "Season": "Fall", "Class": "Class A", "Multiple Witnesses": "False", "jaccard_score": 0.0010801913481816778, "Forest cover rate": "5.6%", "Dte": "6", "Witness Count": "1.0", "City/Suburb/Town/Rural": "Town", "Number of lakes": "501-1500", "County": "McKinley", "Year": "2005", "National Park Visitation Count": "1650441"}