{"Total Disasters": "1.0", "BigFoot Hotspot": "FALSE", "Unemployment_rate": "8.5", "Report Type": "Report", "State": "Michigan", "id": "03fd6ef5-6720-4777-a23e-af5a9a6aa1c1", "Time And Conditions": "Early afternoon on a very bright and sunny day.", "Civilian labor force": "4,390", "Nearest Town": "Munising", "Season": "Summer", "Class": "Class B", "Multiple Witnesses": "False", "jaccard_score": 0.0010801913481816778, "Forest cover rate": "51.2%", "Dte": "28", "Witness Count": "2.0", "National Park Visitation Count": "1591808", "City/Suburb/Town/Rural": "Rural", "Month": "June", "County": "Alger", "Year": "2007", "Number of lakes": "over 2000"}