{"Total Disasters": "0.0", "BigFoot Hotspot": "FALSE", "Unemployment_rate": "4.6", "Report Type": "Report", "State": "New Mexico", "Month": "June", "id": "040841ea-cb2a-4898-9417-251b060bea0e", "Time And Conditions": "4pm to 11pm", "Civilian labor force": "20,011", "Nearest Town": "Lindrith, NM", "Season": "Fall", "Class": "Class B", "Multiple Witnesses": "True", "jaccard_score": 0.0010801913481816778, "Forest cover rate": "5.6%", "Dte": "30", "Witness Count": "5.0", "City/Suburb/Town/Rural": "Suburb", "Number of lakes": "501-1500", "County": "Rio Arriba", "Year": "2007", "National Park Visitation Count": "1866398"}