{"Total Disasters": "1.0", "BigFoot Hotspot": "FALSE", "Unemployment_rate": "", "Report Type": "Report", "State": "Kansas", "Month": "January", "id": "0424d721-4d0c-4e10-bd05-d0132e31e7a8", "Time And Conditions": "", "Civilian labor force": "", "Nearest Town": "", "Season": "Fall", "Class": "Class A", "Multiple Witnesses": "False", "jaccard_score": 0.0008230029319479451, "Forest cover rate": "2.8%", "Dte": "1", "Witness Count": "0.0", "City/Suburb/Town/Rural": "", "Number of lakes": "0-250", "County": "Montgomery", "Year": "1998", "National Park Visitation Count": ""}