{"Total Disasters": "4.0", "BigFoot Hotspot": "FALSE", "Unemployment_rate": "", "Report Type": "Report", "State": "Louisiana", "Month": "May", "id": "042bfb2e-d1ca-485a-a64c-25949aa7b760", "Time And Conditions": "", "Civilian labor force": "", "Nearest Town": "Alexandria", "Season": "Summer", "Class": "Class A", "Multiple Witnesses": "False", "jaccard_score": 0.0008744406151946916, "Forest cover rate": "49.2%", "Dte": "19", "Witness Count": "0.0", "City/Suburb/Town/Rural": "", "Number of lakes": "0-250", "County": "Rapides", "Year": "1998", "National Park Visitation Count": ""}