{"Total Disasters": "3.0", "BigFoot Hotspot": "FALSE", "Unemployment_rate": "3.3", "Report Type": "Report", "State": "Iowa", "Month": "February", "id": "04776acf-ac6f-471a-9190-cf5bc36b14f0", "Time And Conditions": "Late night. Really dark, little moon light. No rain.", "Civilian labor force": "42,713", "Nearest Town": "Perry Iowa", "Season": "Summer", "Class": "Class B", "Multiple Witnesses": "False", "jaccard_score": 0.0010801913481816778, "Forest cover rate": "5.4%", "Dte": "2", "Witness Count": "0.0", "City/Suburb/Town/Rural": "City", "Number of lakes": "0-250", "County": "Dallas", "Year": "2014", "National Park Visitation Count": "207352"}