{"Total Disasters": "", "BigFoot Hotspot": "", "Unemployment_rate": "", "Report Type": "Media Article", "State": "", "Month": "", "id": "048f0176-b979-4d01-8d8b-eaaa93987baf", "Time And Conditions": "", "Civilian labor force": "", "Nearest Town": "", "Season": "", "Class": "", "Multiple Witnesses": "False", "jaccard_score": 0.00020575073298698628, "Forest cover rate": "", "Dte": "", "Witness Count": "", "City/Suburb/Town/Rural": "", "Number of lakes": "", "County": "", "Year": "", "National Park Visitation Count": ""}