{"Total Disasters": "1.0", "BigFoot Hotspot": "FALSE", "Unemployment_rate": "3.3", "Report Type": "Report", "State": "Utah", "id": "04902af8-a72f-4f4f-a1ec-f051d076a046", "Time And Conditions": "in the observed part", "Civilian labor force": "225,584", "Nearest Town": "Lindon", "Season": "Winter", "Class": "Class B", "Multiple Witnesses": "False", "jaccard_score": 0.0010287536649349314, "Forest cover rate": "8.9%", "Dte": "1", "Witness Count": "2.0", "National Park Visitation Count": "8975607", "City/Suburb/Town/Rural": "City", "Month": "March", "County": "Utah", "Year": "2008", "Number of lakes": "501-1500"}