{"Total Disasters": "4.0", "BigFoot Hotspot": "FALSE", "Unemployment_rate": "6.6", "Report Type": "Report", "State": "Missouri", "Month": "April", "id": "04a07e87-cca0-468f-bb9f-547e7be04c43", "Time And Conditions": "evening around 8-9 pm, clear sky", "Civilian labor force": "6,533", "Nearest Town": "el dorado springs", "Season": "Fall", "Class": "Class A", "Multiple Witnesses": "False", "jaccard_score": 0.0010801913481816778, "Forest cover rate": "30.3%", "Dte": "27", "Witness Count": "2.0", "City/Suburb/Town/Rural": "Town", "Number of lakes": "0-250", "County": "Cedar", "Year": "2008", "National Park Visitation Count": "4815314"}