{"Total Disasters": "4.0", "BigFoot Hotspot": "FALSE", "Unemployment_rate": "4.2", "Report Type": "Report", "State": "Illinois", "id": "04a66f99-eca7-4902-85a6-7f154926b171", "Time And Conditions": "It was late aternoon into evening. The lighting conditions were bright.", "Civilian labor force": "106,636", "Nearest Town": "Dawson", "Season": "Winter", "Class": "Class A", "Multiple Witnesses": "False", "jaccard_score": 0.0010801913481816778, "Forest cover rate": "11.5%", "Dte": "18", "Witness Count": "1.0", "National Park Visitation Count": "428202", "City/Suburb/Town/Rural": "City", "Month": "July", "County": "Sangamon", "Year": "2006", "Number of lakes": "0-250"}