{"Number of lakes": "501-1500", "Total Disasters": "1.0", "BigFoot Hotspot": "FALSE", "Unemployment_rate": "15.1", "Report Type": "Report", "State": "Oregon", "id": "04aa02bd-88d4-4745-8663-4d1ee7b20588", "Time And Conditions": "around 2.overcast", "Civilian labor force": "46,866", "Nearest Town": "elkton", "Season": "Fall", "Class": "Class B", "Multiple Witnesses": "False", "jaccard_score": 0.0010801913481816778, "Forest cover rate": "38.8%", "Dte": "22", "Witness Count": "2.0", "City/Suburb/Town/Rural": "Suburb", "Month": "February", "County": "Douglas", "Year": "2009", "National Park Visitation Count": "806344"}