{"Total Disasters": "", "BigFoot Hotspot": "", "Unemployment_rate": "", "Report Type": "Media Article", "State": "", "id": "04b36b5a-e3fc-4664-bd20-2b7a3a870198", "Time And Conditions": "", "Civilian labor force": "", "Nearest Town": "", "Season": "", "Class": "", "Multiple Witnesses": "False", "jaccard_score": 0.00020575073298698628, "Forest cover rate": "", "Dte": "", "Witness Count": "", "National Park Visitation Count": "", "City/Suburb/Town/Rural": "", "Month": "", "County": "", "Year": "", "Number of lakes": ""}