{"Total Disasters": "0.0", "BigFoot Hotspot": "TRUE", "Unemployment_rate": "", "Report Type": "Report", "State": "California", "Month": "May", "id": "04b5d63b-ee61-43d9-bad8-7becffe70d27", "Time And Conditions": "June 6, 1996, 11:44pm.", "Civilian labor force": "", "Nearest Town": "", "Season": "Spring", "Class": "Class B", "Multiple Witnesses": "False", "jaccard_score": 0.0009258782984414382, "Forest cover rate": "17.8%", "Dte": "16", "Witness Count": "2.0", "City/Suburb/Town/Rural": "", "Number of lakes": "2501-5000", "County": "Humboldt", "Year": "1999", "National Park Visitation Count": "34569619"}