{"Total Disasters": "1.0", "BigFoot Hotspot": "FALSE", "Unemployment_rate": "8.0", "Report Type": "Report", "State": "Ohio", "id": "04bbff73-18cb-4f99-976a-7650691c325b", "Time And Conditions": "It was sunny and in the 40's and it was in the morning around 9-10 am.", "Civilian labor force": "16,886", "Nearest Town": "Marengo", "Season": "Winter", "Class": "Class B", "Multiple Witnesses": "False", "jaccard_score": 0.0010287536649349314, "Forest cover rate": "28.9%", "Dte": "26", "Witness Count": "1.0", "National Park Visitation Count": "2383816", "City/Suburb/Town/Rural": "City", "Month": "March", "County": "Morrow", "Year": "2013", "Number of lakes": "0-250"}