{"Total Disasters": "0.0", "BigFoot Hotspot": "FALSE", "Unemployment_rate": "4.8", "Report Type": "Report", "State": "California", "Month": "June", "id": "04c7411f-904f-4c09-9e38-43f5ad54851e", "Time And Conditions": "Afternoon, break in the rainy weather.", "Civilian labor force": "91,067", "Nearest Town": "Tahoe City", "Season": "Spring", "Class": "Class B", "Multiple Witnesses": "False", "jaccard_score": 0.0010801913481816778, "Forest cover rate": "17.8%", "Dte": "6", "Witness Count": "2.0", "City/Suburb/Town/Rural": "City", "Number of lakes": "2501-5000", "County": "El Dorado", "Year": "2005", "National Park Visitation Count": "33400604"}