{"Total Disasters": "2.0", "BigFoot Hotspot": "FALSE", "Unemployment_rate": "4.8", "Report Type": "Report", "State": "Indiana", "Month": "June", "id": "04cbd02d-6c52-4df1-b797-4b8a11b4c59b", "Time And Conditions": "This occured at 1:30 in the morning. Across the street from my house there is one street light for illumination. The moon was very bright that night I do remember. When I saw was outlined by the moons natural light.", "Civilian labor force": "35,811", "Nearest Town": "Columbus", "Season": "Spring", "Class": "Class A", "Multiple Witnesses": "True", "jaccard_score": 0.0010801913481816778, "Forest cover rate": "18.9%", "Dte": "5", "Witness Count": "4.0", "City/Suburb/Town/Rural": "City", "Number of lakes": "0-250", "County": "Bartholomew", "Year": "2002", "National Park Visitation Count": "2010602"}