{"Total Disasters": "2.0", "BigFoot Hotspot": "FALSE", "Unemployment_rate": "8.8", "Report Type": "Report", "State": "Montana", "Month": "October", "id": "04cc5af0-ebb1-4fe7-b0e2-2ef2eb2845bc", "Time And Conditions": "Both were in afternoon.", "Civilian labor force": "43,283", "Nearest Town": "Ronan Mt and Dixon Mt", "Season": "Fall", "Class": "Class B", "Multiple Witnesses": "True", "jaccard_score": 0.0010801913481816778, "Forest cover rate": "20.6%", "Dte": "22", "Witness Count": "4.0", "City/Suburb/Town/Rural": "Town", "Number of lakes": "2501-5000", "County": "Flathead", "Year": "2012", "National Park Visitation Count": "2806495"}