{"Total Disasters": "3.0", "BigFoot Hotspot": "FALSE", "Unemployment_rate": "5.0", "Report Type": "Report", "State": "Oregon", "Month": "August", "id": "04d9fe96-711a-4f35-b315-ab95cf0c1080", "Time And Conditions": "Early morning, security lighting, misty rain.", "Civilian labor force": "20,297", "Nearest Town": "Seaside, OR", "Season": "Summer", "Class": "Class B", "Multiple Witnesses": "False", "jaccard_score": 0.0010801913481816778, "Forest cover rate": "38.8%", "Dte": "2", "Witness Count": "2.0", "City/Suburb/Town/Rural": "Suburb", "Number of lakes": "501-1500", "County": "Clatsop", "Year": "2008", "National Park Visitation Count": "832095"}