{"Total Disasters": "1.0", "BigFoot Hotspot": "FALSE", "Unemployment_rate": "8.0", "Report Type": "Report", "State": "Michigan", "Month": "July", "id": "04dc9bbc-cf0d-4316-93a1-b76c00e9491b", "Time And Conditions": "We have events usually around 1-4:30 AM.", "Civilian labor force": "22,357", "Nearest Town": "Allen,MI", "Season": "Spring", "Class": "Class A", "Multiple Witnesses": "True", "jaccard_score": 0.0010801913481816778, "Forest cover rate": "51.2%", "Dte": "13", "Witness Count": "7.0", "City/Suburb/Town/Rural": "Suburb", "Number of lakes": "over 2000", "County": "Hillsdale", "Year": "2006", "National Park Visitation Count": "1649394"}