{"Total Disasters": "4.0", "BigFoot Hotspot": "FALSE", "Unemployment_rate": "5.6", "Report Type": "Report", "State": "North Carolina", "Month": "October", "id": "04e40957-dc5e-45cd-9a60-00564863b5ce", "Time And Conditions": "Started at 2:30 am.", "Civilian labor force": "11,613", "Nearest Town": "El Dorado, Uwharrie", "Season": "Fall", "Class": "Class B", "Multiple Witnesses": "False", "jaccard_score": 0.0010801913481816778, "Forest cover rate": "59.9%", "Dte": "26", "Witness Count": "2.0", "City/Suburb/Town/Rural": "Town", "Number of lakes": "0-250", "County": "Montgomery", "Year": "2015", "National Park Visitation Count": "18841872"}