{"Total Disasters": "1.0", "BigFoot Hotspot": "FALSE", "Unemployment_rate": "", "Report Type": "Report", "State": "Kansas", "Month": "February", "id": "04e9cf71-4f1e-4d9e-af30-f0f52e0dedd0", "Time And Conditions": "7:00 A.M.", "Civilian labor force": "", "Nearest Town": "", "Season": "Fall", "Class": "Class A", "Multiple Witnesses": "False", "jaccard_score": 0.0008744406151946916, "Forest cover rate": "2.8%", "Dte": "22", "Witness Count": "0.0", "City/Suburb/Town/Rural": "", "Number of lakes": "0-250", "County": "Sedgwick", "Year": "1998", "National Park Visitation Count": ""}