{"Total Disasters": "3.0", "BigFoot Hotspot": "FALSE", "Unemployment_rate": "6.4", "Report Type": "Report", "State": "Ohio", "Month": "October", "id": "04f32b31-7e3a-40f6-852d-49bfd9783048", "Time And Conditions": "Night time around 11PM. It was a half moon out and it was very cool out.", "Civilian labor force": "33,219", "Nearest Town": "Marietta", "Season": "Winter", "Class": "Class A", "Multiple Witnesses": "True", "jaccard_score": 0.0010287536649349314, "Forest cover rate": "28.9%", "Dte": "26", "Witness Count": "3.0", "City/Suburb/Town/Rural": "Suburb", "Number of lakes": "0-250", "County": "Washington", "Year": "2003", "National Park Visitation Count": ""}