{"Total Disasters": "1.0", "BigFoot Hotspot": "FALSE", "Unemployment_rate": "4.0", "Report Type": "Report", "State": "Colorado", "id": "04fb84d9-1e53-4643-96ad-a820c6f2faf5", "Time And Conditions": "", "Civilian labor force": "3,999", "Nearest Town": "", "Season": "Summer", "Class": "Class A", "Multiple Witnesses": "False", "jaccard_score": 0.0009773159816881848, "Forest cover rate": "17.5%", "Dte": "1", "Witness Count": "0.0", "National Park Visitation Count": "", "City/Suburb/Town/Rural": "Rural", "Month": "January", "County": "Lake", "Year": "2001", "Number of lakes": "501-1500"}