{"Total Disasters": "0.0", "BigFoot Hotspot": "FALSE", "Unemployment_rate": "7.6", "Report Type": "Report", "State": "Oregon", "id": "05010993-09a0-4697-b28e-7f0515268790", "Time And Conditions": "Early morning. Weather was mild, slightly foggy.", "Civilian labor force": "11,631", "Nearest Town": "Dee", "Season": "Fall", "Class": "Class B", "Multiple Witnesses": "True", "jaccard_score": 0.0010801913481816778, "Forest cover rate": "38.8%", "Dte": "25", "Witness Count": "4.0", "National Park Visitation Count": "", "City/Suburb/Town/Rural": "Suburb", "Month": "January", "County": "Hood River", "Year": "2001", "Number of lakes": "501-1500"}