{"Total Disasters": "1.0", "BigFoot Hotspot": "FALSE", "Unemployment_rate": "4.2", "Report Type": "Report", "State": "Florida", "id": "0507ded6-a4fd-4cac-89b5-58426faf66b8", "Time And Conditions": "About 1:30 when we returned to the cars", "Civilian labor force": "15,840", "Nearest Town": "Wakulla", "Season": "Winter", "Class": "Class A", "Multiple Witnesses": "False", "jaccard_score": 0.0010287536649349314, "Forest cover rate": "42.4%", "Dte": "9", "Witness Count": "2.0", "National Park Visitation Count": "8451287", "City/Suburb/Town/Rural": "City", "Month": "April", "County": "Wakulla", "Year": "2008", "Number of lakes": "over 2000"}