{"Total Disasters": "2.0", "BigFoot Hotspot": "FALSE", "Unemployment_rate": "5.3", "Report Type": "Report", "State": "California", "Month": "August", "id": "052f58c4-7b40-488e-8928-c7a447c0131a", "Time And Conditions": "The first time was about mid afternoon, and the second time was late afternoon.", "Civilian labor force": "86,134", "Nearest Town": "Pollock Pines", "Season": "Fall", "Class": "Class B", "Multiple Witnesses": "True", "jaccard_score": 0.0010801913481816778, "Forest cover rate": "17.8%", "Dte": "9", "Witness Count": "8.0", "City/Suburb/Town/Rural": "City", "Number of lakes": "2501-5000", "County": "El Dorado", "Year": "2002", "National Park Visitation Count": ""}