{"Total Disasters": "1.0", "BigFoot Hotspot": "FALSE", "Unemployment_rate": "", "Report Type": "Report", "State": "West Virginia", "Month": "September", "id": "0553c6a4-7e02-437d-a51c-c521d4031523", "Time And Conditions": "5 P.M.", "Civilian labor force": "", "Nearest Town": "Charleston, Wv.", "Season": "Spring", "Class": "Class A", "Multiple Witnesses": "False", "jaccard_score": 0.0009773159816881848, "Forest cover rate": "77.2%", "Dte": "17", "Witness Count": "0.0", "City/Suburb/Town/Rural": "", "Number of lakes": "0-250", "County": "Lincoln", "Year": "2021", "National Park Visitation Count": "1626220"}