{"Number of lakes": "5001-10000", "Total Disasters": "1.0", "BigFoot Hotspot": "TRUE", "Unemployment_rate": "8.0", "Report Type": "Report", "State": "Washington", "id": "0564c095-bf9b-4e70-ac1c-ed02a1c50b32", "Time And Conditions": "3-330pm. I believe we left camp at 230. Sunny, no cloud cover.", "Civilian labor force": "4,936", "Nearest Town": "Cougar", "Season": "Summer", "Class": "Class B", "Multiple Witnesses": "False", "jaccard_score": 0.0010287536649349314, "Forest cover rate": "40.7%", "Dte": "15", "Witness Count": "1.0", "City/Suburb/Town/Rural": "City", "Month": "July", "County": "Skamania", "Year": "2014", "National Park Visitation Count": "7652073"}