{"Total Disasters": "0.0", "BigFoot Hotspot": "FALSE", "Unemployment_rate": "5.4", "Report Type": "Report", "State": "Oregon", "id": "057dbfca-caaf-42f0-9239-9666c3e210fe", "Time And Conditions": "It was around 9 pm. It was dark. The night was cold. The sky was clear enough to see the stars.", "Civilian labor force": "262,667", "Nearest Town": "Hillsboro", "Season": "Fall", "Class": "Class A", "Multiple Witnesses": "False", "jaccard_score": 0.0010801913481816778, "Forest cover rate": "38.8%", "Dte": "23", "Witness Count": "1.0", "National Park Visitation Count": "831394", "City/Suburb/Town/Rural": "City", "Month": "February", "County": "Washington", "Year": "2001", "Number of lakes": "501-1500"}