{"Total Disasters": "6.0", "BigFoot Hotspot": "FALSE", "Unemployment_rate": "3.6", "Report Type": "Report", "State": "Kansas", "Month": "December", "id": "057f2146-f283-4319-bac8-f9dd2633cba4", "Time And Conditions": "Clear and it was 7pm when we saw all of this.", "Civilian labor force": "2,854", "Nearest Town": "Zurich", "Season": "Fall", "Class": "Class A", "Multiple Witnesses": "True", "jaccard_score": 0.0010801913481816778, "Forest cover rate": "2.8%", "Dte": "8", "Witness Count": "3.0", "City/Suburb/Town/Rural": "Rural", "Number of lakes": "0-250", "County": "Rooks", "Year": "2014", "National Park Visitation Count": "98591"}