{"Total Disasters": "0.0", "BigFoot Hotspot": "FALSE", "Unemployment_rate": "4.0", "Report Type": "Report", "State": "California", "id": "0583df6b-02e0-4b7d-9a30-9bab6ec9c77a", "Time And Conditions": "Sunny afternoon, 11:30 or so.  Warm, maybe 75 - 80 degrees.", "Civilian labor force": "138,727", "Nearest Town": "Georgetown", "Season": "Summer", "Class": "Class A", "Multiple Witnesses": "True", "jaccard_score": 0.0010801913481816778, "Forest cover rate": "17.8%", "Dte": "29", "Witness Count": "3.0", "National Park Visitation Count": "32554774", "City/Suburb/Town/Rural": "City", "Month": "July", "County": "Placer", "Year": "2001", "Number of lakes": "2501-5000"}