{"Total Disasters": "1.0", "BigFoot Hotspot": "FALSE", "Unemployment_rate": "6.7", "Report Type": "Report", "State": "Ohio", "Month": "February", "id": "059fe8e2-a8d3-44fd-892b-0447b41e2de0", "Time And Conditions": "dusk around 7 pm but with light", "Civilian labor force": "48,577", "Nearest Town": "Salem Ohio 44460  heading toward Canfield", "Season": "Fall", "Class": "Class A", "Multiple Witnesses": "False", "jaccard_score": 0.0010287536649349314, "Forest cover rate": "28.9%", "Dte": "24", "Witness Count": "1.0", "City/Suburb/Town/Rural": "Suburb", "Number of lakes": "0-250", "County": "Columbiana", "Year": "2016", "National Park Visitation Count": "2595768"}