{"Total Disasters": "1.0", "BigFoot Hotspot": "TRUE", "Unemployment_rate": "5.5", "Report Type": "Report", "State": "California", "id": "05b1541b-c1dc-4f96-a231-40e6a7c6ee4d", "Time And Conditions": "Dawn", "Civilian labor force": "59,498", "Nearest Town": "[edited -- location details removed]", "Season": "Summer", "Class": "Class B", "Multiple Witnesses": "True", "jaccard_score": 0.0010801913481816778, "Forest cover rate": "17.8%", "Dte": "30", "Witness Count": "3.0", "National Park Visitation Count": "32906849", "City/Suburb/Town/Rural": "Town", "Month": "August", "County": "Humboldt", "Year": "2006", "Number of lakes": "2501-5000"}