{"Total Disasters": "3.0", "BigFoot Hotspot": "FALSE", "Unemployment_rate": "7.9", "Report Type": "Report", "State": "Illinois", "Month": "April", "id": "05b7d838-6b43-48f6-a01d-caddd4bbadd9", "Time And Conditions": "11:30 at night", "Civilian labor force": "3,046", "Nearest Town": "Albion", "Season": "Spring", "Class": "Class B", "Multiple Witnesses": "False", "jaccard_score": 0.0010801913481816778, "Forest cover rate": "11.5%", "Dte": "4", "Witness Count": "1.0", "City/Suburb/Town/Rural": "Rural", "Number of lakes": "0-250", "County": "Edwards", "Year": "2012", "National Park Visitation Count": "367968"}