{"Total Disasters": "1.0", "BigFoot Hotspot": "FALSE", "Unemployment_rate": "", "Report Type": "Report", "State": "California", "id": "05baf6bf-ff1d-45e2-bac6-2ddbdf5d9c3e", "Time And Conditions": "", "Civilian labor force": "", "Nearest Town": "", "Season": "Summer", "Class": "Class A", "Multiple Witnesses": "False", "jaccard_score": 0.0008744406151946916, "Forest cover rate": "17.8%", "Dte": "1", "Witness Count": "0.0", "National Park Visitation Count": "35439030", "City/Suburb/Town/Rural": "", "Month": "January", "County": "Del Norte", "Year": "1997", "Number of lakes": "2501-5000"}