{"Number of lakes": "over 2000", "Total Disasters": "4.0", "BigFoot Hotspot": "FALSE", "Unemployment_rate": "7.8", "Report Type": "Report", "State": "Minnesota", "id": "05cd87f8-db40-4b25-a5f9-208051b3f59c", "Time And Conditions": "Late Morning.  Overcast skies.  No shadows visible.", "Civilian labor force": "5,149", "Nearest Town": "Middle River", "Season": "Fall", "Class": "Class B", "Multiple Witnesses": "False", "jaccard_score": 0.0010801913481816778, "Forest cover rate": "28.9%", "Dte": "13", "Witness Count": "1.0", "City/Suburb/Town/Rural": "Rural", "Month": "March", "County": "Marshall", "Year": "2008", "National Park Visitation Count": ""}