{"Number of lakes": "5001-10000", "Total Disasters": "1.0", "BigFoot Hotspot": "TRUE", "Unemployment_rate": "7.5", "Report Type": "Report", "State": "Washington", "id": "05d60605-2718-4b81-93c1-c91b32c19975", "Time And Conditions": "Morning and track was relatively fresh. With in the Week.", "Civilian labor force": "31,215", "Nearest Town": "Trout Lake", "Season": "Fall", "Class": "Class B", "Multiple Witnesses": "False", "jaccard_score": 0.0010801913481816778, "Forest cover rate": "40.7%", "Dte": "23", "Witness Count": "2.0", "City/Suburb/Town/Rural": "Suburb", "Month": "September", "County": "Lewis", "Year": "2006", "National Park Visitation Count": "6518791"}