{"Total Disasters": "2.0", "BigFoot Hotspot": "FALSE", "Unemployment_rate": "5.7", "Report Type": "Report", "State": "Louisiana", "id": "05e1dd4c-e5cb-4df2-99a7-97301995ed00", "Time And Conditions": "Sunrise - blackness against a rising sun. Dark enough for a lamp to light the way to the duck blind.", "Civilian labor force": "16,309", "Nearest Town": "Bordelonville, Louisiana", "Season": "Fall", "Class": "Class B", "Multiple Witnesses": "False", "jaccard_score": 0.0010287536649349314, "Forest cover rate": "49.2%", "Dte": "13", "Witness Count": "2.0", "National Park Visitation Count": "", "City/Suburb/Town/Rural": "Town", "Month": "August", "County": "Avoyelles", "Year": "2008", "Number of lakes": "0-250"}