{"Number of lakes": "over 2000", "Total Disasters": "0.0", "BigFoot Hotspot": "FALSE", "Unemployment_rate": "3.2", "Report Type": "Report", "State": "Michigan", "id": "05e452c8-a2ac-4898-9178-a936d53b9c8e", "Time And Conditions": "", "Civilian labor force": "319,225", "Nearest Town": "Lowell", "Season": "Summer", "Class": "Class A", "Multiple Witnesses": "False", "jaccard_score": 0.0010287536649349314, "Forest cover rate": "51.2%", "Dte": "17", "Witness Count": "0.0", "City/Suburb/Town/Rural": "City", "Month": "August", "County": "Kent", "Year": "2000", "National Park Visitation Count": "1112407"}