{"Total Disasters": "1.0", "BigFoot Hotspot": "FALSE", "Unemployment_rate": "12.1", "Report Type": "Report", "State": "West Virginia", "id": "05f6a616-1d10-430a-8a75-77654c1bcb71", "Time And Conditions": "Evening. The sun was just starting to go down, though there was still sufficient light for clear vision.", "Civilian labor force": "2,881", "Nearest Town": "Davis", "Season": "Winter", "Class": "Class A", "Multiple Witnesses": "False", "jaccard_score": 0.0010287536649349314, "Forest cover rate": "77.2%", "Dte": "11", "Witness Count": "1.0", "National Park Visitation Count": "1626220", "City/Suburb/Town/Rural": "Rural", "Month": "January", "County": "Tucker", "Year": "2009", "Number of lakes": "0-250"}