{"Total Disasters": "5.0", "BigFoot Hotspot": "FALSE", "Unemployment_rate": "9.9", "Report Type": "Report", "State": "Illinois", "Month": "September", "id": "05f99bdd-45e0-4e40-8c84-6bdbbaafa35f", "Time And Conditions": "About 4:15 in the afternoon. It was chilly but nice day. I don't remember if it was cloudy.", "Civilian labor force": "359,245", "Nearest Town": "Beecher", "Season": "Fall", "Class": "Class A", "Multiple Witnesses": "False", "jaccard_score": 0.0010801913481816778, "Forest cover rate": "11.5%", "Dte": "17", "Witness Count": "1.0", "City/Suburb/Town/Rural": "City", "Number of lakes": "0-250", "County": "Will", "Year": "2013", "National Park Visitation Count": "464074"}