{"Total Disasters": "5.0", "BigFoot Hotspot": "FALSE", "Unemployment_rate": "8.9", "Report Type": "Report", "State": "Ohio", "id": "05fe4f47-33cc-469b-88d8-b3df1114e33c", "Time And Conditions": "night about 200 or 230am very dark but some moon light mostly clear skies probably 60 - 63 degrees", "Civilian labor force": "89,145", "Nearest Town": "atwater", "Season": "Summer", "Class": "Class B", "Multiple Witnesses": "False", "jaccard_score": 0.0010801913481816778, "Forest cover rate": "28.9%", "Dte": "4", "Witness Count": "1.0", "National Park Visitation Count": "2863791", "City/Suburb/Town/Rural": "City", "Month": "November", "County": "Portage", "Year": "2011", "Number of lakes": "0-250"}