{"Total Disasters": "2.0", "BigFoot Hotspot": "FALSE", "Unemployment_rate": "7.9", "Report Type": "Report", "State": "Oregon", "Month": "November", "id": "06173d98-0378-4d86-98f6-ab6a8fbe5918", "Time And Conditions": "This was about 1:30 in the morning.  It was a full moon but there was a light over cast.  There were on and off showers.", "Civilian labor force": "172,513", "Nearest Town": "Near  Willamette Pass", "Season": "Fall", "Class": "Class A", "Multiple Witnesses": "False", "jaccard_score": 0.0010801913481816778, "Forest cover rate": "38.8%", "Dte": "10", "Witness Count": "1.0", "City/Suburb/Town/Rural": "City", "Number of lakes": "501-1500", "County": "Lane", "Year": "2003", "National Park Visitation Count": "937962"}