{"Total Disasters": "1.0", "BigFoot Hotspot": "FALSE", "Unemployment_rate": "4.5", "Report Type": "Report", "State": "Kentucky", "Month": "October", "id": "06224374-8430-43d2-9477-7936130f323a", "Time And Conditions": "530am, dark, calm weather, I had a strong flashlight on it also", "Civilian labor force": "5,900", "Nearest Town": "Campbellsville", "Season": "Fall", "Class": "Class A", "Multiple Witnesses": "False", "jaccard_score": 0.0010287536649349314, "Forest cover rate": "48.6%", "Dte": "31", "Witness Count": "1.0", "City/Suburb/Town/Rural": "City", "Number of lakes": "0-250", "County": "Larue", "Year": "2016", "National Park Visitation Count": "1659396"}