{"Total Disasters": "4.0", "BigFoot Hotspot": "FALSE", "Unemployment_rate": "5.6", "Report Type": "Report", "State": "North Carolina", "Month": "October", "id": "062af0d6-87de-4ae9-a289-0fe5e5fc75bd", "Time And Conditions": "Between 9-10:30 am., no other people were on the trail until after that.", "Civilian labor force": "11,613", "Nearest Town": "Troy i think", "Season": "Summer", "Class": "Class B", "Multiple Witnesses": "False", "jaccard_score": 0.0010801913481816778, "Forest cover rate": "59.9%", "Dte": "3", "Witness Count": "1.0", "City/Suburb/Town/Rural": "Town", "Number of lakes": "0-250", "County": "Montgomery", "Year": "2015", "National Park Visitation Count": "18841872"}