{"Total Disasters": "0.0", "BigFoot Hotspot": "TRUE", "Unemployment_rate": "8.4", "Report Type": "Report", "State": "Washington", "Month": "March", "id": "0633157f-bf18-4e07-b98c-6d41cce67a1b", "Time And Conditions": "It was about 3:20 in the afternoon.The lighting that day was really good,and it was a clear day.Which is rare in washington.", "Civilian labor force": "1,097,736", "Nearest Town": "snoqualmie", "Season": "Fall", "Class": "Class A", "Multiple Witnesses": "False", "jaccard_score": 0.0010801913481816778, "Forest cover rate": "40.7%", "Dte": "18", "Witness Count": "2.0", "City/Suburb/Town/Rural": "City", "Number of lakes": "5001-10000", "County": "King", "Year": "2010", "National Park Visitation Count": "7256946"}