{"Total Disasters": "4.0", "BigFoot Hotspot": "FALSE", "Unemployment_rate": "8.4", "Report Type": "Report", "State": "Kentucky", "Month": "December", "id": "063f9b27-3e8f-478f-9c83-0e2e75b0cf9e", "Time And Conditions": "My sighting happened at around 10:10 or 10:15 at night. I live in a pretty wooded area, lighting was pretty good because of the light pole that stands at the edge of my yard I got a pretty good look. It was slightly raining but not hard just a drizzle.", "Civilian labor force": "11,195", "Nearest Town": "Morehead", "Season": "Winter", "Class": "Class A", "Multiple Witnesses": "False", "jaccard_score": 0.0010801913481816778, "Forest cover rate": "48.6%", "Dte": "9", "Witness Count": "1.0", "City/Suburb/Town/Rural": "Rural", "Number of lakes": "0-250", "County": "Rowan", "Year": "2012", "National Park Visitation Count": "1531567"}