{"Total Disasters": "7.0", "BigFoot Hotspot": "FALSE", "Unemployment_rate": "12.0", "Report Type": "Report", "State": "Georgia", "id": "06447e94-282a-4e6f-b2c1-2ddec97226d7", "Time And Conditions": "2am the back yard was really dark.", "Civilian labor force": "44,760", "Nearest Town": "rome", "Season": "Fall", "Class": "Class A", "Multiple Witnesses": "False", "jaccard_score": 0.0010801913481816778, "Forest cover rate": "64.2%", "Dte": "18", "Witness Count": "2.0", "National Park Visitation Count": "6102961", "City/Suburb/Town/Rural": "City", "Month": "July", "County": "Floyd", "Year": "2011", "Number of lakes": "0-250"}