{"Number of lakes": "1501-2500", "Total Disasters": "1.0", "BigFoot Hotspot": "FALSE", "Unemployment_rate": "5.7", "Report Type": "Report", "State": "Idaho", "id": "06462f6f-ec16-4f1e-ad2d-18502c260c64", "Time And Conditions": "Near midnight. Clear sky. Full moon.", "Civilian labor force": "5,055", "Nearest Town": "Clarkia Idaho", "Season": "Summer", "Class": "Class A", "Multiple Witnesses": "False", "jaccard_score": 0.0010801913481816778, "Forest cover rate": "31.8%", "Dte": "19", "Witness Count": "2.0", "City/Suburb/Town/Rural": "Rural", "Month": "May", "County": "Shoshone", "Year": "2018", "National Park Visitation Count": "435806"}