{"Total Disasters": "2.0", "BigFoot Hotspot": "FALSE", "Unemployment_rate": "6.6", "Report Type": "Report", "State": "Pennsylvania", "id": "064c10f6-95e4-4b0f-aa05-e9c6048838dd", "Time And Conditions": "The weather was nice enough that you did not need a heavy coat and the lighting was normal, not bright but not dim,  it was about 12:30 in the afternoon.", "Civilian labor force": "66,701", "Nearest Town": "southfork", "Season": "Spring", "Class": "Class A", "Multiple Witnesses": "True", "jaccard_score": 0.0010801913481816778, "Forest cover rate": "55.3%", "Dte": "12", "Witness Count": "3.0", "National Park Visitation Count": "12536517", "City/Suburb/Town/Rural": "City", "Month": "January", "County": "Cambria", "Year": "2001", "Number of lakes": "251-500"}