{"Total Disasters": "0.0", "BigFoot Hotspot": "FALSE", "Unemployment_rate": "", "Report Type": "Report", "State": "Montana", "id": "065c2864-0875-4f6c-ad46-a366979f5108", "Time And Conditions": "The last sighting the day was sunny no overcast and about 80 degrees a very nice Montana day", "Civilian labor force": "", "Nearest Town": "Lincoln", "Season": "Summer", "Class": "Class A", "Multiple Witnesses": "True", "jaccard_score": 0.0009773159816881848, "Forest cover rate": "20.6%", "Dte": "9", "Witness Count": "3.0", "National Park Visitation Count": "2331634", "City/Suburb/Town/Rural": "", "Month": "December", "County": "Lewis And Clark", "Year": "1999", "Number of lakes": "2501-5000"}