{"Total Disasters": "1.0", "BigFoot Hotspot": "TRUE", "Unemployment_rate": "8.5", "Report Type": "Report", "State": "Washington", "Month": "September", "id": "0664d8df-eb2a-4612-8b94-1b6f163185ce", "Time And Conditions": "", "Civilian labor force": "385,098", "Nearest Town": "Spanaway", "Season": "Fall", "Class": "Class A", "Multiple Witnesses": "False", "jaccard_score": 0.0010801913481816778, "Forest cover rate": "40.7%", "Dte": "13", "Witness Count": "0.0", "City/Suburb/Town/Rural": "City", "Number of lakes": "5001-10000", "County": "Pierce", "Year": "2012", "National Park Visitation Count": "7529549"}