{"Total Disasters": "1.0", "BigFoot Hotspot": "FALSE", "Unemployment_rate": "5.7", "Report Type": "Report", "State": "Texas", "Month": "April", "id": "066655a2-7fb2-4880-bb31-0f4e4a8abb5e", "Time And Conditions": "", "Civilian labor force": "19,037", "Nearest Town": "Callisburg", "Season": "Fall", "Class": "Class B", "Multiple Witnesses": "True", "jaccard_score": 0.0010287536649349314, "Forest cover rate": "7%", "Dte": "26", "Witness Count": "5.0", "City/Suburb/Town/Rural": "Suburb", "Number of lakes": "5001-10000", "County": "Cooke", "Year": "2003", "National Park Visitation Count": ""}