{"Total Disasters": "0.0", "BigFoot Hotspot": "FALSE", "Unemployment_rate": "9.1", "Report Type": "Report", "State": "Oregon", "Month": "February", "id": "066a788f-159d-4395-a05d-89d02f58231e", "Time And Conditions": "About an hour after daylight", "Civilian labor force": "23,155", "Nearest Town": "Four Corners/ Hwy 26", "Season": "Fall", "Class": "Class B", "Multiple Witnesses": "False", "jaccard_score": 0.0010801913481816778, "Forest cover rate": "38.8%", "Dte": "10", "Witness Count": "2.0", "City/Suburb/Town/Rural": "City", "Number of lakes": "501-1500", "County": "Columbia", "Year": "2004", "National Park Visitation Count": "937962"}