{"Total Disasters": "0.0", "BigFoot Hotspot": "FALSE", "Unemployment_rate": "10.7", "Report Type": "Report", "State": "Missouri", "Month": "May", "id": "0680a3cc-4638-40d0-8e47-b55a9269c643", "Time And Conditions": "JUST BEFORE DUSK.  SUN WAS SETTING BUT IT WAS LIGHT ENOUGH THAT WE DIDN'T HAVE OUR HEADLIGHTS ON YET AND HAD A CLEAR LIGHTED VIEW", "Civilian labor force": "5,541", "Nearest Town": "Patterson", "Season": "Summer", "Class": "Class B", "Multiple Witnesses": "False", "jaccard_score": 0.0010801913481816778, "Forest cover rate": "30.3%", "Dte": "27", "Witness Count": "2.0", "City/Suburb/Town/Rural": "Rural", "Number of lakes": "0-250", "County": "Wayne", "Year": "2010", "National Park Visitation Count": "4140544"}