{"Total Disasters": "0.0", "BigFoot Hotspot": "FALSE", "Unemployment_rate": "", "Report Type": "Report", "State": "Oregon", "id": "0680a012-c3a7-4b3b-b3b3-065402364bdd", "Time And Conditions": "", "Civilian labor force": "", "Nearest Town": "Paisley", "Season": "Fall", "Class": "Class B", "Multiple Witnesses": "False", "jaccard_score": 0.0008744406151946916, "Forest cover rate": "38.8%", "Dte": "21", "Witness Count": "0.0", "National Park Visitation Count": "819889", "City/Suburb/Town/Rural": "", "Month": "December", "County": "Lake", "Year": "1999", "Number of lakes": "501-1500"}