{"Total Disasters": "4.0", "BigFoot Hotspot": "FALSE", "Unemployment_rate": "5.5", "Report Type": "Report", "State": "Missouri", "id": "068f0016-8d2b-43c2-8e68-55d290eb78bf", "Time And Conditions": "The whistle and knocks have been at night. The stomping around and growls were in the afternoon.", "Civilian labor force": "40,517", "Nearest Town": "Crump, MO", "Season": "Spring", "Class": "Class B", "Multiple Witnesses": "False", "jaccard_score": 0.0010801913481816778, "Forest cover rate": "30.3%", "Dte": "13", "Witness Count": "1.0", "National Park Visitation Count": "3385772", "City/Suburb/Town/Rural": "City", "Month": "July", "County": "Cape Girardeau", "Year": "2014", "Number of lakes": "0-250"}