{"Total Disasters": "4.0", "BigFoot Hotspot": "FALSE", "Unemployment_rate": "3.3", "Report Type": "Report", "State": "Arkansas", "Month": "February", "id": "06980c3e-bea3-4eb2-9832-3552cbec8d0c", "Time And Conditions": "Early Sunday morning just before full sun rise.", "Civilian labor force": "8,335", "Nearest Town": "Leola", "Season": "Spring", "Class": "Class A", "Multiple Witnesses": "False", "jaccard_score": 0.0010801913481816778, "Forest cover rate": "55.1%", "Dte": "28", "Witness Count": "1.0", "City/Suburb/Town/Rural": "City", "Number of lakes": "1501-2500", "County": "Grant", "Year": "2017", "National Park Visitation Count": ""}