{"Total Disasters": "2.0", "BigFoot Hotspot": "FALSE", "Unemployment_rate": "8.9", "Report Type": "Report", "State": "Oregon", "Month": "August", "id": "06b58253-489e-4313-89c5-e18af0a1d372", "Time And Conditions": "Early morning just as the sun was coming up. It wasn't really bright out, but not dark.", "Civilian labor force": "33,490", "Nearest Town": "Cave Junction", "Season": "Summer", "Class": "Class B", "Multiple Witnesses": "False", "jaccard_score": 0.0010287536649349314, "Forest cover rate": "38.8%", "Dte": "7", "Witness Count": "2.0", "City/Suburb/Town/Rural": "City", "Number of lakes": "501-1500", "County": "Josephine", "Year": "2003", "National Park Visitation Count": ""}