{"Number of lakes": "5001-10000", "Total Disasters": "1.0", "BigFoot Hotspot": "TRUE", "Unemployment_rate": "4.0", "Report Type": "Report", "State": "Washington", "id": "06cb2227-0af4-45f7-9c89-25866d49d437", "Time And Conditions": "9:30PM", "Civilian labor force": "359,232", "Nearest Town": "Darrington", "Season": "Fall", "Class": "Class B", "Multiple Witnesses": "False", "jaccard_score": 0.0010801913481816778, "Forest cover rate": "40.7%", "Dte": "16", "Witness Count": "0.0", "City/Suburb/Town/Rural": "City", "Month": "October", "County": "Snohomish", "Year": "2006", "National Park Visitation Count": "6518791"}