{"Number of lakes": "5001-10000", "Total Disasters": "1.0", "BigFoot Hotspot": "TRUE", "Unemployment_rate": "11.9", "Report Type": "Report", "State": "Washington", "id": "06cd239c-f135-4376-9a02-18c69d70ec1b", "Time And Conditions": "Clear Summer day around dusk", "Civilian labor force": "28,650", "Nearest Town": "Wishkah", "Season": "Summer", "Class": "Class A", "Multiple Witnesses": "False", "jaccard_score": 0.0010801913481816778, "Forest cover rate": "40.7%", "Dte": "24", "Witness Count": "2.0", "City/Suburb/Town/Rural": "Suburb", "Month": "August", "County": "Grays Harbor", "Year": "2012", "National Park Visitation Count": "7019800"}