{"Number of lakes": "over 2000", "Total Disasters": "1.0", "BigFoot Hotspot": "FALSE", "Unemployment_rate": "11.0", "Report Type": "Report", "State": "Michigan", "id": "06cf7e1d-7238-4f29-84e6-f2e17d9d65b8", "Time And Conditions": "Nighttime. Moonless pitch black around 10:30 or 11pm", "Civilian labor force": "3,955", "Nearest Town": "Gulliver, Manistique", "Season": "Summer", "Class": "Class B", "Multiple Witnesses": "False", "jaccard_score": 0.0010801913481816778, "Forest cover rate": "51.2%", "Dte": "25", "Witness Count": "2.0", "City/Suburb/Town/Rural": "Rural", "Month": "February", "County": "Schoolcraft", "Year": "2007", "National Park Visitation Count": "1649394"}