{"Total Disasters": "", "BigFoot Hotspot": "", "Unemployment_rate": "", "Report Type": "Media Article", "State": "", "id": "06e710f6-4b5e-4e62-ab13-0505696ef4c7", "Time And Conditions": "", "Civilian labor force": "", "Nearest Town": "", "Season": "", "Class": "", "Multiple Witnesses": "False", "jaccard_score": 0.00020575073298698628, "Forest cover rate": "", "Dte": "", "Witness Count": "", "National Park Visitation Count": "", "City/Suburb/Town/Rural": "", "Month": "", "County": "", "Year": "", "Number of lakes": ""}