{"Total Disasters": "5.0", "BigFoot Hotspot": "FALSE", "Unemployment_rate": "5.9", "Report Type": "Report", "State": "Georgia", "Month": "December", "id": "06f03d3a-48d5-490c-ba23-7d9b034363b3", "Time And Conditions": "10:30  apx and it was drizzling after we have been without significant rainfall in over 30 days.  We are in extreme drought.", "Civilian labor force": "12,159", "Nearest Town": "", "Season": "Winter", "Class": "Class A", "Multiple Witnesses": "False", "jaccard_score": 0.0010801913481816778, "Forest cover rate": "64.2%", "Dte": "3", "Witness Count": "2.0", "City/Suburb/Town/Rural": "City", "Number of lakes": "0-250", "County": "Haralson", "Year": "2016", "National Park Visitation Count": "7554734"}