{"Total Disasters": "4.0", "BigFoot Hotspot": "FALSE", "Unemployment_rate": "4.8", "Report Type": "Report", "State": "Florida", "id": "0705e5a6-267f-41c0-bf49-fcaafb8060bd", "Time And Conditions": "It was in the middle of the day around 12:15pm. The weather was extreme overcast fixing to rain. We have had alot of rain lately.", "Civilian labor force": "293,119", "Nearest Town": "Lake Wales", "Season": "Summer", "Class": "Class B", "Multiple Witnesses": "False", "jaccard_score": 0.0010801913481816778, "Forest cover rate": "42.4%", "Dte": "2", "Witness Count": "1.0", "National Park Visitation Count": "11145785", "City/Suburb/Town/Rural": "City", "Month": "August", "County": "Polk", "Year": "2017", "Number of lakes": "over 2000"}