{"Total Disasters": "2.0", "BigFoot Hotspot": "FALSE", "Unemployment_rate": "8.5", "Report Type": "Report", "State": "Pennsylvania", "Month": "December", "id": "070b2e3a-e988-4e24-b39f-a6d35fac6c91", "Time And Conditions": "approx. 05:15 Hrs.", "Civilian labor force": "69,063", "Nearest Town": "frugality", "Season": "Winter", "Class": "Class B", "Multiple Witnesses": "False", "jaccard_score": 0.0010287536649349314, "Forest cover rate": "55.3%", "Dte": "2", "Witness Count": "2.0", "City/Suburb/Town/Rural": "City", "Number of lakes": "251-500", "County": "Cambria", "Year": "2009", "National Park Visitation Count": "12716301"}