{"Total Disasters": "1.0", "BigFoot Hotspot": "FALSE", "Unemployment_rate": "4.1", "Report Type": "Report", "State": "Oregon", "id": "07155f6d-cd5b-4b78-86c8-a4450085015b", "Time And Conditions": "Night,Around 1:00", "Civilian labor force": "187,855", "Nearest Town": "north of Bagby Hot Springs", "Season": "Summer", "Class": "Class B", "Multiple Witnesses": "True", "jaccard_score": 0.0010801913481816778, "Forest cover rate": "38.8%", "Dte": "10", "Witness Count": "4.0", "National Park Visitation Count": "939732", "City/Suburb/Town/Rural": "City", "Month": "November", "County": "Clackamas", "Year": "2000", "Number of lakes": "501-1500"}