{"Number of lakes": "over 2000", "Total Disasters": "0.0", "BigFoot Hotspot": "FALSE", "Unemployment_rate": "3.0", "Report Type": "Report", "State": "Minnesota", "id": "071545cd-5786-4eeb-bae4-b0d8583a7217", "Time And Conditions": "It was around 930 pm when Bigfoot crosses the road. My headlights illuminated it enough to tell what it was.", "Civilian labor force": "89,703", "Nearest Town": "Rice", "Season": "Winter", "Class": "Class A", "Multiple Witnesses": "False", "jaccard_score": 0.0010287536649349314, "Forest cover rate": "28.9%", "Dte": "13", "Witness Count": "0.0", "City/Suburb/Town/Rural": "City", "Month": "January", "County": "Stearns", "Year": "2018", "National Park Visitation Count": "846521"}