{"Total Disasters": "5.0", "BigFoot Hotspot": "FALSE", "Unemployment_rate": "12.6", "Report Type": "Report", "State": "Illinois", "Month": "March", "id": "072024b0-b7f4-4e00-8971-cb5f91d59f9c", "Time And Conditions": "6:30 a.m.", "Civilian labor force": "2,687", "Nearest Town": "Olive Branch", "Season": "Summer", "Class": "Class B", "Multiple Witnesses": "False", "jaccard_score": 0.0010801913481816778, "Forest cover rate": "11.5%", "Dte": "19", "Witness Count": "0.0", "City/Suburb/Town/Rural": "City", "Number of lakes": "0-250", "County": "Alexander", "Year": "2013", "National Park Visitation Count": "296214"}