{"Number of lakes": "over 2000", "Total Disasters": "0.0", "BigFoot Hotspot": "FALSE", "Unemployment_rate": "4.8", "Report Type": "Report", "State": "Minnesota", "id": "0732d141-c481-4621-8eba-f72a65614959", "Time And Conditions": "Dusk.  Clear day, light was patchy because of ridges dropping shadows.", "Civilian labor force": "6,143", "Nearest Town": "Silver Bay", "Season": "Fall", "Class": "Class A", "Multiple Witnesses": "False", "jaccard_score": 0.0010801913481816778, "Forest cover rate": "28.9%", "Dte": "7", "Witness Count": "2.0", "City/Suburb/Town/Rural": "Town", "Month": "August", "County": "Lake", "Year": "2002", "National Park Visitation Count": "361676"}