{"Total Disasters": "1.0", "BigFoot Hotspot": "FALSE", "Unemployment_rate": "5.4", "Report Type": "Report", "State": "Oregon", "id": "07509a9d-4199-4a41-b765-68223eaa7ed0", "Time And Conditions": "Sunset, clear skies, warm, the", "Civilian labor force": "61,855", "Nearest Town": "south of Bend", "Season": "Summer", "Class": "Class B", "Multiple Witnesses": "False", "jaccard_score": 0.0010287536649349314, "Forest cover rate": "38.8%", "Dte": "8", "Witness Count": "1.0", "National Park Visitation Count": "", "City/Suburb/Town/Rural": "City", "Month": "October", "County": "Deschutes", "Year": "2000", "Number of lakes": "501-1500"}