{"Total Disasters": "1.0", "BigFoot Hotspot": "FALSE", "Unemployment_rate": "6.8", "Report Type": "Report", "State": "Missouri", "Month": "December", "id": "07507717-140d-479c-a3e9-7194784936f7", "Time And Conditions": "8:30-ish PM", "Civilian labor force": "27,579", "Nearest Town": "Forsyth", "Season": "Summer", "Class": "Class B", "Multiple Witnesses": "False", "jaccard_score": 0.0010801913481816778, "Forest cover rate": "30.3%", "Dte": "28", "Witness Count": "2.0", "City/Suburb/Town/Rural": "Suburb", "Number of lakes": "0-250", "County": "Taney", "Year": "2007", "National Park Visitation Count": "5261780"}