{"Total Disasters": "1.0", "BigFoot Hotspot": "FALSE", "Unemployment_rate": "5.1", "Report Type": "Report", "State": "Ohio", "id": "0755c1d9-a020-47d3-a55c-4e505f679c51", "Time And Conditions": "It was around 5pm and it was a clear cold winter afternoon.", "Civilian labor force": "17,043", "Nearest Town": "Fulton, Ohio", "Season": "Winter", "Class": "Class A", "Multiple Witnesses": "False", "jaccard_score": 0.0010801913481816778, "Forest cover rate": "28.9%", "Dte": "2", "Witness Count": "2.0", "National Park Visitation Count": "", "City/Suburb/Town/Rural": "City", "Month": "November", "County": "Morrow", "Year": "2001", "Number of lakes": "0-250"}