{"Total Disasters": "1.0", "BigFoot Hotspot": "FALSE", "Unemployment_rate": "8.6", "Report Type": "Report", "State": "Indiana", "id": "07597670-7676-4d30-a232-d434ab242e5c", "Time And Conditions": "0130 hrs", "Civilian labor force": "86,557", "Nearest Town": "West Point", "Season": "Summer", "Class": "Class B", "Multiple Witnesses": "True", "jaccard_score": 0.0010801913481816778, "Forest cover rate": "18.9%", "Dte": "11", "Witness Count": "3.0", "National Park Visitation Count": "2395485", "City/Suburb/Town/Rural": "City", "Month": "July", "County": "Tippecanoe", "Year": "2010", "Number of lakes": "0-250"}