{"Total Disasters": "1.0", "BigFoot Hotspot": "FALSE", "Unemployment_rate": "6.7", "Report Type": "Report", "State": "Oregon", "id": "07619812-ebdb-4fc2-a5d3-37821a70a99d", "Time And Conditions": "Mid afternoon of a clear, warm summer day.", "Civilian labor force": "35,900", "Nearest Town": "Pendleton, Oregon", "Season": "Summer", "Class": "Class B", "Multiple Witnesses": "True", "jaccard_score": 0.0010801913481816778, "Forest cover rate": "38.8%", "Dte": "6", "Witness Count": "4.0", "National Park Visitation Count": "901254", "City/Suburb/Town/Rural": "Suburb", "Month": "September", "County": "Umatilla", "Year": "2006", "Number of lakes": "501-1500"}