{"Number of lakes": "5001-10000", "Total Disasters": "1.0", "BigFoot Hotspot": "FALSE", "Unemployment_rate": "", "Report Type": "Report", "State": "Washington", "id": "0762d6ff-9d47-4d55-989a-2de9a63913ef", "Time And Conditions": "", "Civilian labor force": "", "Nearest Town": "", "Season": "Summer", "Class": "Class A", "Multiple Witnesses": "False", "jaccard_score": 0.0008230029319479451, "Forest cover rate": "40.7%", "Dte": "7", "Witness Count": "2.0", "City/Suburb/Town/Rural": "", "Month": "October", "County": "Thurston", "Year": "1997", "National Park Visitation Count": ""}