{"Total Disasters": "1.0", "BigFoot Hotspot": "FALSE", "Unemployment_rate": "5.2", "Report Type": "Report", "State": "Oklahoma", "Month": "July", "id": "0766c7b0-7e5a-4953-8d7f-5606153743e8", "Time And Conditions": "time of day, about 9 p/m", "Civilian labor force": "20,893", "Nearest Town": "five miles southeast of Talihina, Okla. in Leflore County", "Season": "Fall", "Class": "Class B", "Multiple Witnesses": "True", "jaccard_score": 0.0010801913481816778, "Forest cover rate": "14.2%", "Dte": "27", "Witness Count": "5.0", "City/Suburb/Town/Rural": "City", "Number of lakes": "0-250", "County": "Le Flore", "Year": "2001", "National Park Visitation Count": ""}