{"Total Disasters": "0.0", "BigFoot Hotspot": "FALSE", "Unemployment_rate": "", "Report Type": "Report", "State": "California", "Month": "August", "id": "0795fc32-d036-49c3-b893-0d70d9372324", "Time And Conditions": "", "Civilian labor force": "", "Nearest Town": "", "Season": "Summer", "Class": "Class C", "Multiple Witnesses": "True", "jaccard_score": 0.0008230029319479451, "Forest cover rate": "17.8%", "Dte": "19", "Witness Count": "0.0", "City/Suburb/Town/Rural": "", "Number of lakes": "2501-5000", "County": "Tulare", "Year": "1999", "National Park Visitation Count": "34615162"}