{"Number of lakes": "5001-10000", "Total Disasters": "2.0", "BigFoot Hotspot": "FALSE", "Unemployment_rate": "6.9", "Report Type": "Report", "State": "Texas", "id": "079aad9b-490a-4a4d-ab96-95e0f64f5c0f", "Time And Conditions": "It was just after midnight, the weather was cool, skies were clear.", "Civilian labor force": "16,810", "Nearest Town": "livingston", "Season": "Spring", "Class": "Class A", "Multiple Witnesses": "False", "jaccard_score": 0.0010801913481816778, "Forest cover rate": "7%", "Dte": "18", "Witness Count": "1.0", "City/Suburb/Town/Rural": "Rural", "Month": "April", "County": "Polk", "Year": "2005", "National Park Visitation Count": "5372427"}