{"Number of lakes": "1501-2500", "Total Disasters": "1.0", "BigFoot Hotspot": "FALSE", "Unemployment_rate": "4.5", "Report Type": "Report", "State": "Idaho", "id": "07ab71d4-e8a3-4d21-bc4e-264a76c329ac", "Time And Conditions": "It was mid day, about 85\u00b0 outside and sunny", "Civilian labor force": "19,249", "Nearest Town": "Coolin, Idaho", "Season": "Summer", "Class": "Class B", "Multiple Witnesses": "True", "jaccard_score": 0.0010801913481816778, "Forest cover rate": "31.8%", "Dte": "9", "Witness Count": "5.0", "City/Suburb/Town/Rural": "Suburb", "Month": "August", "County": "Bonner", "Year": "2017", "National Park Visitation Count": "685049"}