{"Total Disasters": "1.0", "BigFoot Hotspot": "FALSE", "Unemployment_rate": "3.4", "Report Type": "Report", "State": "Oklahoma", "id": "07ad66a2-1141-4838-81f0-bbf907ee1a73", "Time And Conditions": "Daytime sightings and very dry.", "Civilian labor force": "19,062", "Nearest Town": "Eldon", "Season": "Summer", "Class": "Class A", "Multiple Witnesses": "True", "jaccard_score": 0.0010801913481816778, "Forest cover rate": "14.2%", "Dte": "24", "Witness Count": "3.0", "National Park Visitation Count": "1600628", "City/Suburb/Town/Rural": "Suburb", "Month": "March", "County": "Cherokee", "Year": "2001", "Number of lakes": "0-250"}