{"Total Disasters": "4.0", "BigFoot Hotspot": "FALSE", "Unemployment_rate": "6.1", "Report Type": "Report", "State": "Illinois", "id": "07c4d08d-fc0a-4ede-804f-f6fe14165503", "Time And Conditions": "Day , afternoon sunny, in the 40s", "Civilian labor force": "127,728", "Nearest Town": "", "Season": "Winter", "Class": "Class B", "Multiple Witnesses": "True", "jaccard_score": 0.0010801913481816778, "Forest cover rate": "11.5%", "Dte": "27", "Witness Count": "8.0", "National Park Visitation Count": "239719", "City/Suburb/Town/Rural": "City", "Month": "January", "County": "St. Clair", "Year": "2016", "Number of lakes": "0-250"}