{"Total Disasters": "0.0", "BigFoot Hotspot": "FALSE", "Unemployment_rate": "16.1", "Report Type": "Report", "State": "Michigan", "Month": "March", "id": "07c8e0a1-b71c-402e-997a-9493f65c0d2b", "Time And Conditions": "aprox.8to9 oclock in evening", "Civilian labor force": "10,345", "Nearest Town": "Beaverton", "Season": "Fall", "Class": "Class A", "Multiple Witnesses": "True", "jaccard_score": 0.0010801913481816778, "Forest cover rate": "51.2%", "Dte": "17", "Witness Count": "3.0", "City/Suburb/Town/Rural": "Town", "Number of lakes": "over 2000", "County": "Gladwin", "Year": "2009", "National Park Visitation Count": ""}