{"Total Disasters": "5.0", "BigFoot Hotspot": "FALSE", "Unemployment_rate": "5.1", "Report Type": "Report", "State": "Oklahoma", "Month": "October", "id": "07cb6495-d4fa-4c02-9e7f-a910a84446c7", "Time And Conditions": "3-4 am. Clear night. Calm wind.", "Civilian labor force": "21,201", "Nearest Town": "Ponca City", "Season": "Fall", "Class": "Class B", "Multiple Witnesses": "False", "jaccard_score": 0.0010801913481816778, "Forest cover rate": "14.2%", "Dte": "3", "Witness Count": "0.0", "City/Suburb/Town/Rural": "City", "Number of lakes": "0-250", "County": "Osage", "Year": "2015", "National Park Visitation Count": "1266172"}