{"Total Disasters": "2.0", "BigFoot Hotspot": "FALSE", "Unemployment_rate": "8.0", "Report Type": "Report", "State": "Georgia", "id": "07d2e9be-4ab5-4b4e-beac-6a3fbd9490c5", "Time And Conditions": "It was a clear day and we got out there before dark at about 2:00pm and we ended up leaving at about 11:00pm", "Civilian labor force": "7,945", "Nearest Town": "Barnesville", "Season": "Winter", "Class": "Class B", "Multiple Witnesses": "False", "jaccard_score": 0.0010287536649349314, "Forest cover rate": "64.2%", "Dte": "16", "Witness Count": "2.0", "National Park Visitation Count": "", "City/Suburb/Town/Rural": "City", "Month": "May", "County": "Lamar", "Year": "2008", "Number of lakes": "0-250"}