{"Total Disasters": "1.0", "BigFoot Hotspot": "FALSE", "Unemployment_rate": "9.4", "Report Type": "Report", "State": "Texas", "id": "07e4e58e-24f2-47b3-b054-2591bea066a1", "Time And Conditions": "Late afternoon.", "Civilian labor force": "8,730", "Nearest Town": "Woodville", "Season": "Fall", "Class": "Class A", "Multiple Witnesses": "False", "jaccard_score": 0.0010801913481816778, "Forest cover rate": "7%", "Dte": "12", "Witness Count": "0.0", "National Park Visitation Count": "5401275", "City/Suburb/Town/Rural": "Town", "Month": "December", "County": "Tyler", "Year": "2003", "Number of lakes": "5001-10000"}