{"Total Disasters": "1.0", "BigFoot Hotspot": "FALSE", "Unemployment_rate": "12.0", "Report Type": "Report", "State": "California", "Month": "January", "id": "07f1c669-a33c-4ea2-97df-615e82c638e9", "Time And Conditions": "Early afternoon.", "Civilian labor force": "75,049", "Nearest Town": "Old Shasta, CA  near Redding", "Season": "Winter", "Class": "Class B", "Multiple Witnesses": "True", "jaccard_score": 0.0010801913481816778, "Forest cover rate": "17.8%", "Dte": "11", "Witness Count": "3.0", "City/Suburb/Town/Rural": "City", "Number of lakes": "2501-5000", "County": "Shasta", "Year": "2013", "National Park Visitation Count": "35535429"}