{"Number of lakes": "over 2000", "Total Disasters": "2.0", "BigFoot Hotspot": "FALSE", "Unemployment_rate": "10.9", "Report Type": "Report", "State": "Florida", "id": "07f86854-c24d-4278-aee6-2f21549137c9", "Time And Conditions": "11:00pm, dark and raining", "Civilian labor force": "263,679", "Nearest Town": "Rockledge Florida", "Season": "Summer", "Class": "Class A", "Multiple Witnesses": "False", "jaccard_score": 0.0010287536649349314, "Forest cover rate": "42.4%", "Dte": "24", "Witness Count": "2.0", "City/Suburb/Town/Rural": "City", "Month": "June", "County": "Brevard", "Year": "2011", "National Park Visitation Count": "9126790"}