{"Total Disasters": "1.0", "BigFoot Hotspot": "TRUE", "Unemployment_rate": "5.8", "Report Type": "Report", "State": "California", "id": "07fe8405-c474-4fd9-a925-38ad32ce2928", "Time And Conditions": "4:35 pm, Clear with wispy clouds in the distance, very warm and sunny.", "Civilian labor force": "25,847", "Nearest Town": "Dorrington", "Season": "Summer", "Class": "Class B", "Multiple Witnesses": "True", "jaccard_score": 0.0010801913481816778, "Forest cover rate": "17.8%", "Dte": "14", "Witness Count": "3.0", "National Park Visitation Count": "32906849", "City/Suburb/Town/Rural": "Suburb", "Month": "July", "County": "Tuolumne", "Year": "2006", "Number of lakes": "2501-5000"}