{"Total Disasters": "0.0", "BigFoot Hotspot": "FALSE", "Unemployment_rate": "", "Report Type": "Report", "State": "California", "Month": "July", "id": "08000ce7-aac2-4e08-88cc-5c46161acf18", "Time And Conditions": "Summer, 1963 about 9 o'clock at night, many years before the famous film was made in Bluff Creek, California some miles to the north of Garberville.", "Civilian labor force": "", "Nearest Town": "", "Season": "Summer", "Class": "Class A", "Multiple Witnesses": "False", "jaccard_score": 0.0008230029319479451, "Forest cover rate": "17.8%", "Dte": "13", "Witness Count": "0.0", "City/Suburb/Town/Rural": "", "Number of lakes": "2501-5000", "County": "Mendocino", "Year": "1999", "National Park Visitation Count": ""}