{"Total Disasters": "1.0", "BigFoot Hotspot": "FALSE", "Unemployment_rate": "5.9", "Report Type": "Report", "State": "Illinois", "id": "080337e3-7205-454e-989d-94af51744f43", "Time And Conditions": "", "Civilian labor force": "10,750", "Nearest Town": "Webster", "Season": "Fall", "Class": "Class A", "Multiple Witnesses": "False", "jaccard_score": 0.0010801913481816778, "Forest cover rate": "11.5%", "Dte": "20", "Witness Count": "0.0", "National Park Visitation Count": "367968", "City/Suburb/Town/Rural": "Town", "Month": "December", "County": "Hancock", "Year": "2001", "Number of lakes": "0-250"}