{"Total Disasters": "0.0", "BigFoot Hotspot": "FALSE", "Unemployment_rate": "5.1", "Report Type": "Report", "State": "New Mexico", "id": "08089854-0540-4def-8461-8e2eaf90f2c2", "Time And Conditions": "This happened early in the morning.  I think maybe between 6am and 7am.", "Civilian labor force": "26,323", "Nearest Town": "Mescalero", "Season": "Fall", "Class": "Class B", "Multiple Witnesses": "False", "jaccard_score": 0.0010801913481816778, "Forest cover rate": "5.6%", "Dte": "2", "Witness Count": "2.0", "National Park Visitation Count": "1968414", "City/Suburb/Town/Rural": "Suburb", "Month": "December", "County": "Otero", "Year": "2004", "Number of lakes": "501-1500"}