{"Total Disasters": "3.0", "BigFoot Hotspot": "FALSE", "Unemployment_rate": "6.5", "Report Type": "Report", "State": "Pennsylvania", "id": "080c171e-0d6f-4680-97e5-d7f46acd4402", "Time And Conditions": "7:15pm, clear, sunny, and mild...70's", "Civilian labor force": "19,297", "Nearest Town": "Bradford, Pennsylvania", "Season": "Summer", "Class": "Class B", "Multiple Witnesses": "False", "jaccard_score": 0.0010801913481816778, "Forest cover rate": "55.3%", "Dte": "21", "Witness Count": "2.0", "National Park Visitation Count": "11990254", "City/Suburb/Town/Rural": "Town", "Month": "August", "County": "McKean", "Year": "2014", "Number of lakes": "251-500"}