{"Total Disasters": "2.0", "BigFoot Hotspot": "FALSE", "Unemployment_rate": "5.9", "Report Type": "Report", "State": "Colorado", "id": "080d31a1-ae5a-4121-92f1-def365b4d031", "Time And Conditions": "5pm at dusk, the lighting was adequate to see up to 300 yards. The weather was clear and very cold at 10 degrees.", "Civilian labor force": "31,864", "Nearest Town": "15 miles east of Glenwood Springs Colorado", "Season": "Winter", "Class": "Class A", "Multiple Witnesses": "True", "jaccard_score": 0.0010801913481816778, "Forest cover rate": "17.5%", "Dte": "5", "Witness Count": "4.0", "National Park Visitation Count": "5479056", "City/Suburb/Town/Rural": "Town", "Month": "February", "County": "Eagle", "Year": "2013", "Number of lakes": "501-1500"}