{"Total Disasters": "1.0", "BigFoot Hotspot": "FALSE", "Unemployment_rate": "5.4", "Report Type": "Report", "State": "Connecticut", "id": "08146b75-2889-45b4-9e47-4103990d48c6", "Time And Conditions": "Night. Around 11pm. Full moon. No clouds I could see the stars.", "Civilian labor force": "149,933", "Nearest Town": "Norwich", "Season": "Summer", "Class": "Class B", "Multiple Witnesses": "False", "jaccard_score": 0.0010801913481816778, "Forest cover rate": "54.7%", "Dte": "9", "Witness Count": "0.0", "National Park Visitation Count": "11129", "City/Suburb/Town/Rural": "City", "Month": "March", "County": "New London", "Year": "2008", "Number of lakes": "2501-5000"}