{"Number of lakes": "5001-10000", "Total Disasters": "1.0", "BigFoot Hotspot": "FALSE", "Unemployment_rate": "5.2", "Report Type": "Report", "State": "Texas", "id": "081f7883-6532-436e-b4b9-b1c65a669bf3", "Time And Conditions": "5:30 pm. It was also very hot.", "Civilian labor force": "4,832", "Nearest Town": "Hagansport", "Season": "Summer", "Class": "Class B", "Multiple Witnesses": "False", "jaccard_score": 0.0010801913481816778, "Forest cover rate": "7%", "Dte": "30", "Witness Count": "0.0", "City/Suburb/Town/Rural": "Rural", "Month": "December", "County": "Franklin", "Year": "2003", "National Park Visitation Count": "5007121"}