{"Total Disasters": "0.0", "BigFoot Hotspot": "FALSE", "Unemployment_rate": "8.9", "Report Type": "Report", "State": "Missouri", "id": "08223c79-c782-4cd1-af23-e3958eded49f", "Time And Conditions": "Around midnite...there was a lot of moon light.", "Civilian labor force": "28,636", "Nearest Town": "Joplin", "Season": "Fall", "Class": "Class A", "Multiple Witnesses": "False", "jaccard_score": 0.0010801913481816778, "Forest cover rate": "30.3%", "Dte": "26", "Witness Count": "2.0", "National Park Visitation Count": "4224623", "City/Suburb/Town/Rural": "City", "Month": "May", "County": "Newton", "Year": "2010", "Number of lakes": "0-250"}