{"Total Disasters": "0.0", "BigFoot Hotspot": "FALSE", "Unemployment_rate": "4.2", "Report Type": "Report", "State": "West Virginia", "id": "08262fe0-c30b-4627-9202-2ec6bf8a9ad1", "Time And Conditions": "Early morning, anytime at night. it was wet out because of rain, a little fog", "Civilian labor force": "9,799", "Nearest Town": "Agusta", "Season": "Fall", "Class": "Class A", "Multiple Witnesses": "True", "jaccard_score": 0.0010801913481816778, "Forest cover rate": "77.2%", "Dte": "10", "Witness Count": "4.0", "National Park Visitation Count": "1555136", "City/Suburb/Town/Rural": "City", "Month": "October", "County": "Hampshire", "Year": "2006", "Number of lakes": "0-250"}