{"Total Disasters": "1.0", "BigFoot Hotspot": "FALSE", "Unemployment_rate": "5.0", "Report Type": "Report", "State": "Colorado", "id": "0831d835-b991-4bbc-ac1c-e9da0630d17c", "Time And Conditions": "There were lights from a car wash and a storage unit and also a street light.It was cold and overcast. Sighting was 3:15 am.", "Civilian labor force": "18,281", "Nearest Town": "Florence", "Season": "Fall", "Class": "Class A", "Multiple Witnesses": "True", "jaccard_score": 0.0010801913481816778, "Forest cover rate": "17.5%", "Dte": "7", "Witness Count": "4.0", "National Park Visitation Count": "5852338", "City/Suburb/Town/Rural": "Suburb", "Month": "October", "County": "Fremont", "Year": "2001", "Number of lakes": "501-1500"}