{"Total Disasters": "0.0", "BigFoot Hotspot": "FALSE", "Unemployment_rate": "7.1", "Report Type": "Report", "State": "Oregon", "Month": "February", "id": "0838a365-8a18-41de-bd10-7897b1b06cf0", "Time And Conditions": "Approximately 7:30 a.m", "Civilian labor force": "8,743", "Nearest Town": "Sixes", "Season": "Fall", "Class": "Class A", "Multiple Witnesses": "False", "jaccard_score": 0.0010287536649349314, "Forest cover rate": "38.8%", "Dte": "9", "Witness Count": "0.0", "City/Suburb/Town/Rural": "Town", "Number of lakes": "501-1500", "County": "Curry", "Year": "2001", "National Park Visitation Count": "781728"}