{"Total Disasters": "1.0", "BigFoot Hotspot": "FALSE", "Unemployment_rate": "8.7", "Report Type": "Report", "State": "Michigan", "id": "08426d92-f590-4562-a9ba-fa458308a336", "Time And Conditions": "5:40 PM", "Civilian labor force": "12,284", "Nearest Town": "Copemish", "Season": "Fall", "Class": "Class B", "Multiple Witnesses": "True", "jaccard_score": 0.0010801913481816778, "Forest cover rate": "51.2%", "Dte": "30", "Witness Count": "3.0", "National Park Visitation Count": "", "City/Suburb/Town/Rural": "Rural", "Month": "December", "County": "Manistee", "Year": "2006", "Number of lakes": "over 2000"}