{"Total Disasters": "1.0", "BigFoot Hotspot": "TRUE", "Unemployment_rate": "9.9", "Report Type": "Report", "State": "Washington", "id": "084e0f1f-44e5-4e1c-b211-1630f1d94882", "Time And Conditions": "About 2 or 3 in the afternoon", "Civilian labor force": "27,137", "Nearest Town": "Ocean Shores Washington", "Season": "Spring", "Class": "Class B", "Multiple Witnesses": "False", "jaccard_score": 0.0010287536649349314, "Forest cover rate": "40.7%", "Dte": "14", "Witness Count": "1.0", "National Park Visitation Count": "7652073", "City/Suburb/Town/Rural": "Suburb", "Month": "September", "County": "Grays Harbor", "Year": "2014", "Number of lakes": "5001-10000"}