{"Total Disasters": "3.0", "BigFoot Hotspot": "FALSE", "Unemployment_rate": "5.9", "Report Type": "Report", "State": "Pennsylvania", "Month": "July", "id": "085c3940-6081-48bf-b488-63cec07a2df8", "Time And Conditions": "Night", "Civilian labor force": "53,015", "Nearest Town": "Grove City, PA", "Season": "Fall", "Class": "Class B", "Multiple Witnesses": "False", "jaccard_score": 0.0010801913481816778, "Forest cover rate": "55.3%", "Dte": "20", "Witness Count": "2.0", "City/Suburb/Town/Rural": "City", "Number of lakes": "251-500", "County": "Mercer", "Year": "2014", "National Park Visitation Count": "12425931"}