{"Total Disasters": "2.0", "BigFoot Hotspot": "FALSE", "Unemployment_rate": "6.5", "Report Type": "Report", "State": "Arkansas", "Month": "October", "id": "0861819f-d224-4242-b167-d5f07706fc74", "Time And Conditions": "Both times about 8:00pm.  It was very cloudy, and so very dark.  The weather was chilly, but not cold.", "Civilian labor force": "14,332", "Nearest Town": "Bismark", "Season": "Winter", "Class": "Class B", "Multiple Witnesses": "False", "jaccard_score": 0.0010287536649349314, "Forest cover rate": "55.1%", "Dte": "9", "Witness Count": "2.0", "City/Suburb/Town/Rural": "Suburb", "Number of lakes": "1501-2500", "County": "Hot Spring", "Year": "2003", "National Park Visitation Count": "2961133"}