{"Total Disasters": "1.0", "BigFoot Hotspot": "FALSE", "Unemployment_rate": "15.1", "Report Type": "Report", "State": "Oregon", "Month": "April", "id": "087ec6a5-d362-4ed1-aeda-02dd00c4844a", "Time And Conditions": "About  7:30  am,early  daylight,  Snowing  heavy", "Civilian labor force": "46,866", "Nearest Town": "Glide  Oregon  east  of  Roseburg", "Season": "Winter", "Class": "Class B", "Multiple Witnesses": "True", "jaccard_score": 0.0010801913481816778, "Forest cover rate": "38.8%", "Dte": "6", "Witness Count": "3.0", "City/Suburb/Town/Rural": "Suburb", "Number of lakes": "501-1500", "County": "Douglas", "Year": "2009", "National Park Visitation Count": ""}