{"Total Disasters": "2.0", "BigFoot Hotspot": "FALSE", "Unemployment_rate": "3.2", "Report Type": "Report", "State": "Idaho", "id": "08bd4129-1d8e-46c8-8563-6c13f739d44b", "Time And Conditions": "Approx. 5:30pm  Weather was warm,", "Civilian labor force": "10,807", "Nearest Town": "about 22 miles from town in the sawtooth forrest", "Season": "Summer", "Class": "Class A", "Multiple Witnesses": "False", "jaccard_score": 0.0010287536649349314, "Forest cover rate": "31.8%", "Dte": "15", "Witness Count": "2.0", "National Park Visitation Count": "551552", "City/Suburb/Town/Rural": "Town", "Month": "August", "County": "Cassia", "Year": "2007", "Number of lakes": "1501-2500"}