{"Total Disasters": "3.0", "BigFoot Hotspot": "FALSE", "Unemployment_rate": "8.8", "Report Type": "Report", "State": "Maryland", "Month": "June", "id": "08c85532-1a74-4f3f-a9bf-1aae5321a149", "Time And Conditions": "Early AM, just before sunrise. Dark but clear and and damp. We had heavy thunderstorms the previous night but the days were clear and warm.", "Civilian labor force": "76,499", "Nearest Town": "Hancock Maryland", "Season": "Spring", "Class": "Class B", "Multiple Witnesses": "False", "jaccard_score": 0.0010801913481816778, "Forest cover rate": "37.9%", "Dte": "1", "Witness Count": "2.0", "City/Suburb/Town/Rural": "City", "Number of lakes": "0-250", "County": "Washington", "Year": "2011", "National Park Visitation Count": "6056256"}