{"Total Disasters": "1.0", "BigFoot Hotspot": "FALSE", "Unemployment_rate": "3.7", "Report Type": "Report", "State": "Colorado", "Month": "July", "id": "08e35f6d-e430-4ee4-96f6-526acb3cbe4c", "Time And Conditions": "About 1 PM on a sunny bright day.", "Civilian labor force": "171,797", "Nearest Town": "Lyons", "Season": "Summer", "Class": "Class A", "Multiple Witnesses": "False", "jaccard_score": 0.0010801913481816778, "Forest cover rate": "17.5%", "Dte": "20", "Witness Count": "0.0", "City/Suburb/Town/Rural": "City", "Number of lakes": "501-1500", "County": "Boulder", "Year": "2006", "National Park Visitation Count": ""}