{"Total Disasters": "0.0", "BigFoot Hotspot": "FALSE", "Unemployment_rate": "9.1", "Report Type": "Report", "State": "Florida", "id": "08f2ff01-c331-4241-8adc-39f8e97b7b93", "Time And Conditions": "The tracks I seen when I was younger was early morning and the recent incident was around 2am.", "Civilian labor force": "18,066", "Nearest Town": "Okeechobee", "Season": "Summer", "Class": "Class B", "Multiple Witnesses": "True", "jaccard_score": 0.0010287536649349314, "Forest cover rate": "42.4%", "Dte": "26", "Witness Count": "4.0", "National Park Visitation Count": "10528605", "City/Suburb/Town/Rural": "Suburb", "Month": "March", "County": "Okeechobee", "Year": "2013", "Number of lakes": "over 2000"}