{"Number of lakes": "5001-10000", "Total Disasters": "0.0", "BigFoot Hotspot": "FALSE", "Unemployment_rate": "6.6", "Report Type": "Report", "State": "Washington", "id": "08f61baf-2812-4084-a57a-119da1003b1c", "Time And Conditions": "clear day, little snow left on the ground, 3:30 pm", "Civilian labor force": "27,709", "Nearest Town": "walla walla", "Season": "Spring", "Class": "Class A", "Multiple Witnesses": "False", "jaccard_score": 0.0010287536649349314, "Forest cover rate": "40.7%", "Dte": "11", "Witness Count": "0.0", "City/Suburb/Town/Rural": "City", "Month": "April", "County": "Walla Walla", "Year": "2001", "National Park Visitation Count": "7217400"}