{"Total Disasters": "1.0", "BigFoot Hotspot": "FALSE", "Unemployment_rate": "8.4", "Report Type": "Report", "State": "Washington", "id": "092d1677-55ff-46c9-97cc-ba52214d5121", "Time And Conditions": "", "Civilian labor force": "20,976", "Nearest Town": "Conconully", "Season": "Spring", "Class": "Class B", "Multiple Witnesses": "False", "jaccard_score": 0.0010287536649349314, "Forest cover rate": "40.7%", "Dte": "10", "Witness Count": "1.0", "National Park Visitation Count": "7529549", "City/Suburb/Town/Rural": "Town", "Month": "February", "County": "Okanogan", "Year": "2013", "Number of lakes": "5001-10000"}