{"Number of lakes": "over 2000", "Total Disasters": "1.0", "BigFoot Hotspot": "FALSE", "Unemployment_rate": "7.6", "Report Type": "Report", "State": "Michigan", "id": "0930c4d0-3eba-403b-9daf-7be2899a305f", "Time And Conditions": "Sometime around 11-11:30 pm. and lighitng was poor in a semi-rural area dotted with agricultural fields and some wooded lands.", "Civilian labor force": "73,897", "Nearest Town": "Newport", "Season": "Summer", "Class": "Class B", "Multiple Witnesses": "False", "jaccard_score": 0.0010287536649349314, "Forest cover rate": "51.2%", "Dte": "22", "Witness Count": "1.0", "City/Suburb/Town/Rural": "City", "Month": "June", "County": "Monroe", "Year": "2012", "National Park Visitation Count": "1628704"}