{"Total Disasters": "5.0", "BigFoot Hotspot": "FALSE", "Unemployment_rate": "7.3", "Report Type": "Report", "State": "Illinois", "Month": "June", "id": "094d5ce9-e2be-487f-b3d2-b1e98bff309d", "Time And Conditions": "12:00/12:30 a.m. somewhat cloudy sky, but vision was good. No fog or anything of that sort.", "Civilian labor force": "3,904", "Nearest Town": "Stronghurst", "Season": "Spring", "Class": "Class B", "Multiple Witnesses": "False", "jaccard_score": 0.0010801913481816778, "Forest cover rate": "11.5%", "Dte": "11", "Witness Count": "1.0", "City/Suburb/Town/Rural": "Town", "Number of lakes": "0-250", "County": "Henderson", "Year": "2008", "National Park Visitation Count": ""}