{"Total Disasters": "0.0", "BigFoot Hotspot": "FALSE", "Unemployment_rate": "5.1", "Report Type": "Report", "State": "Utah", "id": "0959eae9-d6f5-4ce2-b242-2660ac1373c9", "Time And Conditions": "between 8:30 and 9: pm", "Civilian labor force": "13,809", "Nearest Town": "Vernal, Utah", "Season": "Winter", "Class": "Class A", "Multiple Witnesses": "True", "jaccard_score": 0.0010801913481816778, "Forest cover rate": "8.9%", "Dte": "30", "Witness Count": "3.0", "National Park Visitation Count": "8000456", "City/Suburb/Town/Rural": "Town", "Month": "December", "County": "Uintah", "Year": "2004", "Number of lakes": "501-1500"}