{"Total Disasters": "2.0", "BigFoot Hotspot": "FALSE", "Unemployment_rate": "6.5", "Report Type": "Report", "State": "Idaho", "id": "096f5ec2-2571-4632-bfa2-1056676ebabc", "Time And Conditions": "About4pm. Excellant lighting.", "Civilian labor force": "20,529", "Nearest Town": "Sandpoint,idaho", "Season": "Fall", "Class": "Class B", "Multiple Witnesses": "False", "jaccard_score": 0.0010801913481816778, "Forest cover rate": "31.8%", "Dte": "8", "Witness Count": "1.0", "National Park Visitation Count": "543485", "City/Suburb/Town/Rural": "Suburb", "Month": "September", "County": "Bonner", "Year": "2008", "Number of lakes": "1501-2500"}