{"Total Disasters": "1.0", "BigFoot Hotspot": "FALSE", "Unemployment_rate": "9.0", "Report Type": "Report", "State": "Arizona", "Month": "December", "id": "0976dedf-d8c1-416a-98f4-d00b2e160502", "Time And Conditions": "Both incedents happened around 12pm during heavy snow falls.", "Civilian labor force": "19,039", "Nearest Town": "Fort Defiance", "Season": "Winter", "Class": "Class B", "Multiple Witnesses": "True", "jaccard_score": 0.0010801913481816778, "Forest cover rate": "4.8%", "Dte": "2", "Witness Count": "6.0", "City/Suburb/Town/Rural": "Town", "Number of lakes": "0-250", "County": "Apache", "Year": "2000", "National Park Visitation Count": ""}