{"Total Disasters": "9.0", "BigFoot Hotspot": "FALSE", "Unemployment_rate": "7.8", "Report Type": "Report", "State": "Illinois", "id": "09842fb5-f4d7-44a0-8904-c2b14dcb1caa", "Time And Conditions": "Between 9-9:30 pm", "Civilian labor force": "13,696", "Nearest Town": "Lincoln", "Season": "Fall", "Class": "Class A", "Multiple Witnesses": "False", "jaccard_score": 0.0010801913481816778, "Forest cover rate": "11.5%", "Dte": "27", "Witness Count": "2.0", "National Park Visitation Count": "361349", "City/Suburb/Town/Rural": "Suburb", "Month": "July", "County": "Logan", "Year": "2011", "Number of lakes": "0-250"}