{"Total Disasters": "1.0", "BigFoot Hotspot": "FALSE", "Unemployment_rate": "3.1", "Report Type": "Report", "State": "Utah", "Month": "December", "id": "09ad4e84-bb85-43e8-85f8-6eff68f9f7fd", "Time And Conditions": "It was at dusk", "Civilian labor force": "22,339", "Nearest Town": "Coalville", "Season": "Fall", "Class": "Class A", "Multiple Witnesses": "False", "jaccard_score": 0.0010287536649349314, "Forest cover rate": "8.9%", "Dte": "10", "Witness Count": "1.0", "City/Suburb/Town/Rural": "Suburb", "Number of lakes": "501-1500", "County": "Summit", "Year": "2008", "National Park Visitation Count": "8000456"}