{"Number of lakes": "5001-10000", "Total Disasters": "0.0", "BigFoot Hotspot": "TRUE", "Unemployment_rate": "11.6", "Report Type": "Report", "State": "Washington", "id": "09cdef43-795c-4611-8b1f-fbc283ff46b2", "Time And Conditions": "8-9:00 pm, Wind calm, dark with some light from the moon not quite up to the south east", "Civilian labor force": "5,059", "Nearest Town": "Carson WA", "Season": "Fall", "Class": "Class B", "Multiple Witnesses": "False", "jaccard_score": 0.0010801913481816778, "Forest cover rate": "40.7%", "Dte": "27", "Witness Count": "1.0", "City/Suburb/Town/Rural": "City", "Month": "September", "County": "Skamania", "Year": "2010", "National Park Visitation Count": "7281785"}