{"Total Disasters": "1.0", "BigFoot Hotspot": "FALSE", "Unemployment_rate": "6.3", "Report Type": "Report", "State": "Florida", "id": "09d8d96e-140d-429f-9c71-8151fb5afe05", "Time And Conditions": "Evening, around an hour before sunset.", "Civilian labor force": "271,499", "Nearest Town": "Zephyrhills", "Season": "Fall", "Class": "Class A", "Multiple Witnesses": "False", "jaccard_score": 0.0010801913481816778, "Forest cover rate": "42.4%", "Dte": "3", "Witness Count": "0.0", "National Park Visitation Count": "8451287", "City/Suburb/Town/Rural": "City", "Month": "December", "County": "Polk", "Year": "2008", "Number of lakes": "over 2000"}