{"Total Disasters": "3.0", "BigFoot Hotspot": "FALSE", "Unemployment_rate": "6.9", "Report Type": "Report", "State": "Maryland", "Month": "January", "id": "09e29bcc-a2df-48f7-b0ed-9e8eedaf8f39", "Time And Conditions": "1st incident was in the afternoon. 2nd incident was after dusk.", "Civilian labor force": "135,618", "Nearest Town": "Street, MD", "Season": "Fall", "Class": "Class A", "Multiple Witnesses": "True", "jaccard_score": 0.0010801913481816778, "Forest cover rate": "37.9%", "Dte": "6", "Witness Count": "4.0", "City/Suburb/Town/Rural": "City", "Number of lakes": "0-250", "County": "Harford", "Year": "2012", "National Park Visitation Count": "7742354"}