{"Total Disasters": "0.0", "BigFoot Hotspot": "FALSE", "Unemployment_rate": "", "Report Type": "Report", "State": "Wisconsin", "Month": "October", "id": "09e4142c-6ab6-429c-8934-541eeae9edbe", "Time And Conditions": "", "Civilian labor force": "", "Nearest Town": "La Crosse, Wisconsin  and LaCresent, Minnesota", "Season": "Unknown", "Class": "Class C", "Multiple Witnesses": "True", "jaccard_score": 0.0008744406151946916, "Forest cover rate": "45.2%", "Dte": "2", "Witness Count": "0.0", "City/Suburb/Town/Rural": "", "Number of lakes": "10001-20000", "County": "La Crosse", "Year": "1999", "National Park Visitation Count": "591267"}