{"Total Disasters": "1.0", "BigFoot Hotspot": "FALSE", "Unemployment_rate": "6.7", "Report Type": "Report", "State": "Oregon", "id": "09ed35dc-4d77-4f5d-8945-a24e9b1e784f", "Time And Conditions": "Between 1-3am.  There was no moon.  No lights around the house.", "Civilian labor force": "35,900", "Nearest Town": "Pendleton, Oregon", "Season": "Summer", "Class": "Class A", "Multiple Witnesses": "False", "jaccard_score": 0.0010287536649349314, "Forest cover rate": "38.8%", "Dte": "6", "Witness Count": "1.0", "National Park Visitation Count": "859986", "City/Suburb/Town/Rural": "Suburb", "Month": "September", "County": "Umatilla", "Year": "2006", "Number of lakes": "501-1500"}