{"Total Disasters": "0.0", "BigFoot Hotspot": "FALSE", "Unemployment_rate": "4.5", "Report Type": "Report", "State": "Massachusetts", "id": "09fdae25-bdbf-42a3-96a3-af4e8f01ec29", "Time And Conditions": "230am", "Civilian labor force": "64,638", "Nearest Town": "Great Barrington Mass", "Season": "Fall", "Class": "Class B", "Multiple Witnesses": "False", "jaccard_score": 0.0010801913481816778, "Forest cover rate": "52.5%", "Dte": "8", "Witness Count": "1.0", "National Park Visitation Count": "9399919", "City/Suburb/Town/Rural": "City", "Month": "January", "County": "Berkshire", "Year": "2017", "Number of lakes": "2501-5000"}