{"Total Disasters": "0.0", "BigFoot Hotspot": "FALSE", "Unemployment_rate": "8.3", "Report Type": "Report", "State": "Florida", "id": "0a014a66-934e-4ee9-9fda-4c19f9e18db8", "Time And Conditions": "Weather was nice,slightly cloudy.  Was close to sun down  maybe 430-6 ish.", "Civilian labor force": "147,566", "Nearest Town": "Poinciana", "Season": "Winter", "Class": "Class B", "Multiple Witnesses": "False", "jaccard_score": 0.0010801913481816778, "Forest cover rate": "42.4%", "Dte": "27", "Witness Count": "1.0", "National Park Visitation Count": "11492305", "City/Suburb/Town/Rural": "City", "Month": "January", "County": "Osceola", "Year": "2013", "Number of lakes": "over 2000"}