{"Number of lakes": "1501-2500", "Total Disasters": "2.0", "BigFoot Hotspot": "FALSE", "Unemployment_rate": "5.3", "Report Type": "Report", "State": "Arkansas", "id": "0a08f383-da17-42cd-ae91-3c33a0f0aab1", "Time And Conditions": "Early morning hours.", "Civilian labor force": "15,023", "Nearest Town": "Bismarck", "Season": "Fall", "Class": "Class B", "Multiple Witnesses": "False", "jaccard_score": 0.0010287536649349314, "Forest cover rate": "55.1%", "Dte": "17", "Witness Count": "2.0", "City/Suburb/Town/Rural": "Suburb", "Month": "October", "County": "Hot Spring", "Year": "2005", "National Park Visitation Count": "2546209"}