{"Total Disasters": "2.0", "BigFoot Hotspot": "FALSE", "Unemployment_rate": "", "Report Type": "Report", "State": "California", "Month": "July", "id": "0a08efd1-24d8-44ea-b1c8-0523cf506996", "Time And Conditions": "All of this occurred between 5 and 6 pm on a day in the middle of July, 1982.", "Civilian labor force": "", "Nearest Town": "", "Season": "Summer", "Class": "Class A", "Multiple Witnesses": "False", "jaccard_score": 0.0009258782984414382, "Forest cover rate": "17.8%", "Dte": "13", "Witness Count": "1.0", "City/Suburb/Town/Rural": "", "Number of lakes": "2501-5000", "County": "Mendocino", "Year": "1998", "National Park Visitation Count": "33984569"}