{"Total Disasters": "0.0", "BigFoot Hotspot": "FALSE", "Unemployment_rate": "5.3", "Report Type": "Report", "State": "Montana", "id": "0a106af2-ee3e-4d66-9c39-25f3a2451b33", "Time And Conditions": "3 pm ish.   Sunny 35 to 40 degrees", "Civilian labor force": "933", "Nearest Town": "White Sulphur Springs", "Season": "Winter", "Class": "Class B", "Multiple Witnesses": "True", "jaccard_score": 0.0010801913481816778, "Forest cover rate": "20.6%", "Dte": "31", "Witness Count": "3.0", "National Park Visitation Count": "2806495", "City/Suburb/Town/Rural": "Rural", "Month": "July", "County": "Meagher", "Year": "2013", "Number of lakes": "2501-5000"}