{"Number of lakes": "5001-10000", "Total Disasters": "2.0", "BigFoot Hotspot": "TRUE", "Unemployment_rate": "9.4", "Report Type": "Report", "State": "Washington", "id": "0a1655d2-e585-411a-9a88-dc86e98590e1", "Time And Conditions": "Around noon. Sunny day.", "Civilian labor force": "30,239", "Nearest Town": "Packwood", "Season": "Fall", "Class": "Class B", "Multiple Witnesses": "False", "jaccard_score": 0.0010801913481816778, "Forest cover rate": "40.7%", "Dte": "7", "Witness Count": "1.0", "City/Suburb/Town/Rural": "Suburb", "Month": "October", "County": "Lewis", "Year": "2003", "National Park Visitation Count": "7665032"}