{"Total Disasters": "0.0", "BigFoot Hotspot": "FALSE", "Unemployment_rate": "3.1", "Report Type": "Report", "State": "Oregon", "Month": "December", "id": "0a195802-4119-4489-88da-79d154b0ab80", "Time And Conditions": "just prior to dusk", "Civilian labor force": "14,472", "Nearest Town": "Mt Hood, Or", "Season": "Summer", "Class": "Class A", "Multiple Witnesses": "False", "jaccard_score": 0.0010801913481816778, "Forest cover rate": "38.8%", "Dte": "6", "Witness Count": "1.0", "City/Suburb/Town/Rural": "Suburb", "Number of lakes": "501-1500", "County": "Hood River", "Year": "2019", "National Park Visitation Count": "806125"}