{"Total Disasters": "1.0", "BigFoot Hotspot": "TRUE", "Unemployment_rate": "5.0", "Report Type": "Report", "State": "Washington", "id": "0a2a3bad-867d-4afb-acbd-bb36915d99c1", "Time And Conditions": "approx 1:30 am break in rainy night no moon I could see.", "Civilian labor force": "397,747", "Nearest Town": "Stevens Pass ski resort", "Season": "Fall", "Class": "Class B", "Multiple Witnesses": "False", "jaccard_score": 0.0010801913481816778, "Forest cover rate": "40.7%", "Dte": "19", "Witness Count": "0.0", "National Park Visitation Count": "7652073", "City/Suburb/Town/Rural": "City", "Month": "November", "County": "Snohomish", "Year": "2014", "Number of lakes": "5001-10000"}