{"Number of lakes": "5001-10000", "Total Disasters": "", "BigFoot Hotspot": "TRUE", "Unemployment_rate": "", "Report Type": "Report", "State": "Washington", "id": "0a31bea9-22e8-4dd8-81d6-8c777a8a37a8", "Time And Conditions": "It was snowing fairly heavy at approximately the 3,500 ft level.", "Civilian labor force": "", "Nearest Town": "", "Season": "Fall", "Class": "Class A", "Multiple Witnesses": "False", "jaccard_score": 0.0008744406151946916, "Forest cover rate": "40.7%", "Dte": "30", "Witness Count": "0.0", "City/Suburb/Town/Rural": "", "Month": "March", "County": "Grays Harbor", "Year": "1989", "National Park Visitation Count": "7423179"}