{"Total Disasters": "3.0", "BigFoot Hotspot": "FALSE", "Unemployment_rate": "5.6", "Report Type": "Report", "State": "Pennsylvania", "Month": "January", "id": "0a3f65ba-894e-490a-8513-a5bd22cfd118", "Time And Conditions": "First sighting was at night and very dark. The second was during the day a little cloudy with sunlight.", "Civilian labor force": "55,516", "Nearest Town": "Orangeville", "Season": "Fall", "Class": "Class A", "Multiple Witnesses": "False", "jaccard_score": 0.0010801913481816778, "Forest cover rate": "55.3%", "Dte": "15", "Witness Count": "0.0", "City/Suburb/Town/Rural": "City", "Number of lakes": "251-500", "County": "Mercer", "Year": "2002", "National Park Visitation Count": ""}