{"Total Disasters": "4.0", "BigFoot Hotspot": "FALSE", "Unemployment_rate": "10.6", "Report Type": "Report", "State": "Kentucky", "id": "0a435b7c-8872-497b-bc2c-66a51499f65d", "Time And Conditions": "around 7:45am", "Civilian labor force": "5,639", "Nearest Town": "Louisa", "Season": "Winter", "Class": "Class B", "Multiple Witnesses": "False", "jaccard_score": 0.0010801913481816778, "Forest cover rate": "48.6%", "Dte": "6", "Witness Count": "1.0", "National Park Visitation Count": "1531567", "City/Suburb/Town/Rural": "Rural", "Month": "January", "County": "Lawrence", "Year": "2012", "Number of lakes": "0-250"}