{"Number of lakes": "1501-2500", "Total Disasters": "0.0", "BigFoot Hotspot": "FALSE", "Unemployment_rate": "3.5", "Report Type": "Report", "State": "Idaho", "id": "0a48a536-b303-4f8e-9c87-7c0b3e2c10b9", "Time And Conditions": "about 3 in the afternoon", "Civilian labor force": "17,916", "Nearest Town": "Troy", "Season": "Summer", "Class": "Class A", "Multiple Witnesses": "False", "jaccard_score": 0.0010801913481816778, "Forest cover rate": "31.8%", "Dte": "28", "Witness Count": "2.0", "City/Suburb/Town/Rural": "Suburb", "Month": "October", "County": "Latah", "Year": "2005", "National Park Visitation Count": "446507"}