{"Total Disasters": "6.0", "BigFoot Hotspot": "FALSE", "Unemployment_rate": "8.7", "Report Type": "Report", "State": "Arkansas", "id": "0a5942fe-29dd-46da-a5b6-c85212b018f9", "Time And Conditions": "10:00 PM about and it was a full moon.  September or October", "Civilian labor force": "6,402", "Nearest Town": "DeQueen Arkansas", "Season": "Fall", "Class": "Class B", "Multiple Witnesses": "False", "jaccard_score": 0.0010801913481816778, "Forest cover rate": "55.1%", "Dte": "20", "Witness Count": "1.0", "National Park Visitation Count": "2593256", "City/Suburb/Town/Rural": "Town", "Month": "July", "County": "Sevier", "Year": "2011", "Number of lakes": "1501-2500"}