{"Total Disasters": "1.0", "BigFoot Hotspot": "FALSE", "Unemployment_rate": "5.4", "Report Type": "Report", "State": "Oklahoma", "id": "0a622e15-433c-4ca8-adb5-4ebc14278942", "Time And Conditions": "Noon, with warm temperatures and sunny skies", "Civilian labor force": "21,231", "Nearest Town": "Honobia", "Season": "Spring", "Class": "Class B", "Multiple Witnesses": "True", "jaccard_score": 0.0010801913481816778, "Forest cover rate": "14.2%", "Dte": "7", "Witness Count": "4.0", "National Park Visitation Count": "1290466", "City/Suburb/Town/Rural": "City", "Month": "June", "County": "Le Flore", "Year": "2004", "Number of lakes": "0-250"}