{"Number of lakes": "5001-10000", "Total Disasters": "0.0", "BigFoot Hotspot": "FALSE", "Unemployment_rate": "10.5", "Report Type": "Report", "State": "Washington", "id": "0a794760-16d1-4308-9bb4-8f43ec3f9f75", "Time And Conditions": "Approximately 3 pm   The sun was out and a few clouds were present.", "Civilian labor force": "42,653", "Nearest Town": "Toutle, Wa.", "Season": "Spring", "Class": "Class A", "Multiple Witnesses": "False", "jaccard_score": 0.0010801913481816778, "Forest cover rate": "40.7%", "Dte": "14", "Witness Count": "2.0", "City/Suburb/Town/Rural": "City", "Month": "May", "County": "Cowlitz", "Year": "2002", "National Park Visitation Count": "7665032"}