{"Total Disasters": "3.0", "BigFoot Hotspot": "FALSE", "Unemployment_rate": "10.7", "Report Type": "Report", "State": "Illinois", "Month": "October", "id": "0a7c9f47-8073-4c15-adc8-680b05e6a210", "Time And Conditions": "It happen around 10:00 pm, and it was a beautiful evening, clear roads, clear sky.", "Civilian labor force": "17,330", "Nearest Town": "Orient", "Season": "Summer", "Class": "Class B", "Multiple Witnesses": "False", "jaccard_score": 0.0010801913481816778, "Forest cover rate": "11.5%", "Dte": "1", "Witness Count": "1.0", "City/Suburb/Town/Rural": "Town", "Number of lakes": "0-250", "County": "Franklin", "Year": "2012", "National Park Visitation Count": "464074"}