{"Total Disasters": "2.0", "BigFoot Hotspot": "FALSE", "Unemployment_rate": "8.5", "Report Type": "Report", "State": "Missouri", "id": "0aa6196c-cea8-40a2-8570-52494eca8516", "Time And Conditions": "In the evening, the sun was peaking through the trees, and was very bright out still.", "Civilian labor force": "11,237", "Nearest Town": "Richmond", "Season": "Fall", "Class": "Class A", "Multiple Witnesses": "True", "jaccard_score": 0.0010801913481816778, "Forest cover rate": "30.3%", "Dte": "28", "Witness Count": "3.0", "National Park Visitation Count": "4171826", "City/Suburb/Town/Rural": "City", "Month": "December", "County": "Ray", "Year": "2012", "Number of lakes": "0-250"}