{"Number of lakes": "1501-2500", "Total Disasters": "1.0", "BigFoot Hotspot": "FALSE", "Unemployment_rate": "", "Report Type": "Report", "State": "Idaho", "id": "0ab78727-6136-4e81-b4b7-0d4a6f75107a", "Time And Conditions": "The early morning hours.  Just driving northbound in his vehicle.", "Civilian labor force": "", "Nearest Town": "Hayden Idaho", "Season": "Summer", "Class": "Class B", "Multiple Witnesses": "False", "jaccard_score": 0.0009773159816881848, "Forest cover rate": "31.8%", "Dte": "15", "Witness Count": "0.0", "City/Suburb/Town/Rural": "", "Month": "July", "County": "Kootenai", "Year": "1996", "National Park Visitation Count": "560405"}