{"Total Disasters": "2.0", "BigFoot Hotspot": "FALSE", "Unemployment_rate": "6.0", "Report Type": "Report", "State": "Alabama", "Month": "June", "id": "0ad314be-197d-434b-b92e-5e28a2cb375d", "Time And Conditions": "Today Sunday 6/8/2014 at about 815 pm it was almost dark and had rained earlier in the day", "Civilian labor force": "35,984", "Nearest Town": "Bremen", "Season": "Summer", "Class": "Class A", "Multiple Witnesses": "False", "jaccard_score": 0.0010801913481816778, "Forest cover rate": "70.6%", "Dte": "8", "Witness Count": "0.0", "City/Suburb/Town/Rural": "Suburb", "Number of lakes": "0-250", "County": "Cullman", "Year": "2014", "National Park Visitation Count": "343925"}