{"Total Disasters": "0.0", "BigFoot Hotspot": "FALSE", "Unemployment_rate": "4.8", "Report Type": "Report", "State": "Arizona", "Month": "February", "id": "0ae15a0a-1c57-4e79-aab9-58489f138309", "Time And Conditions": "Occurred at night, 9p.m. or later. The weather was clear. It was dark outside and we were able to see it because of the headlights.", "Civilian labor force": "73,059", "Nearest Town": "Kingman, Arizona", "Season": "Summer", "Class": "Class A", "Multiple Witnesses": "False", "jaccard_score": 0.0010801913481816778, "Forest cover rate": "4.8%", "Dte": "25", "Witness Count": "2.0", "City/Suburb/Town/Rural": "City", "Number of lakes": "0-250", "County": "Mohave", "Year": "2001", "National Park Visitation Count": ""}