{"Total Disasters": "0.0", "BigFoot Hotspot": "FALSE", "Unemployment_rate": "5.3", "Report Type": "Report", "State": "Wisconsin", "Month": "March", "id": "0aecb4e5-6596-4617-b524-ca643a622449", "Time And Conditions": "Midday overcast skies", "Civilian labor force": "20,173", "Nearest Town": "Pembine Wisconsin", "Season": "Fall", "Class": "Class A", "Multiple Witnesses": "False", "jaccard_score": 0.0010801913481816778, "Forest cover rate": "45.2%", "Dte": "10", "Witness Count": "2.0", "City/Suburb/Town/Rural": "Suburb", "Number of lakes": "10001-20000", "County": "Marinette", "Year": "2016", "National Park Visitation Count": "961641"}