{"Total Disasters": "2.0", "BigFoot Hotspot": "FALSE", "Unemployment_rate": "5.5", "Report Type": "Report", "State": "Ohio", "id": "0aed5203-ac00-439b-98a1-a3bbe3baddf2", "Time And Conditions": "Both day and night.", "Civilian labor force": "30,616", "Nearest Town": "St. Clairsville", "Season": "Winter", "Class": "Class B", "Multiple Witnesses": "False", "jaccard_score": 0.0010801913481816778, "Forest cover rate": "28.9%", "Dte": "18", "Witness Count": "1.0", "National Park Visitation Count": "2449768", "City/Suburb/Town/Rural": "City", "Month": "February", "County": "Belmont", "Year": "2018", "Number of lakes": "0-250"}