{"Number of lakes": "1501-2500", "Total Disasters": "0.0", "BigFoot Hotspot": "FALSE", "Unemployment_rate": "7.2", "Report Type": "Report", "State": "Idaho", "id": "0aeff63a-cd1f-4c8d-88b8-4c7a194dca11", "Time And Conditions": "Sunset, clear sky, no wind.", "Civilian labor force": "2,887", "Nearest Town": "Fish Haven", "Season": "Summer", "Class": "Class B", "Multiple Witnesses": "False", "jaccard_score": 0.0010801913481816778, "Forest cover rate": "31.8%", "Dte": "14", "Witness Count": "1.0", "City/Suburb/Town/Rural": "Rural", "Month": "October", "County": "Bear Lake", "Year": "2010", "National Park Visitation Count": "473906"}