{"Total Disasters": "1.0", "BigFoot Hotspot": "FALSE", "Unemployment_rate": "10.1", "Report Type": "Report", "State": "Washington", "Month": "August", "id": "0b189b8b-8247-4bba-8c78-8e3ade16d19c", "Time And Conditions": "the weather was cold and it had just snowed a dusting and it was around 6am", "Civilian labor force": "2,493", "Nearest Town": "Malo", "Season": "Fall", "Class": "Class A", "Multiple Witnesses": "False", "jaccard_score": 0.0010801913481816778, "Forest cover rate": "40.7%", "Dte": "24", "Witness Count": "0.0", "City/Suburb/Town/Rural": "Rural", "Number of lakes": "5001-10000", "County": "Ferry", "Year": "2016", "National Park Visitation Count": "6436086"}