{"Total Disasters": "3.0", "BigFoot Hotspot": "FALSE", "Unemployment_rate": "5.8", "Report Type": "Report", "State": "Washington", "id": "0b22b1dc-7ef2-44ac-9d3b-8b6b19e2be41", "Time And Conditions": "Evening, Dark, Clear evening", "Civilian labor force": "13,706", "Nearest Town": "Sequim", "Season": "Spring", "Class": "Class B", "Multiple Witnesses": "False", "jaccard_score": 0.0010801913481816778, "Forest cover rate": "40.7%", "Dte": "3", "Witness Count": "1.0", "National Park Visitation Count": "5564265", "City/Suburb/Town/Rural": "Town", "Month": "February", "County": "Jefferson", "Year": "2008", "Number of lakes": "5001-10000"}