{"Number of lakes": "1501-2500", "Total Disasters": "4.0", "BigFoot Hotspot": "FALSE", "Unemployment_rate": "4.1", "Report Type": "Report", "State": "New Jersey", "id": "0b31f0c2-dec7-465a-adb8-96ad302f5edc", "Time And Conditions": "Its an overcast day. Sun barely peeking out. Around 1 pm.", "Civilian labor force": "272,973", "Nearest Town": "Browns Mills", "Season": "Spring", "Class": "Class B", "Multiple Witnesses": "False", "jaccard_score": 0.0010801913481816778, "Forest cover rate": "39.5%", "Dte": "7", "Witness Count": "1.0", "City/Suburb/Town/Rural": "City", "Month": "April", "County": "Ocean", "Year": "2018", "National Park Visitation Count": "326690"}