{"Total Disasters": "2.0", "BigFoot Hotspot": "FALSE", "Unemployment_rate": "5.3", "Report Type": "Report", "State": "Ohio", "Month": "February", "id": "0b48f3f6-55e0-4823-8d4b-2a82457e2fee", "Time And Conditions": "raining and cold, around 9-9:30, dark and in a fairly dark area, although there are some street lights and a shopping plaza further ahead. Much of the surrounding area is protected; it is part of the Cuyahoga Valley National Recreational Area. I think this incident happened in Summit County on the border of Cuyahoga County.", "Civilian labor force": "295,998", "Nearest Town": "Sagamore Hills", "Season": "Winter", "Class": "Class B", "Multiple Witnesses": "False", "jaccard_score": 0.0010287536649349314, "Forest cover rate": "28.9%", "Dte": "21", "Witness Count": "2.0", "City/Suburb/Town/Rural": "City", "Number of lakes": "0-250", "County": "Summit", "Year": "2006", "National Park Visitation Count": "3421743"}