{"Total Disasters": "1.0", "BigFoot Hotspot": "TRUE", "Unemployment_rate": "8.2", "Report Type": "Report", "State": "Arizona", "id": "0b4c2ec1-b762-4b92-b86b-1c4e5b80c264", "Time And Conditions": "It was between 11:00pm and 3:00 a.m.  Clear skies and very dark. no moon lighting.", "Civilian labor force": "71,698", "Nearest Town": "Payson, Arizona", "Season": "Summer", "Class": "Class B", "Multiple Witnesses": "False", "jaccard_score": 0.0010801913481816778, "Forest cover rate": "4.8%", "Dte": "19", "Witness Count": "2.0", "National Park Visitation Count": "8354056", "City/Suburb/Town/Rural": "City", "Month": "May", "County": "Coconino", "Year": "2013", "Number of lakes": "0-250"}