{"Total Disasters": "2.0", "BigFoot Hotspot": "FALSE", "Unemployment_rate": "4.5", "Report Type": "Report", "State": "Ohio", "id": "0b594a28-f5c7-4270-985a-fd3f789e5984", "Time And Conditions": "Between 2 and 3 PM. It was sunny day.", "Civilian labor force": "91,517", "Nearest Town": "Lodi", "Season": "Fall", "Class": "Class A", "Multiple Witnesses": "False", "jaccard_score": 0.0010801913481816778, "Forest cover rate": "28.9%", "Dte": "11", "Witness Count": "0.0", "National Park Visitation Count": "3384120", "City/Suburb/Town/Rural": "City", "Month": "February", "County": "Medina", "Year": "2004", "Number of lakes": "0-250"}