{"Total Disasters": "9.0", "BigFoot Hotspot": "FALSE", "Unemployment_rate": "9.0", "Report Type": "Report", "State": "Illinois", "id": "0b7797c5-74b4-4f5d-bac7-982e8bfd089e", "Time And Conditions": "9:00 pm. It was dark. The weather was clear maybe a little cool.", "Civilian labor force": "11,582", "Nearest Town": "Otterville", "Season": "Fall", "Class": "Class B", "Multiple Witnesses": "False", "jaccard_score": 0.0010287536649349314, "Forest cover rate": "11.5%", "Dte": "17", "Witness Count": "1.0", "National Park Visitation Count": "442514", "City/Suburb/Town/Rural": "City", "Month": "September", "County": "Jersey", "Year": "2011", "Number of lakes": "0-250"}