{"Total Disasters": "1.0", "BigFoot Hotspot": "FALSE", "Unemployment_rate": "3.5", "Report Type": "Report", "State": "New Mexico", "id": "0b9255ee-bdfc-4603-937a-234e824b52fe", "Time And Conditions": "It was appx 2 in the morning lighting conditions were extremely dark and the weather was completely calm", "Civilian labor force": "9,405", "Nearest Town": "Jemez Pueblo", "Season": "Summer", "Class": "Class B", "Multiple Witnesses": "False", "jaccard_score": 0.0010801913481816778, "Forest cover rate": "5.6%", "Dte": "10", "Witness Count": "2.0", "National Park Visitation Count": "1657550", "City/Suburb/Town/Rural": "Suburb", "Month": "September", "County": "Los Alamos", "Year": "2010", "Number of lakes": "501-1500"}