{"Total Disasters": "1.0", "BigFoot Hotspot": "FALSE", "Unemployment_rate": "3.3", "Report Type": "Report", "State": "Utah", "Month": "February", "id": "0b9e7b0f-dc6a-4e4c-8555-c4e0d1c46df0", "Time And Conditions": "Just 1 hour  before dark , the light was very bright.", "Civilian labor force": "225,584", "Nearest Town": "Spanish Fork, Utah", "Season": "Fall", "Class": "Class A", "Multiple Witnesses": "False", "jaccard_score": 0.0009773159816881848, "Forest cover rate": "8.9%", "Dte": "26", "Witness Count": "1.0", "City/Suburb/Town/Rural": "City", "Number of lakes": "501-1500", "County": "Utah", "Year": "2008", "National Park Visitation Count": "8090662"}