{"Total Disasters": "0.0", "BigFoot Hotspot": "FALSE", "Unemployment_rate": "6.6", "Report Type": "Report", "State": "Massachusetts", "Month": "November", "id": "0bce6ea3-c56d-418b-a1a9-e9cc85053b6d", "Time And Conditions": "Evening near sundown. Clear weather with moon rising. Very little wind.", "Civilian labor force": "65,597", "Nearest Town": "Washington, Massachusetts", "Season": "Fall", "Class": "Class B", "Multiple Witnesses": "False", "jaccard_score": 0.0010801913481816778, "Forest cover rate": "52.5%", "Dte": "6", "Witness Count": "2.0", "City/Suburb/Town/Rural": "City", "Number of lakes": "2501-5000", "County": "Berkshire", "Year": "2014", "National Park Visitation Count": "9850586"}