{"Total Disasters": "1.0", "BigFoot Hotspot": "FALSE", "Unemployment_rate": "5.5", "Report Type": "Report", "State": "Oregon", "id": "0be4b2ed-01c5-497b-8cf2-3edacf5b00cb", "Time And Conditions": "1:00AM dark, warm evening. clear sky.", "Civilian labor force": "169,860", "Nearest Town": "Bend, Oregon", "Season": "Summer", "Class": "Class B", "Multiple Witnesses": "True", "jaccard_score": 0.0010801913481816778, "Forest cover rate": "38.8%", "Dte": "29", "Witness Count": "3.0", "National Park Visitation Count": "750070", "City/Suburb/Town/Rural": "City", "Month": "July", "County": "Lane", "Year": "2000", "Number of lakes": "501-1500"}