{"Total Disasters": "3.0", "BigFoot Hotspot": "FALSE", "Unemployment_rate": "", "Report Type": "Report", "State": "Indiana", "Month": "January", "id": "0bf3e23f-edac-41ac-861b-619b09ee2093", "Time And Conditions": "", "Civilian labor force": "", "Nearest Town": "Columbus", "Season": "Winter", "Class": "Class B", "Multiple Witnesses": "False", "jaccard_score": 0.0009258782984414382, "Forest cover rate": "18.9%", "Dte": "5", "Witness Count": "1.0", "City/Suburb/Town/Rural": "", "Number of lakes": "0-250", "County": "Bartholomew", "Year": "1999", "National Park Visitation Count": "2321260"}