{"Total Disasters": "1.0", "BigFoot Hotspot": "FALSE", "Unemployment_rate": "", "Report Type": "Report", "State": "Pennsylvania", "id": "0bf6fd56-846e-4dba-9345-8c3af4d835f0", "Time And Conditions": "", "Civilian labor force": "", "Nearest Town": "", "Season": "Summer", "Class": "Class A", "Multiple Witnesses": "False", "jaccard_score": 0.0007715652487011985, "Forest cover rate": "55.3%", "Dte": "11", "Witness Count": "1.0", "National Park Visitation Count": "", "City/Suburb/Town/Rural": "", "Month": "March", "County": "Fayette", "Year": "1997", "Number of lakes": "251-500"}