{"Total Disasters": "0.0", "BigFoot Hotspot": "FALSE", "Unemployment_rate": "6.6", "Report Type": "Report", "State": "North Carolina", "Month": "October", "id": "0bfb613a-7407-452e-8c11-917c3635cfa6", "Time And Conditions": "It was between 8 and 10pm.  Not sure as neither of us was wearing a watch.  It was dark as we were in the valley and the sun had set off the mountains to our west.", "Civilian labor force": "45,528", "Nearest Town": "Table Rock", "Season": "Fall", "Class": "Class B", "Multiple Witnesses": "False", "jaccard_score": 0.0010801913481816778, "Forest cover rate": "59.9%", "Dte": "27", "Witness Count": "2.0", "City/Suburb/Town/Rural": "City", "Number of lakes": "0-250", "County": "Burke", "Year": "2001", "National Park Visitation Count": "24875089"}