{"Total Disasters": "5.0", "BigFoot Hotspot": "FALSE", "Unemployment_rate": "6.3", "Report Type": "Report", "State": "Georgia", "Month": "February", "id": "0c0026b0-661d-46b2-9d33-d5ab3706250c", "Time And Conditions": "Late afternoon. Early morning", "Civilian labor force": "7,200", "Nearest Town": "Cochran", "Season": "Summer", "Class": "Class A", "Multiple Witnesses": "True", "jaccard_score": 0.0010801913481816778, "Forest cover rate": "64.2%", "Dte": "12", "Witness Count": "30.0", "City/Suburb/Town/Rural": "Town", "Number of lakes": "0-250", "County": "Dodge", "Year": "2017", "National Park Visitation Count": "5191955"}