{"Total Disasters": "1.0", "BigFoot Hotspot": "FALSE", "Unemployment_rate": "9.8", "Report Type": "Report", "State": "Washington", "id": "0c1f1c1c-6c46-4599-9b4e-0f8135ef04a1", "Time And Conditions": "the first time was in the evening about two hours before dark the next was about 11 pm and the last was early morning", "Civilian labor force": "44,297", "Nearest Town": "first (salkum) the other two near (Packwood)", "Season": "Spring", "Class": "Class B", "Multiple Witnesses": "False", "jaccard_score": 0.0010287536649349314, "Forest cover rate": "40.7%", "Dte": "27", "Witness Count": "1.0", "National Park Visitation Count": "", "City/Suburb/Town/Rural": "City", "Month": "February", "County": "Cowlitz", "Year": "2012", "Number of lakes": "5001-10000"}