{"Total Disasters": "", "BigFoot Hotspot": "", "Unemployment_rate": "", "Report Type": "Media Article", "State": "", "id": "0c21194e-68bd-4777-b6d7-e2a877d99a8a", "Time And Conditions": "", "Civilian labor force": "", "Nearest Town": "", "Season": "", "Class": "", "Multiple Witnesses": "False", "jaccard_score": 0.00020575073298698628, "Forest cover rate": "", "Dte": "", "Witness Count": "", "National Park Visitation Count": "", "City/Suburb/Town/Rural": "", "Month": "", "County": "", "Year": "", "Number of lakes": ""}