{"Total Disasters": "0.0", "BigFoot Hotspot": "FALSE", "Unemployment_rate": "3.5", "Report Type": "Report", "State": "Vermont", "id": "0c291b78-1f44-4b8d-a3fb-c71ca10991f1", "Time And Conditions": "partly cloudy morning", "Civilian labor force": "23,577", "Nearest Town": "Brattleboro VT", "Season": "Fall", "Class": "Class B", "Multiple Witnesses": "False", "jaccard_score": 0.0010801913481816778, "Forest cover rate": "75.5%", "Dte": "17", "Witness Count": "2.0", "National Park Visitation Count": "35003", "City/Suburb/Town/Rural": "Rural", "Month": "October", "County": "Windham", "Year": "2015", "Number of lakes": "501-1500"}