{"Number of lakes": "5001-10000", "Total Disasters": "3.0", "BigFoot Hotspot": "TRUE", "Unemployment_rate": "8.5", "Report Type": "Report", "State": "Washington", "id": "0c4166c4-0328-4625-b7b1-b79a5e3ef5fc", "Time And Conditions": "During the afternoon.  Weather was mild, cool and skies somewhat overcast.", "Civilian labor force": "31,475", "Nearest Town": "Randle", "Season": "Fall", "Class": "Class B", "Multiple Witnesses": "False", "jaccard_score": 0.0010801913481816778, "Forest cover rate": "40.7%", "Dte": "10", "Witness Count": "2.0", "City/Suburb/Town/Rural": "Suburb", "Month": "September", "County": "Lewis", "Year": "2008", "National Park Visitation Count": "7781362"}