{"Total Disasters": "2.0", "BigFoot Hotspot": "FALSE", "Unemployment_rate": "5.1", "Report Type": "Report", "State": "Missouri", "Month": "October", "id": "0c426545-806d-40ba-968b-5c4a85d1ca9c", "Time And Conditions": "Most occured at night, the mushroom encounter occured in daytime hours.  It was a warm, sunny day.", "Civilian labor force": "8,971", "Nearest Town": "Louisiana", "Season": "Spring", "Class": "Class B", "Multiple Witnesses": "False", "jaccard_score": 0.0010287536649349314, "Forest cover rate": "30.3%", "Dte": "8", "Witness Count": "2.0", "City/Suburb/Town/Rural": "Rural", "Number of lakes": "0-250", "County": "Pike", "Year": "2002", "National Park Visitation Count": ""}