{"Total Disasters": "3.0", "BigFoot Hotspot": "FALSE", "Unemployment_rate": "4.4", "Report Type": "Report", "State": "Ohio", "Month": "August", "id": "0c52adbf-7bdb-484f-9e73-b9163b6caf51", "Time And Conditions": "4am. Warm and muggy", "Civilian labor force": "21,261", "Nearest Town": "West Alexandria", "Season": "Summer", "Class": "Class B", "Multiple Witnesses": "False", "jaccard_score": 0.0010801913481816778, "Forest cover rate": "28.9%", "Dte": "19", "Witness Count": "1.0", "City/Suburb/Town/Rural": "Rural", "Number of lakes": "0-250", "County": "Preble", "Year": "2017", "National Park Visitation Count": "2446568"}