{"Total Disasters": "2.0", "BigFoot Hotspot": "FALSE", "Unemployment_rate": "9.7", "Report Type": "Report", "State": "Georgia", "Month": "May", "id": "0c546f2d-8692-41e8-9c8a-f75407506fdd", "Time And Conditions": "Roughly 7:30 in the evening, great visibility and clear warm weather around 88 degrees.", "Civilian labor force": "35,480", "Nearest Town": "Hogansville", "Season": "Spring", "Class": "Class B", "Multiple Witnesses": "False", "jaccard_score": 0.0010801913481816778, "Forest cover rate": "64.2%", "Dte": "24", "Witness Count": "1.0", "City/Suburb/Town/Rural": "Suburb", "Number of lakes": "0-250", "County": "Troup", "Year": "2012", "National Park Visitation Count": "7866731"}