{"Number of lakes": "5001-10000", "Total Disasters": "4.0", "BigFoot Hotspot": "FALSE", "Unemployment_rate": "", "Report Type": "Report", "State": "Texas", "id": "0c5b11be-e3f3-44a3-bf22-a663c64ce157", "Time And Conditions": "", "Civilian labor force": "", "Nearest Town": "Crockett", "Season": "Unknown", "Class": "Class A", "Multiple Witnesses": "False", "jaccard_score": 0.0009258782984414382, "Forest cover rate": "7%", "Dte": "30", "Witness Count": "0.0", "City/Suburb/Town/Rural": "", "Month": "October", "County": "Houston", "Year": "1998", "National Park Visitation Count": "4170748"}