{"Total Disasters": "0.0", "BigFoot Hotspot": "FALSE", "Unemployment_rate": "4.5", "Report Type": "Report", "State": "New York", "Month": "August", "id": "0c60cb9b-b944-442a-bc30-0680bc469b58", "Time And Conditions": "08:00 was when I saw this.  It was sunny and beautiful out.", "Civilian labor force": "31,923", "Nearest Town": "Township of Unadilla, close to the Village of Sidney, NY", "Season": "Spring", "Class": "Class A", "Multiple Witnesses": "False", "jaccard_score": 0.0010801913481816778, "Forest cover rate": "50.9%", "Dte": "23", "Witness Count": "1.0", "City/Suburb/Town/Rural": "Town", "Number of lakes": "5001-10000", "County": "Otsego", "Year": "2005", "National Park Visitation Count": "16737541"}