{"Total Disasters": "2.0", "BigFoot Hotspot": "TRUE", "Unemployment_rate": "4.5", "Report Type": "Report", "State": "Arizona", "Month": "August", "id": "0c71844a-2212-4b86-af38-10e3bc443219", "Time And Conditions": "4:oo AM it was a clear night not a full moon but it was almost full.", "Civilian labor force": "69,054", "Nearest Town": "Payson", "Season": "Summer", "Class": "Class B", "Multiple Witnesses": "False", "jaccard_score": 0.0010801913481816778, "Forest cover rate": "4.8%", "Dte": "7", "Witness Count": "0.0", "City/Suburb/Town/Rural": "City", "Number of lakes": "0-250", "County": "Coconino", "Year": "2006", "National Park Visitation Count": "8447937"}