{"Total Disasters": "2.0", "BigFoot Hotspot": "FALSE", "Unemployment_rate": "7.7", "Report Type": "Report", "State": "Oregon", "Month": "December", "id": "0c9004ae-00ef-4fbd-818c-8472e917d943", "Time And Conditions": "approximately one hour after sunset", "Civilian labor force": "46,768", "Nearest Town": "Drain", "Season": "Summer", "Class": "Class B", "Multiple Witnesses": "True", "jaccard_score": 0.0010801913481816778, "Forest cover rate": "38.8%", "Dte": "27", "Witness Count": "3.0", "City/Suburb/Town/Rural": "Suburb", "Number of lakes": "501-1500", "County": "Douglas", "Year": "2007", "National Park Visitation Count": ""}