{"Total Disasters": "1.0", "BigFoot Hotspot": "FALSE", "Unemployment_rate": "", "Report Type": "Report", "State": "California", "id": "0c9dff9f-3145-4522-8806-c9b13afb2a80", "Time And Conditions": "", "Civilian labor force": "", "Nearest Town": "", "Season": "Summer", "Class": "Class B", "Multiple Witnesses": "False", "jaccard_score": 0.0008230029319479451, "Forest cover rate": "17.8%", "Dte": "11", "Witness Count": "1.0", "National Park Visitation Count": "35059287", "City/Suburb/Town/Rural": "", "Month": "September", "County": "Trinity", "Year": "1997", "Number of lakes": "2501-5000"}