{"Total Disasters": "1.0", "BigFoot Hotspot": "FALSE", "Unemployment_rate": "2.9", "Report Type": "Report", "State": "Montana", "id": "0cc52470-20c4-4d20-bda5-99f528b9f6b8", "Time And Conditions": "4:00 pm in perfect light. Clear weather but signs of earlier rain as parts of the trail were quite muddy.", "Civilian labor force": "62,060", "Nearest Town": "Between Bozeman and Livingston", "Season": "Spring", "Class": "Class B", "Multiple Witnesses": "False", "jaccard_score": 0.0010801913481816778, "Forest cover rate": "20.6%", "Dte": "31", "Witness Count": "2.0", "National Park Visitation Count": "3603465", "City/Suburb/Town/Rural": "Town", "Month": "May", "County": "Gallatin", "Year": "2016", "Number of lakes": "2501-5000"}