{"Total Disasters": "0.0", "BigFoot Hotspot": "FALSE", "Unemployment_rate": "2.4", "Report Type": "Report", "State": "Montana", "Month": "September", "id": "0cce167c-784c-442b-9634-06e25fa5b750", "Time And Conditions": "It was night time, clear sky and full moon (or close to full).", "Civilian labor force": "69,389", "Nearest Town": "Big Sky", "Season": "Spring", "Class": "Class B", "Multiple Witnesses": "False", "jaccard_score": 0.0010801913481816778, "Forest cover rate": "20.6%", "Dte": "12", "Witness Count": "2.0", "City/Suburb/Town/Rural": "Town", "Number of lakes": "2501-5000", "County": "Gallatin", "Year": "2019", "National Park Visitation Count": "2963555"}