{"Total Disasters": "0.0", "BigFoot Hotspot": "FALSE", "Unemployment_rate": "6.1", "Report Type": "Report", "State": "West Virginia", "id": "0cd7b342-c4fb-4a5a-91dd-403fe3d45379", "Time And Conditions": "noon  sunny day warm wind.", "Civilian labor force": "10,735", "Nearest Town": "Richwood", "Season": "Summer", "Class": "Class A", "Multiple Witnesses": "True", "jaccard_score": 0.0010801913481816778, "Forest cover rate": "77.2%", "Dte": "16", "Witness Count": "3.0", "National Park Visitation Count": "1353152", "City/Suburb/Town/Rural": "Town", "Month": "February", "County": "Nicholas", "Year": "2001", "Number of lakes": "0-250"}