{"Total Disasters": "0.0", "BigFoot Hotspot": "FALSE", "Unemployment_rate": "4.9", "Report Type": "Report", "State": "Montana", "id": "0ce43fa2-d355-4140-8884-a9320ae915c6", "Time And Conditions": "Just before sunset dark timber", "Civilian labor force": "18,405", "Nearest Town": "Hamilton or Darby", "Season": "Fall", "Class": "Class A", "Multiple Witnesses": "False", "jaccard_score": 0.0010801913481816778, "Forest cover rate": "20.6%", "Dte": "26", "Witness Count": "2.0", "National Park Visitation Count": "2951358", "City/Suburb/Town/Rural": "Town", "Month": "December", "County": "Ravalli", "Year": "2005", "Number of lakes": "2501-5000"}