{"Total Disasters": "3.0", "BigFoot Hotspot": "FALSE", "Unemployment_rate": "10.7", "Report Type": "Report", "State": "Illinois", "id": "0ced380d-255a-41e7-9b8a-1a4bccc7a194", "Time And Conditions": "1:30 p.m.", "Civilian labor force": "17,330", "Nearest Town": "Sesser", "Season": "Spring", "Class": "Class A", "Multiple Witnesses": "False", "jaccard_score": 0.0010801913481816778, "Forest cover rate": "11.5%", "Dte": "15", "Witness Count": "1.0", "National Park Visitation Count": "295464", "City/Suburb/Town/Rural": "Town", "Month": "May", "County": "Franklin", "Year": "2012", "Number of lakes": "0-250"}