{"Total Disasters": "0.0", "BigFoot Hotspot": "TRUE", "Unemployment_rate": "6.6", "Report Type": "Report", "State": "Washington", "id": "0cf2af88-a657-48da-8aea-49ecdcadfbc6", "Time And Conditions": "It was late morning, overcast with light drizzle then turning to rain.", "Civilian labor force": "333,258", "Nearest Town": "Monroe, WA.", "Season": "Summer", "Class": "Class B", "Multiple Witnesses": "False", "jaccard_score": 0.0010801913481816778, "Forest cover rate": "40.7%", "Dte": "3", "Witness Count": "1.0", "National Park Visitation Count": "7217400", "City/Suburb/Town/Rural": "City", "Month": "January", "County": "Snohomish", "Year": "2002", "Number of lakes": "5001-10000"}