{"Total Disasters": "0.0", "BigFoot Hotspot": "FALSE", "Unemployment_rate": "9.9", "Report Type": "Report", "State": "Oregon", "Month": "October", "id": "0cf2cd51-40c3-44b6-9adb-09139b79191a", "Time And Conditions": "it was early afternoon and it was a bright clear day.", "Civilian labor force": "3,818", "Nearest Town": "Granite", "Season": "Fall", "Class": "Class A", "Multiple Witnesses": "True", "jaccard_score": 0.0010801913481816778, "Forest cover rate": "38.8%", "Dte": "24", "Witness Count": "3.0", "City/Suburb/Town/Rural": "Rural", "Number of lakes": "501-1500", "County": "Grant", "Year": "2004", "National Park Visitation Count": "837572"}