{"Total Disasters": "9.0", "BigFoot Hotspot": "FALSE", "Unemployment_rate": "9.5", "Report Type": "Report", "State": "Illinois", "Month": "May", "id": "0cf99021-f766-48af-8bbf-8907a0bdda48", "Time And Conditions": "It was early afternoon, if I remember right. It was a bright, but overcast day, and it rained a few hours after the sighting.", "Civilian labor force": "29,647", "Nearest Town": "Fenton", "Season": "Spring", "Class": "Class A", "Multiple Witnesses": "False", "jaccard_score": 0.0010801913481816778, "Forest cover rate": "11.5%", "Dte": "26", "Witness Count": "1.0", "City/Suburb/Town/Rural": "Suburb", "Number of lakes": "0-250", "County": "Whiteside", "Year": "2011", "National Park Visitation Count": "367968"}