{"Total Disasters": "1.0", "BigFoot Hotspot": "FALSE", "Unemployment_rate": "4.3", "Report Type": "Report", "State": "Ohio", "id": "0cfc19f1-f039-45ec-9e1a-22839aabc17e", "Time And Conditions": "2:38 AM", "Civilian labor force": "76,253", "Nearest Town": "Lancaster", "Season": "Summer", "Class": "Class A", "Multiple Witnesses": "False", "jaccard_score": 0.0010801913481816778, "Forest cover rate": "28.9%", "Dte": "31", "Witness Count": "2.0", "National Park Visitation Count": "2777749", "City/Suburb/Town/Rural": "City", "Month": "May", "County": "Fairfield", "Year": "2016", "Number of lakes": "0-250"}