{"Total Disasters": "2.0", "BigFoot Hotspot": "FALSE", "Unemployment_rate": "4.3", "Report Type": "Report", "State": "Iowa", "Month": "February", "id": "0d00da9d-01be-4946-b60b-8e0699afd3fd", "Time And Conditions": "pitch black-firstaugust of 77", "Civilian labor force": "8,623", "Nearest Town": "Floyd", "Season": "Fall", "Class": "Class A", "Multiple Witnesses": "True", "jaccard_score": 0.0010287536649349314, "Forest cover rate": "5.4%", "Dte": "4", "Witness Count": "7.0", "City/Suburb/Town/Rural": "Rural", "Number of lakes": "0-250", "County": "Floyd", "Year": "2001", "National Park Visitation Count": ""}