{"Total Disasters": "1.0", "BigFoot Hotspot": "FALSE", "Unemployment_rate": "3.7", "Report Type": "Report", "State": "Idaho", "id": "0d0652cf-cde0-4519-9705-57666509b8c0", "Time And Conditions": "Evening", "Civilian labor force": "5,335", "Nearest Town": "McCall", "Season": "Fall", "Class": "Class B", "Multiple Witnesses": "False", "jaccard_score": 0.0010287536649349314, "Forest cover rate": "31.8%", "Dte": "13", "Witness Count": "1.0", "National Park Visitation Count": "332181", "City/Suburb/Town/Rural": "Town", "Month": "January", "County": "Valley", "Year": "2018", "Number of lakes": "1501-2500"}