{"Number of lakes": "over 2000", "Total Disasters": "2.0", "BigFoot Hotspot": "FALSE", "Unemployment_rate": "11.3", "Report Type": "Report", "State": "Florida", "id": "0d077bf1-834a-47d1-b509-fe619c76de21", "Time And Conditions": "Early morning - apx. 5:30 AM. Just before dawn - light enough to see the creature but the sun had not come up yet. No fog - very clear and bright.", "Civilian labor force": "65,342", "Nearest Town": "Community near Charlotte Harbor", "Season": "Spring", "Class": "Class A", "Multiple Witnesses": "True", "jaccard_score": 0.0010801913481816778, "Forest cover rate": "42.4%", "Dte": "10", "Witness Count": "3.0", "City/Suburb/Town/Rural": "City", "Month": "June", "County": "Charlotte", "Year": "2011", "National Park Visitation Count": "8451287"}