{"Total Disasters": "6.0", "BigFoot Hotspot": "FALSE", "Unemployment_rate": "", "Report Type": "Report", "State": "North Carolina", "id": "0d07d2b0-dd75-4c30-914b-684bba3b947a", "Time And Conditions": "It was probably around 10am", "Civilian labor force": "", "Nearest Town": "Arden N.C", "Season": "Spring", "Class": "Class B", "Multiple Witnesses": "True", "jaccard_score": 0.0009773159816881848, "Forest cover rate": "59.9%", "Dte": "18", "Witness Count": "3.0", "National Park Visitation Count": "19282813", "City/Suburb/Town/Rural": "", "Month": "July", "County": "Buncombe", "Year": "2021", "Number of lakes": "0-250"}