{"Total Disasters": "1.0", "BigFoot Hotspot": "FALSE", "Unemployment_rate": "", "Report Type": "Report", "State": "Idaho", "id": "0d0846a6-d7ec-40bc-b746-f59e3dcee04e", "Time And Conditions": "The time was late evening around 6:00 PM. and being about a quarter of a mile from a lake the fog was setting in. The year was 1995, it was October 28, The weather conditions were overcast during the day and clearing off by the night time with lake fog coming in. There was no moon and it was pitch black. I don\u0092t understand how anything could see.", "Civilian labor force": "", "Nearest Town": "Elk River", "Season": "Fall", "Class": "Class A", "Multiple Witnesses": "False", "jaccard_score": 0.0009773159816881848, "Forest cover rate": "31.8%", "Dte": "23", "Witness Count": "0.0", "National Park Visitation Count": "576903", "City/Suburb/Town/Rural": "", "Month": "April", "County": "Clearwater", "Year": "1997", "Number of lakes": "1501-2500"}