{"Total Disasters": "2.0", "BigFoot Hotspot": "FALSE", "Unemployment_rate": "4.2", "Report Type": "Report", "State": "Texas", "id": "0d0c2836-12aa-4592-ae8e-4878e3fb4c9a", "Time And Conditions": "5:30 am, clear and mild.", "Civilian labor force": "17,568", "Nearest Town": "20 miles south of Stephenville", "Season": "Fall", "Class": "Class A", "Multiple Witnesses": "False", "jaccard_score": 0.0010801913481816778, "Forest cover rate": "7%", "Dte": "11", "Witness Count": "1.0", "National Park Visitation Count": "5801610", "City/Suburb/Town/Rural": "Suburb", "Month": "April", "County": "Erath", "Year": "2005", "Number of lakes": "5001-10000"}