{"Total Disasters": "3.0", "BigFoot Hotspot": "FALSE", "Unemployment_rate": "7.6", "Report Type": "Report", "State": "Virginia", "id": "0d1b802d-407e-430b-b6c8-542cd748ce32", "Time And Conditions": "light conditions was at late dusk couldn't see very well in front of us, the weather condition was cloudy", "Civilian labor force": "14,096", "Nearest Town": "Ft. Chiswell", "Season": "Summer", "Class": "Class B", "Multiple Witnesses": "False", "jaccard_score": 0.0010801913481816778, "Forest cover rate": "60.7%", "Dte": "10", "Witness Count": "1.0", "National Park Visitation Count": "15906661", "City/Suburb/Town/Rural": "Town", "Month": "July", "County": "Wythe", "Year": "2012", "Number of lakes": "0-250"}