{"Total Disasters": "3.0", "BigFoot Hotspot": "FALSE", "Unemployment_rate": "9.0", "Report Type": "Report", "State": "Illinois", "Month": "January", "id": "0d3ad7fe-1f76-4885-81e6-8bcad0879374", "Time And Conditions": "daytime, around 4-5 pm", "Civilian labor force": "167,661", "Nearest Town": "Algonquin, Illinois", "Season": "Fall", "Class": "Class A", "Multiple Witnesses": "False", "jaccard_score": 0.0010801913481816778, "Forest cover rate": "11.5%", "Dte": "20", "Witness Count": "1.0", "City/Suburb/Town/Rural": "City", "Number of lakes": "0-250", "County": "McHenry", "Year": "2012", "National Park Visitation Count": "335473"}