{"Number of lakes": "5001-10000", "Total Disasters": "0.0", "BigFoot Hotspot": "TRUE", "Unemployment_rate": "9.5", "Report Type": "Report", "State": "Washington", "id": "0d45676b-05fc-492a-b3d8-b987b7fafd6a", "Time And Conditions": "Probably around 1:00 to 2:00 A.M.", "Civilian labor force": "387,830", "Nearest Town": "Nisqually, WA", "Season": "Fall", "Class": "Class B", "Multiple Witnesses": "True", "jaccard_score": 0.0010801913481816778, "Forest cover rate": "40.7%", "Dte": "4", "Witness Count": "3.0", "City/Suburb/Town/Rural": "City", "Month": "September", "County": "Pierce", "Year": "2010", "National Park Visitation Count": ""}