{"Total Disasters": "0.0", "BigFoot Hotspot": "FALSE", "Unemployment_rate": "11.5", "Report Type": "Report", "State": "California", "id": "0d4ba585-3f37-4174-a34f-ae6fd51a1d29", "Time And Conditions": "Approximately 2:30 am, on a dark night.", "Civilian labor force": "174,960", "Nearest Town": "Porterville, California", "Season": "Fall", "Class": "Class A", "Multiple Witnesses": "False", "jaccard_score": 0.0010801913481816778, "Forest cover rate": "17.8%", "Dte": "14", "Witness Count": "1.0", "National Park Visitation Count": "", "City/Suburb/Town/Rural": "City", "Month": "January", "County": "Tulare", "Year": "2001", "Number of lakes": "2501-5000"}