{"Number of lakes": "5001-10000", "Total Disasters": "0.0", "BigFoot Hotspot": "TRUE", "Unemployment_rate": "8.8", "Report Type": "Report", "State": "Washington", "id": "0d5c6733-8588-4bd7-919e-99e95b937ad6", "Time And Conditions": "it was about 1:30 in the morning but it seemed to be really light because of the clear night and bright moon. The snow seemed to light up the area.", "Civilian labor force": "4,924", "Nearest Town": "eagle cliff", "Season": "Winter", "Class": "Class A", "Multiple Witnesses": "False", "jaccard_score": 0.0010801913481816778, "Forest cover rate": "40.7%", "Dte": "7", "Witness Count": "1.0", "City/Suburb/Town/Rural": "City", "Month": "December", "County": "Skamania", "Year": "2004", "National Park Visitation Count": "7019800"}