{"Number of lakes": "10001-20000", "Total Disasters": "0.0", "BigFoot Hotspot": "FALSE", "Unemployment_rate": "5.8", "Report Type": "Report", "State": "Wisconsin", "id": "0d88b311-4fef-4427-bffd-0ca0acf9a85a", "Time And Conditions": "noon /sunlit beautiful day", "Civilian labor force": "8,169", "Nearest Town": "Danbury", "Season": "Summer", "Class": "Class B", "Multiple Witnesses": "False", "jaccard_score": 0.0010287536649349314, "Forest cover rate": "45.2%", "Dte": "9", "Witness Count": "0.0", "City/Suburb/Town/Rural": "Rural", "Month": "August", "County": "Burnett", "Year": "2002", "National Park Visitation Count": "448734"}