{"Total Disasters": "3.0", "BigFoot Hotspot": "FALSE", "Unemployment_rate": "", "Report Type": "Report", "State": "Georgia", "id": "0d8c2aea-c2d7-43db-b697-2d2a98b2ceae", "Time And Conditions": "Twilight", "Civilian labor force": "", "Nearest Town": "", "Season": "Unknown", "Class": "Class B", "Multiple Witnesses": "False", "jaccard_score": 0.0009258782984414382, "Forest cover rate": "64.2%", "Dte": "25", "Witness Count": "0.0", "National Park Visitation Count": "5191955", "City/Suburb/Town/Rural": "", "Month": "May", "County": "Sumter", "Year": "1999", "Number of lakes": "0-250"}