{"Total Disasters": "3.0", "BigFoot Hotspot": "FALSE", "Unemployment_rate": "12.3", "Report Type": "Report", "State": "Georgia", "id": "0db2e5e7-5bf8-4dc8-9a0f-be231df49cca", "Time And Conditions": "in the evening between 5 and 6", "Civilian labor force": "12,073", "Nearest Town": "jesup", "Season": "Winter", "Class": "Class A", "Multiple Witnesses": "False", "jaccard_score": 0.0010801913481816778, "Forest cover rate": "64.2%", "Dte": "29", "Witness Count": "2.0", "National Park Visitation Count": "6922677", "City/Suburb/Town/Rural": "Suburb", "Month": "December", "County": "Wayne", "Year": "2009", "Number of lakes": "0-250"}