{"Total Disasters": "9.0", "BigFoot Hotspot": "FALSE", "Unemployment_rate": "9.8", "Report Type": "Report", "State": "Illinois", "Month": "June", "id": "0db7e72f-3df5-4f2d-965e-16d586cb0a6a", "Time And Conditions": "Morning, not sure of the exact time.  The weather was cold and sunny.  Very different from the day or night before when the wind was blowing.", "Civilian labor force": "267,705", "Nearest Town": "Algonquin", "Season": "Winter", "Class": "Class B", "Multiple Witnesses": "False", "jaccard_score": 0.0010801913481816778, "Forest cover rate": "11.5%", "Dte": "13", "Witness Count": "2.0", "City/Suburb/Town/Rural": "City", "Number of lakes": "0-250", "County": "Kane", "Year": "2011", "National Park Visitation Count": "296214"}