{"Total Disasters": "1.0", "BigFoot Hotspot": "FALSE", "Unemployment_rate": "8.6", "Report Type": "Report", "State": "California", "id": "0dd1e83d-2ac7-461e-86f9-8ef654fde790", "Time And Conditions": "5:30am to 6:45am The weather was clear and the sun was not quite shining directly on me.", "Civilian labor force": "54,852", "Nearest Town": "Bass Lake Ca.", "Season": "Fall", "Class": "Class A", "Multiple Witnesses": "False", "jaccard_score": 0.0010801913481816778, "Forest cover rate": "17.8%", "Dte": "29", "Witness Count": "2.0", "National Park Visitation Count": "39181404", "City/Suburb/Town/Rural": "City", "Month": "July", "County": "Madera", "Year": "2000", "Number of lakes": "2501-5000"}