{"Number of lakes": "over 2000", "Total Disasters": "4.0", "BigFoot Hotspot": "FALSE", "Unemployment_rate": "7.3", "Report Type": "Report", "State": "Michigan", "id": "0dd9535e-2a3c-4ca4-98cf-a4c87bc17b56", "Time And Conditions": "The time was close to midnight, around 11pm, and the lighting was moonless and low overcast due to ongoing snowfall which was light at the time I ventured outside.  I clearly recall that it was extremely quiet and visibility was good due to reflected light of the clouds from the nearby interstate exit and surrounding businesses with outdoor lighting.", "Civilian labor force": "78,334", "Nearest Town": "Stevensville, MI.", "Season": "Winter", "Class": "Class B", "Multiple Witnesses": "True", "jaccard_score": 0.0010801913481816778, "Forest cover rate": "51.2%", "Dte": "14", "Witness Count": "3.0", "City/Suburb/Town/Rural": "City", "Month": "November", "County": "Berrien", "Year": "2003", "National Park Visitation Count": ""}