{"Total Disasters": "4.0", "BigFoot Hotspot": "FALSE", "Unemployment_rate": "8.2", "Report Type": "Report", "State": "Ohio", "id": "0ddd8a96-0e58-4554-85ae-fa33a26ab2a0", "Time And Conditions": "2pm  sunny and clear", "Civilian labor force": "50,915", "Nearest Town": "Leetonia", "Season": "Fall", "Class": "Class B", "Multiple Witnesses": "False", "jaccard_score": 0.0010801913481816778, "Forest cover rate": "28.9%", "Dte": "24", "Witness Count": "1.0", "National Park Visitation Count": "2591742", "City/Suburb/Town/Rural": "Suburb", "Month": "November", "County": "Columbiana", "Year": "2012", "Number of lakes": "0-250"}