{"Total Disasters": "9.0", "BigFoot Hotspot": "FALSE", "Unemployment_rate": "4.7", "Report Type": "Report", "State": "Texas", "Month": "July", "id": "0de4d09f-dba0-4568-8e27-f78b9341e5da", "Time And Conditions": "Sun set", "Civilian labor force": "5,050", "Nearest Town": "Vernon, Texas", "Season": "Spring", "Class": "Class B", "Multiple Witnesses": "False", "jaccard_score": 0.0010801913481816778, "Forest cover rate": "7%", "Dte": "23", "Witness Count": "1.0", "City/Suburb/Town/Rural": "Suburb", "Number of lakes": "5001-10000", "County": "Wilbarger", "Year": "2016", "National Park Visitation Count": "5363239"}