{"Number of lakes": "5001-10000", "Total Disasters": "1.0", "BigFoot Hotspot": "TRUE", "Unemployment_rate": "12.3", "Report Type": "Report", "State": "Washington", "id": "0df74411-3542-4935-871e-586a9b06943f", "Time And Conditions": "Late afternoon", "Civilian labor force": "30,818", "Nearest Town": "Between Aberdeen and Montesno", "Season": "Summer", "Class": "Class B", "Multiple Witnesses": "False", "jaccard_score": 0.0010801913481816778, "Forest cover rate": "40.7%", "Dte": "22", "Witness Count": "0.0", "City/Suburb/Town/Rural": "Suburb", "Month": "January", "County": "Grays Harbor", "Year": "2009", "National Park Visitation Count": "7665032"}