{"Total Disasters": "2.0", "BigFoot Hotspot": "TRUE", "Unemployment_rate": "", "Report Type": "Report", "State": "California", "Month": "August", "id": "0dfa69c0-a15a-4f20-a0b2-b52b8ed9c140", "Time And Conditions": "", "Civilian labor force": "", "Nearest Town": "", "Season": "Summer", "Class": "Class A", "Multiple Witnesses": "False", "jaccard_score": 0.0008744406151946916, "Forest cover rate": "17.8%", "Dte": "14", "Witness Count": "0.0", "City/Suburb/Town/Rural": "", "Number of lakes": "2501-5000", "County": "Siskiyou", "Year": "1998", "National Park Visitation Count": "34615162"}