{"Total Disasters": "2.0", "BigFoot Hotspot": "FALSE", "Unemployment_rate": "6.2", "Report Type": "Report", "State": "Ohio", "Month": "March", "id": "0dfdd437-e847-45d8-b7c2-9e7b30f11240", "Time And Conditions": "It was a sunny day with the temperature in the low 40\u0092s. The incident took place around 5:30 PM.", "Civilian labor force": "80,368", "Nearest Town": "Claylick", "Season": "Winter", "Class": "Class A", "Multiple Witnesses": "False", "jaccard_score": 0.0010801913481816778, "Forest cover rate": "28.9%", "Dte": "11", "Witness Count": "1.0", "City/Suburb/Town/Rural": "City", "Number of lakes": "0-250", "County": "Licking", "Year": "2004", "National Park Visitation Count": "1199863"}