{"Total Disasters": "4.0", "BigFoot Hotspot": "FALSE", "Unemployment_rate": "7.6", "Report Type": "Report", "State": "Illinois", "Month": "November", "id": "0e0d7b78-db08-4333-9d65-cd3a79bc308a", "Time And Conditions": "Was in late afternoon. Weather was clear, very good. Excellent vision on clear day", "Civilian labor force": "15,813", "Nearest Town": "Brereton and Norris", "Season": "Summer", "Class": "Class B", "Multiple Witnesses": "True", "jaccard_score": 0.0010801913481816778, "Forest cover rate": "11.5%", "Dte": "7", "Witness Count": "3.0", "City/Suburb/Town/Rural": "Suburb", "Number of lakes": "0-250", "County": "Fulton", "Year": "2015", "National Park Visitation Count": ""}