{"Total Disasters": "1.0", "BigFoot Hotspot": "FALSE", "Unemployment_rate": "4.2", "Report Type": "Report", "State": "Colorado", "id": "0e0d3e64-198a-4cb2-8998-d0ac57cb0446", "Time And Conditions": "Sometime after midnight but before daylight. Night was clear and temperature was typical for early fall.", "Civilian labor force": "12,889", "Nearest Town": "", "Season": "Fall", "Class": "Class A", "Multiple Witnesses": "True", "jaccard_score": 0.0010287536649349314, "Forest cover rate": "17.5%", "Dte": "2", "Witness Count": "6.0", "National Park Visitation Count": "", "City/Suburb/Town/Rural": "City", "Month": "January", "County": "Teller", "Year": "2006", "Number of lakes": "501-1500"}