{"Total Disasters": "0.0", "BigFoot Hotspot": "FALSE", "Unemployment_rate": "6.8", "Report Type": "Report", "State": "Oregon", "Month": "February", "id": "0e144efb-5495-4500-8def-35a05e3d066e", "Time And Conditions": "It happened in the afternoon about 3:30. It was a bright day; that day also hot.  We were not far from Diamond Peak Wilderness area.", "Civilian labor force": "169,060", "Nearest Town": "Oakridge was the nearest town", "Season": "Fall", "Class": "Class B", "Multiple Witnesses": "True", "jaccard_score": 0.0010801913481816778, "Forest cover rate": "38.8%", "Dte": "16", "Witness Count": "3.0", "City/Suburb/Town/Rural": "City", "Number of lakes": "501-1500", "County": "Lane", "Year": "2001", "National Park Visitation Count": "831394"}