{"Number of lakes": "5001-10000", "Total Disasters": "1.0", "BigFoot Hotspot": "FALSE", "Unemployment_rate": "8.5", "Report Type": "Report", "State": "Washington", "id": "0e27f69f-52e1-4bc4-a3ea-214c66c9d5a2", "Time And Conditions": "", "Civilian labor force": "1,808", "Nearest Town": "Walla Walla", "Season": "Winter", "Class": "Class A", "Multiple Witnesses": "False", "jaccard_score": 0.0010801913481816778, "Forest cover rate": "40.7%", "Dte": "28", "Witness Count": "0.0", "City/Suburb/Town/Rural": "City", "Month": "January", "County": "Columbia", "Year": "2000", "National Park Visitation Count": "7275528"}