{"Total Disasters": "2.0", "BigFoot Hotspot": "FALSE", "Unemployment_rate": "6.4", "Report Type": "Report", "State": "Wisconsin", "Month": "December", "id": "0e353bf4-6588-45c0-b049-3a2c29776536", "Time And Conditions": "Around 12:30 AM, clear skies, gods fingernail for a moon, a couple inches of snow on the ground but the road was clear.  The car said that the outside air temp was 10 degrees F.", "Civilian labor force": "13,541", "Nearest Town": "Mineral Point", "Season": "Fall", "Class": "Class B", "Multiple Witnesses": "False", "jaccard_score": 0.0010801913481816778, "Forest cover rate": "45.2%", "Dte": "4", "Witness Count": "1.0", "City/Suburb/Town/Rural": "City", "Number of lakes": "10001-20000", "County": "Iowa", "Year": "2013", "National Park Visitation Count": "491498"}