{"Total Disasters": "7.0", "BigFoot Hotspot": "FALSE", "Unemployment_rate": "6.5", "Report Type": "Report", "State": "Indiana", "Month": "October", "id": "0e4b2bd9-e572-4ee2-9d53-243cf9eaf081", "Time And Conditions": "between 6:00 - 6:30 pm. dark in the woods, but you could just see the sky through the tree tops. and it was around 55degrees", "Civilian labor force": "11,142", "Nearest Town": "Austin", "Season": "Fall", "Class": "Class B", "Multiple Witnesses": "True", "jaccard_score": 0.0010801913481816778, "Forest cover rate": "18.9%", "Dte": "8", "Witness Count": "6.0", "City/Suburb/Town/Rural": "City", "Number of lakes": "0-250", "County": "Scott", "Year": "2008", "National Park Visitation Count": "2321260"}