{"Total Disasters": "2.0", "BigFoot Hotspot": "FALSE", "Unemployment_rate": "2.6", "Report Type": "Report", "State": "Florida", "id": "0e4df71f-daa1-4431-8971-644eedd1c62c", "Time And Conditions": "Close to midnight. Weather was warm and it was not raining that night.", "Civilian labor force": "125,330", "Nearest Town": "Lady Lake", "Season": "Winter", "Class": "Class B", "Multiple Witnesses": "False", "jaccard_score": 0.0010801913481816778, "Forest cover rate": "42.4%", "Dte": "1", "Witness Count": "1.0", "National Park Visitation Count": "", "City/Suburb/Town/Rural": "City", "Month": "March", "County": "Lake", "Year": "2006", "Number of lakes": "over 2000"}