{"Total Disasters": "2.0", "BigFoot Hotspot": "FALSE", "Unemployment_rate": "", "Report Type": "Report", "State": "Tennessee", "Month": "May", "id": "0e8be0a4-57fc-4bee-b6ad-d56dbe7c6963", "Time And Conditions": "", "Civilian labor force": "", "Nearest Town": "Calhoun", "Season": "Unknown", "Class": "Class A", "Multiple Witnesses": "False", "jaccard_score": 0.0009258782984414382, "Forest cover rate": "52.9%", "Dte": "22", "Witness Count": "1.0", "City/Suburb/Town/Rural": "", "Number of lakes": "0-250", "County": "Mcminn", "Year": "1998", "National Park Visitation Count": "11073667"}