{"Total Disasters": "1.0", "BigFoot Hotspot": "FALSE", "Unemployment_rate": "4.9", "Report Type": "Report", "State": "Ohio", "id": "0e9fbf3b-b028-4ef5-b1aa-a4d1f3f93ad2", "Time And Conditions": "It was about 4 p.m. in the afternoon and the weather conditions were dry and pleasant for the month of October in Northeast Ohio.", "Civilian labor force": "124,566", "Nearest Town": "Concord Township", "Season": "Fall", "Class": "Class B", "Multiple Witnesses": "False", "jaccard_score": 0.0010801913481816778, "Forest cover rate": "28.9%", "Dte": "5", "Witness Count": "0.0", "National Park Visitation Count": "2777749", "City/Suburb/Town/Rural": "City", "Month": "December", "County": "Lake", "Year": "2016", "Number of lakes": "0-250"}