{"Number of lakes": "over 2000", "Total Disasters": "1.0", "BigFoot Hotspot": "FALSE", "Unemployment_rate": "6.4", "Report Type": "Report", "State": "Michigan", "id": "0ea0b7b5-a87e-490d-9d40-29a6cc0c42e3", "Time And Conditions": "it was the middle of the night about 2 am", "Civilian labor force": "55,953", "Nearest Town": "pullman", "Season": "Summer", "Class": "Class B", "Multiple Witnesses": "False", "jaccard_score": 0.0010287536649349314, "Forest cover rate": "51.2%", "Dte": "21", "Witness Count": "1.0", "City/Suburb/Town/Rural": "Suburb", "Month": "June", "County": "Allegan", "Year": "2007", "National Park Visitation Count": "1591808"}