{"Total Disasters": "0.0", "BigFoot Hotspot": "FALSE", "Unemployment_rate": "", "Report Type": "Report", "State": "Arizona", "id": "0ea16e2d-8ed6-47dd-b400-ed03d2115904", "Time And Conditions": "", "Civilian labor force": "", "Nearest Town": "Fort Grant Military Prison", "Season": "Unknown", "Class": "Class B", "Multiple Witnesses": "False", "jaccard_score": 0.0008230029319479451, "Forest cover rate": "4.8%", "Dte": "1", "Witness Count": "0.0", "National Park Visitation Count": "", "City/Suburb/Town/Rural": "", "Month": "September", "County": "Graham", "Year": "1998", "Number of lakes": "0-250"}