{"Total Disasters": "2.0", "BigFoot Hotspot": "FALSE", "Unemployment_rate": "6.3", "Report Type": "Report", "State": "Minnesota", "id": "0ea6ad58-fdd9-4a76-999d-9543c58bd251", "Time And Conditions": "3:30 pm clear to partly cloudy, a calm quiet fall day", "Civilian labor force": "5,782", "Nearest Town": "Isabella", "Season": "Fall", "Class": "Class B", "Multiple Witnesses": "False", "jaccard_score": 0.0010801913481816778, "Forest cover rate": "28.9%", "Dte": "14", "Witness Count": "0.0", "National Park Visitation Count": "490760", "City/Suburb/Town/Rural": "Town", "Month": "June", "County": "Lake", "Year": "2013", "Number of lakes": "over 2000"}