{"Total Disasters": "0.0", "BigFoot Hotspot": "FALSE", "Unemployment_rate": "8.9", "Report Type": "Report", "State": "Arkansas", "id": "0ea7e545-ca40-416c-abe9-a4c7e2626475", "Time And Conditions": "1:00 a.m.", "Civilian labor force": "6,033", "Nearest Town": "Watson, AR", "Season": "Spring", "Class": "Class A", "Multiple Witnesses": "False", "jaccard_score": 0.0010287536649349314, "Forest cover rate": "55.1%", "Dte": "25", "Witness Count": "0.0", "National Park Visitation Count": "2318599", "City/Suburb/Town/Rural": "Town", "Month": "June", "County": "Desha", "Year": "2004", "Number of lakes": "1501-2500"}