{"Total Disasters": "3.0", "BigFoot Hotspot": "FALSE", "Unemployment_rate": "", "Report Type": "Report", "State": "Virginia", "Month": "December", "id": "0ea87117-b0a1-4e39-a4c9-c11dde52de5c", "Time And Conditions": "", "Civilian labor force": "", "Nearest Town": "", "Season": "Summer", "Class": "Class A", "Multiple Witnesses": "False", "jaccard_score": 0.0008744406151946916, "Forest cover rate": "60.7%", "Dte": "23", "Witness Count": "1.0", "City/Suburb/Town/Rural": "", "Number of lakes": "0-250", "County": "Greene", "Year": "1998", "National Park Visitation Count": "13046367"}