{"Total Disasters": "1.0", "BigFoot Hotspot": "FALSE", "Unemployment_rate": "3.1", "Report Type": "Report", "State": "Wyoming", "id": "0eba5ec4-48dd-49dc-809f-b0bdb7f5f233", "Time And Conditions": "5:30am Dawn.  The sun was just starting to rise.  It was light enough to see across the camp.  Temperature was in the mid 30s.  It did not freeze the night before.  Turned into a beautiful, clear day.", "Civilian labor force": "8,360", "Nearest Town": "Encampment, WY", "Season": "Fall", "Class": "Class B", "Multiple Witnesses": "False", "jaccard_score": 0.0010287536649349314, "Forest cover rate": "9.2%", "Dte": "29", "Witness Count": "1.0", "National Park Visitation Count": "7053954", "City/Suburb/Town/Rural": "Rural", "Month": "September", "County": "Carbon", "Year": "2008", "Number of lakes": "0-250"}