{"Total Disasters": "1.0", "BigFoot Hotspot": "FALSE", "Unemployment_rate": "", "Report Type": "Report", "State": "Oregon", "id": "0ebfd612-418c-4705-8b63-1cbc6cc35743", "Time And Conditions": "2:30 Sunday morning. Conditions were summerlike but cool in the evening because of the area.", "Civilian labor force": "", "Nearest Town": "", "Season": "Fall", "Class": "Class B", "Multiple Witnesses": "False", "jaccard_score": 0.0008744406151946916, "Forest cover rate": "38.8%", "Dte": "28", "Witness Count": "0.0", "National Park Visitation Count": "", "City/Suburb/Town/Rural": "", "Month": "December", "County": "Clackamas", "Year": "1996", "Number of lakes": "501-1500"}