{"Total Disasters": "2.0", "BigFoot Hotspot": "FALSE", "Unemployment_rate": "7.5", "Report Type": "Report", "State": "Pennsylvania", "id": "0eeadcb8-1dd8-406f-ac62-192f8e01750c", "Time And Conditions": "it was a nice fall day sunny.It was around 1:00 pm", "Civilian labor force": "65,733", "Nearest Town": "Connellsville", "Season": "Fall", "Class": "Class A", "Multiple Witnesses": "False", "jaccard_score": 0.0010801913481816778, "Forest cover rate": "55.3%", "Dte": "24", "Witness Count": "1.0", "National Park Visitation Count": "12425137", "City/Suburb/Town/Rural": "City", "Month": "October", "County": "Fayette", "Year": "2004", "Number of lakes": "251-500"}