{"Total Disasters": "3.0", "BigFoot Hotspot": "FALSE", "Unemployment_rate": "5.5", "Report Type": "Report", "State": "Kentucky", "id": "0efbd141-c5a3-4ac2-854b-e8fc52a0ccd2", "Time And Conditions": "The middle of the day.  Clear and warm.", "Civilian labor force": "63,099", "Nearest Town": "Richwood", "Season": "Summer", "Class": "Class A", "Multiple Witnesses": "False", "jaccard_score": 0.0010801913481816778, "Forest cover rate": "48.6%", "Dte": "25", "Witness Count": "0.0", "National Park Visitation Count": "3243487", "City/Suburb/Town/Rural": "City", "Month": "September", "County": "Boone", "Year": "2008", "Number of lakes": "0-250"}