{"Total Disasters": "0.0", "BigFoot Hotspot": "FALSE", "Unemployment_rate": "5.1", "Report Type": "Report", "State": "Utah", "id": "0f3270be-94e7-4f60-8442-66c55643f53e", "Time And Conditions": "About 10:00 am", "Civilian labor force": "506", "Nearest Town": "Mountain View, Wyo.", "Season": "Summer", "Class": "Class B", "Multiple Witnesses": "True", "jaccard_score": 0.0010801913481816778, "Forest cover rate": "8.9%", "Dte": "23", "Witness Count": "4.0", "National Park Visitation Count": "8000456", "City/Suburb/Town/Rural": "Rural", "Month": "August", "County": "Daggett", "Year": "2005", "Number of lakes": "501-1500"}