{"Number of lakes": "over 2000", "Total Disasters": "1.0", "BigFoot Hotspot": "FALSE", "Unemployment_rate": "9.0", "Report Type": "Report", "State": "Michigan", "id": "0f342320-15b4-4011-8659-b5e551d6699f", "Time And Conditions": "Around 9:00 AM sunny and warm maybe in the 70's or 80's", "Civilian labor force": "3,898", "Nearest Town": "Mio", "Season": "Summer", "Class": "Class A", "Multiple Witnesses": "False", "jaccard_score": 0.0010287536649349314, "Forest cover rate": "51.2%", "Dte": "12", "Witness Count": "1.0", "City/Suburb/Town/Rural": "Rural", "Month": "January", "County": "Oscoda", "Year": "2001", "National Park Visitation Count": ""}