{"Total Disasters": "0.0", "BigFoot Hotspot": "FALSE", "Unemployment_rate": "5.2", "Report Type": "Report", "State": "North Dakota", "id": "0f4237b0-f3ef-4b79-8da8-38a0e89058dd", "Time And Conditions": "", "Civilian labor force": "3,109", "Nearest Town": "New Town", "Season": "Winter", "Class": "Class A", "Multiple Witnesses": "False", "jaccard_score": 0.0010801913481816778, "Forest cover rate": "1%", "Dte": "4", "Witness Count": "2.0", "National Park Visitation Count": "536266", "City/Suburb/Town/Rural": "Rural", "Month": "March", "County": "Mountrail", "Year": "2004", "Number of lakes": "251-500"}