{"Total Disasters": "4.0", "BigFoot Hotspot": "FALSE", "Unemployment_rate": "8.0", "Report Type": "Report", "State": "Louisiana", "id": "0f47a761-b2b0-4d48-b9c0-5ff7a8267956", "Time And Conditions": "late in the evening", "Civilian labor force": "8,385", "Nearest Town": "Georgetown, LA", "Season": "Winter", "Class": "Class B", "Multiple Witnesses": "False", "jaccard_score": 0.0010801913481816778, "Forest cover rate": "49.2%", "Dte": "6", "Witness Count": "0.0", "National Park Visitation Count": "496329", "City/Suburb/Town/Rural": "City", "Month": "March", "County": "Grant", "Year": "2011", "Number of lakes": "0-250"}