{"Total Disasters": "1.0", "BigFoot Hotspot": "FALSE", "Unemployment_rate": "6.7", "Report Type": "Report", "State": "Washington", "Month": "May", "id": "0f5ad0a7-775e-4f4d-ab7e-4797b10bf81d", "Time And Conditions": "8:15 pm clear with sunset headed west bound", "Civilian labor force": "20,169", "Nearest Town": "Cle Elum", "Season": "Spring", "Class": "Class A", "Multiple Witnesses": "True", "jaccard_score": 0.0010801913481816778, "Forest cover rate": "40.7%", "Dte": "15", "Witness Count": "3.0", "City/Suburb/Town/Rural": "Suburb", "Number of lakes": "5001-10000", "County": "Kittitas", "Year": "2014", "National Park Visitation Count": "7652073"}