{"Number of lakes": "1501-2500", "Total Disasters": "1.0", "BigFoot Hotspot": "FALSE", "Unemployment_rate": "5.6", "Report Type": "Report", "State": "New Jersey", "id": "0f6da653-9b07-483a-9b2f-a6fc95ebb877", "Time And Conditions": "2:00-2:30 AM, clear, calm, dim moonlight", "Civilian labor force": "235,674", "Nearest Town": "Ringwood, NJ", "Season": "Summer", "Class": "Class B", "Multiple Witnesses": "False", "jaccard_score": 0.0010287536649349314, "Forest cover rate": "39.5%", "Dte": "13", "Witness Count": "1.0", "City/Suburb/Town/Rural": "City", "Month": "October", "County": "Passaic", "Year": "2006", "National Park Visitation Count": "476487"}