{"Total Disasters": "1.0", "BigFoot Hotspot": "TRUE", "Unemployment_rate": "5.7", "Report Type": "Report", "State": "California", "Month": "October", "id": "0f78de6e-73be-4534-af83-5a4d96c15a41", "Time And Conditions": "Would be mid morning and the weather was clear and sunny", "Civilian labor force": "60,073", "Nearest Town": "Eureka, California", "Season": "Summer", "Class": "Class A", "Multiple Witnesses": "True", "jaccard_score": 0.0010801913481816778, "Forest cover rate": "17.8%", "Dte": "28", "Witness Count": "3.0", "City/Suburb/Town/Rural": "Town", "Number of lakes": "2501-5000", "County": "Humboldt", "Year": "2000", "National Park Visitation Count": ""}