{"Total Disasters": "4.0", "BigFoot Hotspot": "FALSE", "Unemployment_rate": "5.6", "Report Type": "Report", "State": "Illinois", "Month": "November", "id": "0f8e891e-cb22-4f3a-acec-9eaac6e288a8", "Time And Conditions": "It was 2:30ish pm good light, not a lot of leaves on the trees", "Civilian labor force": "28,680", "Nearest Town": "De Soto", "Season": "Fall", "Class": "Class A", "Multiple Witnesses": "False", "jaccard_score": 0.0010801913481816778, "Forest cover rate": "11.5%", "Dte": "12", "Witness Count": "1.0", "City/Suburb/Town/Rural": "City", "Number of lakes": "0-250", "County": "Jackson", "Year": "2015", "National Park Visitation Count": "233299"}