{"Total Disasters": "2.0", "BigFoot Hotspot": "FALSE", "Unemployment_rate": "8.3", "Report Type": "Report", "State": "Colorado", "Month": "June", "id": "0f9c8709-b693-4d85-8352-1beabc1c4fe9", "Time And Conditions": "Early afternoon, about 3pm Mountain time.", "Civilian labor force": "989", "Nearest Town": "Silverton", "Season": "Spring", "Class": "Class B", "Multiple Witnesses": "False", "jaccard_score": 0.0010287536649349314, "Forest cover rate": "17.5%", "Dte": "25", "Witness Count": "2.0", "City/Suburb/Town/Rural": "Rural", "Number of lakes": "501-1500", "County": "Dolores", "Year": "2003", "National Park Visitation Count": "5688290"}