{"Number of lakes": "5001-10000", "Total Disasters": "0.0", "BigFoot Hotspot": "TRUE", "Unemployment_rate": "11.1", "Report Type": "Report", "State": "Washington", "id": "0fbafc2b-5166-4d0e-86c2-e018e9ededa4", "Time And Conditions": "The sounds were heard on a very clear night (I've never seen the stars so clearly before -- benefit of getting away from the city). The possible prints were seen on a sunny day where temperatures were probably in the 80's.", "Civilian labor force": "4,961", "Nearest Town": "Stabler", "Season": "Summer", "Class": "Class B", "Multiple Witnesses": "True", "jaccard_score": 0.0010801913481816778, "Forest cover rate": "40.7%", "Dte": "20", "Witness Count": "3.0", "City/Suburb/Town/Rural": "City", "Month": "August", "County": "Skamania", "Year": "2001", "National Park Visitation Count": "7217400"}