{"Number of lakes": "1501-2500", "Total Disasters": "1.0", "BigFoot Hotspot": "FALSE", "Unemployment_rate": "4.4", "Report Type": "Report", "State": "Idaho", "id": "0fc4cf97-35d5-4caa-af73-ca225ac317b8", "Time And Conditions": "It was around 10 or 11 at night, the moon was very bright and the skies were clear", "Civilian labor force": "5,139", "Nearest Town": "McCall", "Season": "Summer", "Class": "Class A", "Multiple Witnesses": "False", "jaccard_score": 0.0010287536649349314, "Forest cover rate": "31.8%", "Dte": "30", "Witness Count": "1.0", "City/Suburb/Town/Rural": "Town", "Month": "July", "County": "Valley", "Year": "2017", "National Park Visitation Count": "551552"}