{"Number of lakes": "5001-10000", "Total Disasters": "0.0", "BigFoot Hotspot": "TRUE", "Unemployment_rate": "9.8", "Report Type": "Report", "State": "Washington", "id": "0fc4582e-9d62-4e45-a4be-7305cae459b6", "Time And Conditions": "5:30 PM exactly.  Full sun, crossing a road. Sunny, maybe 70 degrees.", "Civilian labor force": "4,754", "Nearest Town": "Carson, Washington", "Season": "Summer", "Class": "Class A", "Multiple Witnesses": "False", "jaccard_score": 0.0010801913481816778, "Forest cover rate": "40.7%", "Dte": "4", "Witness Count": "1.0", "City/Suburb/Town/Rural": "City", "Month": "August", "County": "Skamania", "Year": "2002", "National Park Visitation Count": "7665032"}