{"Total Disasters": "3.0", "BigFoot Hotspot": "FALSE", "Unemployment_rate": "8.6", "Report Type": "Report", "State": "California", "id": "0fce3093-5f9b-4949-801e-adbeb3c7473b", "Time And Conditions": "10PM approx.", "Civilian labor force": "912,039", "Nearest Town": "Desert Hot Springs, CA.", "Season": "Spring", "Class": "Class A", "Multiple Witnesses": "False", "jaccard_score": 0.0010801913481816778, "Forest cover rate": "17.8%", "Dte": "23", "Witness Count": "1.0", "National Park Visitation Count": "23678129", "City/Suburb/Town/Rural": "City", "Month": "October", "County": "Riverside", "Year": "2008", "Number of lakes": "2501-5000"}