{"Total Disasters": "1.0", "BigFoot Hotspot": "FALSE", "Unemployment_rate": "3.1", "Report Type": "Report", "State": "Virginia", "Month": "March", "id": "0fe3e927-c977-4107-8fa2-cf778aaaad42", "Time And Conditions": "It was late evening, almost dark. The weather was clear.", "Civilian labor force": "14,387", "Nearest Town": "Springfield, Newington Forrest", "Season": "Summer", "Class": "Class A", "Multiple Witnesses": "False", "jaccard_score": 0.0010801913481816778, "Forest cover rate": "60.7%", "Dte": "18", "Witness Count": "2.0", "City/Suburb/Town/Rural": "City", "Number of lakes": "0-250", "County": "Fairfax", "Year": "2008", "National Park Visitation Count": ""}