{"Total Disasters": "3.0", "BigFoot Hotspot": "FALSE", "Unemployment_rate": "4.3", "Report Type": "Report", "State": "Texas", "Month": "April", "id": "0fe813b5-4f73-4e66-bed1-6feae29ba9ca", "Time And Conditions": "Approximately 8:30AM, clear warm typical Texas summer morning.", "Civilian labor force": "14,394", "Nearest Town": "Mineral Wells", "Season": "Summer", "Class": "Class A", "Multiple Witnesses": "True", "jaccard_score": 0.0010801913481816778, "Forest cover rate": "7%", "Dte": "13", "Witness Count": "22.0", "City/Suburb/Town/Rural": "Suburb", "Number of lakes": "5001-10000", "County": "Palo Pinto", "Year": "2006", "National Park Visitation Count": ""}