{"Total Disasters": "2.0", "BigFoot Hotspot": "FALSE", "Unemployment_rate": "8.7", "Report Type": "Report", "State": "Oregon", "Month": "February", "id": "0fedfa8a-89e7-4e52-8ff7-56fe47d4b212", "Time And Conditions": "clear,cold", "Civilian labor force": "32,372", "Nearest Town": "Grants Pass", "Season": "Fall", "Class": "Class B", "Multiple Witnesses": "False", "jaccard_score": 0.0010801913481816778, "Forest cover rate": "38.8%", "Dte": "15", "Witness Count": "1.0", "City/Suburb/Town/Rural": "City", "Number of lakes": "501-1500", "County": "Josephine", "Year": "2002", "National Park Visitation Count": ""}