{"Total Disasters": "3.0", "BigFoot Hotspot": "FALSE", "Unemployment_rate": "4.4", "Report Type": "Report", "State": "Kansas", "id": "1005287c-4f8f-42ab-8111-cb15a4318023", "Time And Conditions": "", "Civilian labor force": "5,424", "Nearest Town": "McPherson", "Season": "Spring", "Class": "Class B", "Multiple Witnesses": "False", "jaccard_score": 0.0010801913481816778, "Forest cover rate": "2.8%", "Dte": "19", "Witness Count": "2.0", "National Park Visitation Count": "101906", "City/Suburb/Town/Rural": "Rural", "Month": "December", "County": "Rice", "Year": "2012", "Number of lakes": "0-250"}