{"Number of lakes": "5001-10000", "Total Disasters": "3.0", "BigFoot Hotspot": "TRUE", "Unemployment_rate": "8.9", "Report Type": "Report", "State": "Washington", "id": "102ccf9e-e279-4290-83df-c0a7769b0cad", "Time And Conditions": "midday, dusk of the 25th and morning of the 26th.", "Civilian labor force": "5,149", "Nearest Town": "between carson and guller wa", "Season": "Fall", "Class": "Class B", "Multiple Witnesses": "False", "jaccard_score": 0.0010801913481816778, "Forest cover rate": "40.7%", "Dte": "21", "Witness Count": "1.0", "City/Suburb/Town/Rural": "City", "Month": "December", "County": "Skamania", "Year": "2008", "National Park Visitation Count": "7140553"}