{"Total Disasters": "1.0", "BigFoot Hotspot": "FALSE", "Unemployment_rate": "3.8", "Report Type": "Report", "State": "Idaho", "Month": "July", "id": "103fddcb-d8bc-4bdc-853c-e9e125fceeda", "Time And Conditions": "Morning time frame, 9-10 am. Somewhat overcast and on and off light showers.", "Civilian labor force": "68,403", "Nearest Town": "Garwood", "Season": "Fall", "Class": "Class B", "Multiple Witnesses": "False", "jaccard_score": 0.0010801913481816778, "Forest cover rate": "31.8%", "Dte": "15", "Witness Count": "2.0", "City/Suburb/Town/Rural": "City", "Number of lakes": "1501-2500", "County": "Kootenai", "Year": "2006", "National Park Visitation Count": "446507"}