{"Total Disasters": "1.0", "BigFoot Hotspot": "FALSE", "Unemployment_rate": "7.1", "Report Type": "Report", "State": "Washington", "id": "10421fb0-327c-46e7-b018-1589d6ed092e", "Time And Conditions": "Day time", "Civilian labor force": "44,876", "Nearest Town": "", "Season": "Summer", "Class": "Class A", "Multiple Witnesses": "True", "jaccard_score": 0.0010801913481816778, "Forest cover rate": "40.7%", "Dte": "26", "Witness Count": "3.0", "National Park Visitation Count": "8508019", "City/Suburb/Town/Rural": "City", "Month": "September", "County": "Cowlitz", "Year": "2016", "Number of lakes": "5001-10000"}