{"Total Disasters": "3.0", "BigFoot Hotspot": "FALSE", "Unemployment_rate": "4.4", "Report Type": "Report", "State": "Virginia", "Month": "September", "id": "104e4fc6-7e59-4c85-86b0-b44d67fb9344", "Time And Conditions": "It was 11:38PM, it was a clear night and there was no artificial light in the area.", "Civilian labor force": "38,381", "Nearest Town": "Bedford", "Season": "Fall", "Class": "Class A", "Multiple Witnesses": "False", "jaccard_score": 0.0010287536649349314, "Forest cover rate": "60.7%", "Dte": "12", "Witness Count": "1.0", "City/Suburb/Town/Rural": "City", "Number of lakes": "0-250", "County": "Bedford", "Year": "2015", "National Park Visitation Count": "15712673"}