{"Number of lakes": "5001-10000", "Total Disasters": "0.0", "BigFoot Hotspot": "FALSE", "Unemployment_rate": "7.7", "Report Type": "Report", "State": "Washington", "id": "10679407-4926-4ad8-98a1-af49b721dae1", "Time And Conditions": "approx 2:40 am the first round of calls.  A 2nd solitary call occured at approx. 3:30 am.", "Civilian labor force": "20,893", "Nearest Town": "Shelton, WA", "Season": "Summer", "Class": "Class B", "Multiple Witnesses": "False", "jaccard_score": 0.0010801913481816778, "Forest cover rate": "40.7%", "Dte": "5", "Witness Count": "1.0", "City/Suburb/Town/Rural": "Suburb", "Month": "July", "County": "Mason", "Year": "2001", "National Park Visitation Count": "7217400"}