{"Number of lakes": "over 2000", "Total Disasters": "4.0", "BigFoot Hotspot": "FALSE", "Unemployment_rate": "", "Report Type": "Report", "State": "Florida", "id": "10715854-a925-41ca-ba57-185c7d02007b", "Time And Conditions": "EVENING, JUSTS AFTER SUNSET", "Civilian labor force": "", "Nearest Town": "TEQUESTA", "Season": "Summer", "Class": "Class A", "Multiple Witnesses": "False", "jaccard_score": 0.0009773159816881848, "Forest cover rate": "42.4%", "Dte": "2", "Witness Count": "1.0", "City/Suburb/Town/Rural": "", "Month": "November", "County": "Martin", "Year": "2021", "National Park Visitation Count": "14514675"}