{"Total Disasters": "2.0", "BigFoot Hotspot": "FALSE", "Unemployment_rate": "7.7", "Report Type": "Report", "State": "Oklahoma", "id": "107dcfdb-fcc3-45e9-af93-7a00becfe015", "Time And Conditions": "This was early evening between 8-9 p.m on a bright moonlit night.", "Civilian labor force": "17,149", "Nearest Town": "Jay, Oklahoma", "Season": "Fall", "Class": "Class A", "Multiple Witnesses": "False", "jaccard_score": 0.0010801913481816778, "Forest cover rate": "14.2%", "Dte": "19", "Witness Count": "1.0", "National Park Visitation Count": "1434484", "City/Suburb/Town/Rural": "Town", "Month": "March", "County": "Delaware", "Year": "2010", "Number of lakes": "0-250"}