{"Total Disasters": "3.0", "BigFoot Hotspot": "FALSE", "Unemployment_rate": "11.4", "Report Type": "Report", "State": "Kentucky", "id": "108a4d72-0054-4112-8ae3-d77bf850e5b0", "Time And Conditions": "9:31 am it was dark my street light was on cold and clear was the weather", "Civilian labor force": "4,121", "Nearest Town": "Mckee", "Season": "Winter", "Class": "Class A", "Multiple Witnesses": "True", "jaccard_score": 0.0010801913481816778, "Forest cover rate": "48.6%", "Dte": "7", "Witness Count": "5.0", "National Park Visitation Count": "1734917", "City/Suburb/Town/Rural": "Rural", "Month": "July", "County": "Jackson", "Year": "2008", "Number of lakes": "0-250"}