{"Total Disasters": "2.0", "BigFoot Hotspot": "FALSE", "Unemployment_rate": "6.6", "Report Type": "Report", "State": "Pennsylvania", "Month": "May", "id": "109cb766-3bb2-4f42-a79b-1a78e1164a91", "Time And Conditions": "approximately 9:30pm, snow covered ground, and a full moon.", "Civilian labor force": "66,701", "Nearest Town": "Patton, Pennsylvania", "Season": "Winter", "Class": "Class A", "Multiple Witnesses": "False", "jaccard_score": 0.0010801913481816778, "Forest cover rate": "55.3%", "Dte": "10", "Witness Count": "1.0", "City/Suburb/Town/Rural": "City", "Number of lakes": "251-500", "County": "Cambria", "Year": "2001", "National Park Visitation Count": "8448265"}