{"Number of lakes": "5001-10000", "Total Disasters": "2.0", "BigFoot Hotspot": "FALSE", "Unemployment_rate": "5.7", "Report Type": "Report", "State": "Texas", "id": "10c03423-dd3e-4937-8ea1-049c8c3294e3", "Time And Conditions": "About 2:00 am, cloudy with a light breeze...COLD!", "Civilian labor force": "26,143", "Nearest Town": "New Waverly", "Season": "Winter", "Class": "Class A", "Multiple Witnesses": "False", "jaccard_score": 0.0010287536649349314, "Forest cover rate": "7%", "Dte": "28", "Witness Count": "2.0", "City/Suburb/Town/Rural": "Suburb", "Month": "January", "County": "Walker", "Year": "2005", "National Park Visitation Count": "5372427"}