{"Total Disasters": "2.0", "BigFoot Hotspot": "FALSE", "Unemployment_rate": "6.2", "Report Type": "Report", "State": "Kansas", "Month": "December", "id": "10d14cb5-e6f0-45ab-9146-3c14f364382f", "Time And Conditions": "My experiance was in the late afternoon early evening. The Officer in Question was during the Early Evening hours.", "Civilian labor force": "32,232", "Nearest Town": "Leavenworth / Kansas City", "Season": "Winter", "Class": "Class B", "Multiple Witnesses": "False", "jaccard_score": 0.0010287536649349314, "Forest cover rate": "2.8%", "Dte": "14", "Witness Count": "2.0", "City/Suburb/Town/Rural": "City", "Number of lakes": "0-250", "County": "Leavenworth", "Year": "2003", "National Park Visitation Count": ""}