{"Total Disasters": "1.0", "BigFoot Hotspot": "FALSE", "Unemployment_rate": "10.0", "Report Type": "Report", "State": "Oregon", "id": "10fc4f8d-08ba-4bfa-90ec-12f5109f9678", "Time And Conditions": "It was between 1100 and 1145 pm, clear skies, stars visible, minimal to no wind, our large campfire was down to bright coals and minimal flames, our double mantle coleman propane latern was lit.", "Civilian labor force": "201,496", "Nearest Town": "Estacada", "Season": "Summer", "Class": "Class B", "Multiple Witnesses": "False", "jaccard_score": 0.0010801913481816778, "Forest cover rate": "38.8%", "Dte": "26", "Witness Count": "2.0", "National Park Visitation Count": "891783", "City/Suburb/Town/Rural": "City", "Month": "August", "County": "Clackamas", "Year": "2009", "Number of lakes": "501-1500"}