{"Total Disasters": "2.0", "BigFoot Hotspot": "FALSE", "Unemployment_rate": "10.7", "Report Type": "Report", "State": "California", "Month": "June", "id": "110c1942-e035-49fa-a047-3a77a3257d7d", "Time And Conditions": "clear, warm, mid day", "Civilian labor force": "7,559", "Nearest Town": "outside of Quincy California, but very remote area", "Season": "Summer", "Class": "Class B", "Multiple Witnesses": "False", "jaccard_score": 0.0010801913481816778, "Forest cover rate": "17.8%", "Dte": "9", "Witness Count": "0.0", "City/Suburb/Town/Rural": "Rural", "Number of lakes": "2501-5000", "County": "Plumas", "Year": "2020", "National Park Visitation Count": "35439030"}