{"Number of lakes": "over 2000", "Total Disasters": "0.0", "BigFoot Hotspot": "FALSE", "Unemployment_rate": "8.6", "Report Type": "Report", "State": "Florida", "id": "11244e27-a689-454e-b89f-066a30be5d88", "Time And Conditions": "Early afternoon  - before 2pm", "Civilian labor force": "235,149", "Nearest Town": "Ormond Beach", "Season": "Spring", "Class": "Class A", "Multiple Witnesses": "True", "jaccard_score": 0.0010801913481816778, "Forest cover rate": "42.4%", "Dte": "26", "Witness Count": "3.0", "City/Suburb/Town/Rural": "City", "Month": "February", "County": "Volusia", "Year": "2013", "National Park Visitation Count": "13382795"}