{"Number of lakes": "5001-10000", "Total Disasters": "1.0", "BigFoot Hotspot": "TRUE", "Unemployment_rate": "4.5", "Report Type": "Report", "State": "Washington", "id": "113652f5-7a8d-4ca0-a06a-5e1e8a822e84", "Time And Conditions": "1:30 AM", "Civilian labor force": "1,164,823", "Nearest Town": "Maple Valley", "Season": "Spring", "Class": "Class B", "Multiple Witnesses": "False", "jaccard_score": 0.0010801913481816778, "Forest cover rate": "40.7%", "Dte": "3", "Witness Count": "0.0", "City/Suburb/Town/Rural": "City", "Month": "May", "County": "King", "Year": "2014", "National Park Visitation Count": "7652073"}