{"Total Disasters": "1.0", "BigFoot Hotspot": "TRUE", "Unemployment_rate": "5.8", "Report Type": "Report", "State": "California", "Month": "February", "id": "1147934b-4a0a-4321-87a7-60fdddb502d2", "Time And Conditions": "", "Civilian labor force": "22,872", "Nearest Town": "Pinecrest", "Season": "Summer", "Class": "Class A", "Multiple Witnesses": "False", "jaccard_score": 0.0010801913481816778, "Forest cover rate": "17.8%", "Dte": "3", "Witness Count": "0.0", "City/Suburb/Town/Rural": "Suburb", "Number of lakes": "2501-5000", "County": "Tuolumne", "Year": "2000", "National Park Visitation Count": "35278216"}