{"Total Disasters": "4.0", "BigFoot Hotspot": "FALSE", "Unemployment_rate": "6.3", "Report Type": "Report", "State": "Illinois", "Month": "January", "id": "11505749-3d89-4acf-b0b2-93d66b651a73", "Time And Conditions": "12:40 p.m. winter condition snow on ground", "Civilian labor force": "2,647,903", "Nearest Town": "Bedford Park", "Season": "Winter", "Class": "Class B", "Multiple Witnesses": "False", "jaccard_score": 0.0010801913481816778, "Forest cover rate": "11.5%", "Dte": "20", "Witness Count": "1.0", "City/Suburb/Town/Rural": "City", "Number of lakes": "0-250", "County": "Cook", "Year": "2015", "National Park Visitation Count": "233299"}