{"Number of lakes": "5001-10000", "Total Disasters": "0.0", "BigFoot Hotspot": "FALSE", "Unemployment_rate": "10.7", "Report Type": "Report", "State": "Texas", "id": "1167966a-8f4f-49c8-9640-99cf74c8c874", "Time And Conditions": "Somewhere from 1pm to 3pm.", "Civilian labor force": "5,901", "Nearest Town": "Bon Wier", "Season": "Spring", "Class": "Class A", "Multiple Witnesses": "False", "jaccard_score": 0.0010801913481816778, "Forest cover rate": "7%", "Dte": "26", "Witness Count": "1.0", "City/Suburb/Town/Rural": "City", "Month": "September", "County": "Newton", "Year": "2004", "National Park Visitation Count": "5754232"}