{"Total Disasters": "3.0", "BigFoot Hotspot": "FALSE", "Unemployment_rate": "", "Report Type": "Report", "State": "Vermont", "Month": "March", "id": "117fdb7e-93b1-4909-9b28-30cb5d7458ff", "Time And Conditions": "12:00-12:30am", "Civilian labor force": "", "Nearest Town": "Colchester", "Season": "Winter", "Class": "Class A", "Multiple Witnesses": "False", "jaccard_score": 0.0009258782984414382, "Forest cover rate": "75.5%", "Dte": "15", "Witness Count": "1.0", "City/Suburb/Town/Rural": "", "Number of lakes": "501-1500", "County": "Chittenden", "Year": "1999", "National Park Visitation Count": ""}