{"Total Disasters": "4.0", "BigFoot Hotspot": "FALSE", "Unemployment_rate": "5.1", "Report Type": "Report", "State": "Wisconsin", "Month": "July", "id": "11817df3-0ee9-4597-8c1d-5a642bee90b9", "Time And Conditions": "1:00 AM Till 3:00 AM", "Civilian labor force": "8,373", "Nearest Town": "Lugerville", "Season": "Summer", "Class": "Class A", "Multiple Witnesses": "False", "jaccard_score": 0.0010801913481816778, "Forest cover rate": "45.2%", "Dte": "26", "Witness Count": "2.0", "City/Suburb/Town/Rural": "Rural", "Number of lakes": "10001-20000", "County": "Price", "Year": "2008", "National Park Visitation Count": "686466"}