{"Total Disasters": "0.0", "BigFoot Hotspot": "FALSE", "Unemployment_rate": "3.9", "Report Type": "Report", "State": "Wyoming", "Month": "August", "id": "11a4d13e-3930-4f4f-a334-29f0d318d49c", "Time And Conditions": "Various conditions and times from the early 1970s to the late 1990s in the four corners of the park. Elevations ranged from near treeline to 8,500 feet. The one common denominator is that the sightings, vocalizations and track finds all occurred deep in Yellowstone's backcountry.", "Civilian labor force": "14,512", "Nearest Town": "Mammoth Hot Springs", "Season": "Unknown", "Class": "Class A", "Multiple Witnesses": "False", "jaccard_score": 0.0010287536649349314, "Forest cover rate": "9.2%", "Dte": "12", "Witness Count": "0.0", "City/Suburb/Town/Rural": "Rural", "Number of lakes": "0-250", "County": "Park", "Year": "2005", "National Park Visitation Count": ""}