{"Total Disasters": "4.0", "BigFoot Hotspot": "FALSE", "Unemployment_rate": "7.5", "Report Type": "Report", "State": "Alabama", "Month": "December", "id": "11b3c7d5-b7b1-4ddb-9e07-f383b8c767ec", "Time And Conditions": "11pm at night", "Civilian labor force": "38,306", "Nearest Town": "dont remember", "Season": "Fall", "Class": "Class A", "Multiple Witnesses": "False", "jaccard_score": 0.0010801913481816778, "Forest cover rate": "70.6%", "Dte": "31", "Witness Count": "1.0", "City/Suburb/Town/Rural": "Suburb", "Number of lakes": "0-250", "County": "Talladega", "Year": "2008", "National Park Visitation Count": "193795"}