{"Number of lakes": "over 2000", "Total Disasters": "1.0", "BigFoot Hotspot": "FALSE", "Unemployment_rate": "5.9", "Report Type": "Report", "State": "Florida", "id": "11bf3517-0ec7-4d70-abbb-6d742d854c8e", "Time And Conditions": "Night time.", "Civilian labor force": "235,652", "Nearest Town": "Sanford", "Season": "Summer", "Class": "Class B", "Multiple Witnesses": "False", "jaccard_score": 0.0010287536649349314, "Forest cover rate": "42.4%", "Dte": "23", "Witness Count": "1.0", "City/Suburb/Town/Rural": "City", "Month": "February", "County": "Seminole", "Year": "2014", "National Park Visitation Count": "10868389"}