{"Total Disasters": "0.0", "BigFoot Hotspot": "FALSE", "Unemployment_rate": "", "Report Type": "Report", "State": "California", "Month": "September", "id": "11c7e148-ddce-45f0-8589-0dea9484aaa4", "Time And Conditions": "", "Civilian labor force": "", "Nearest Town": "", "Season": "Winter", "Class": "Class A", "Multiple Witnesses": "False", "jaccard_score": 0.0008230029319479451, "Forest cover rate": "17.8%", "Dte": "13", "Witness Count": "0.0", "City/Suburb/Town/Rural": "", "Number of lakes": "2501-5000", "County": "Del Norte", "Year": "1999", "National Park Visitation Count": "35278216"}