{"Number of lakes": "5001-10000", "Total Disasters": "2.0", "BigFoot Hotspot": "TRUE", "Unemployment_rate": "11.7", "Report Type": "Report", "State": "Washington", "id": "11ea281b-9860-41be-a199-5c74ac4f81c1", "Time And Conditions": "Morning on a beautiful  day.", "Civilian labor force": "29,055", "Nearest Town": "Ocean City", "Season": "Fall", "Class": "Class A", "Multiple Witnesses": "False", "jaccard_score": 0.0010801913481816778, "Forest cover rate": "40.7%", "Dte": "13", "Witness Count": "1.0", "City/Suburb/Town/Rural": "Suburb", "Month": "May", "County": "Grays Harbor", "Year": "2020", "National Park Visitation Count": "8508019"}