{"Total Disasters": "1.0", "BigFoot Hotspot": "FALSE", "Unemployment_rate": "5.2", "Report Type": "Report", "State": "Arkansas", "Month": "August", "id": "11f9e3c3-21a9-493d-88e0-ecabd4dedd2d", "Time And Conditions": "7:00 and light raining and a little cold", "Civilian labor force": "34,092", "Nearest Town": "Searcy", "Season": "Fall", "Class": "Class A", "Multiple Witnesses": "False", "jaccard_score": 0.0010287536649349314, "Forest cover rate": "55.1%", "Dte": "17", "Witness Count": "1.0", "City/Suburb/Town/Rural": "Suburb", "Number of lakes": "1501-2500", "County": "White", "Year": "2016", "National Park Visitation Count": "3282634"}