{"Total Disasters": "2.0", "BigFoot Hotspot": "FALSE", "Unemployment_rate": "4.2", "Report Type": "Report", "State": "Georgia", "id": "1201264e-6ae5-43d5-aaed-f429c7487d1b", "Time And Conditions": "completely dark with no moonlight. rained the day before but clear skies at the time.", "Civilian labor force": "3,974", "Nearest Town": "lakeland", "Season": "Summer", "Class": "Class B", "Multiple Witnesses": "False", "jaccard_score": 0.0010801913481816778, "Forest cover rate": "64.2%", "Dte": "26", "Witness Count": "1.0", "National Park Visitation Count": "6922730", "City/Suburb/Town/Rural": "City", "Month": "July", "County": "Lanier", "Year": "2006", "Number of lakes": "0-250"}