{"Number of lakes": "over 2000", "Total Disasters": "1.0", "BigFoot Hotspot": "FALSE", "Unemployment_rate": "8.1", "Report Type": "Report", "State": "Florida", "id": "121435d0-a978-4526-aaa7-3f77735fabaf", "Time And Conditions": "Night, cool, windy.", "Civilian labor force": "664,074", "Nearest Town": "Not disclosed at this time", "Season": "Spring", "Class": "Class B", "Multiple Witnesses": "False", "jaccard_score": 0.0010801913481816778, "Forest cover rate": "42.4%", "Dte": "13", "Witness Count": "0.0", "City/Suburb/Town/Rural": "City", "Month": "April", "County": "Hillsborough", "Year": "2012", "National Park Visitation Count": "11609978"}