{"Total Disasters": "2.0", "BigFoot Hotspot": "FALSE", "Unemployment_rate": "13.5", "Report Type": "Report", "State": "South Carolina", "Month": "May", "id": "1215b6ee-d393-4ce4-95b1-f8a6d53791ef", "Time And Conditions": "twilight", "Civilian labor force": "31,439", "Nearest Town": "seneca", "Season": "Summer", "Class": "Class A", "Multiple Witnesses": "False", "jaccard_score": 0.0010801913481816778, "Forest cover rate": "63.8%", "Dte": "24", "Witness Count": "0.0", "City/Suburb/Town/Rural": "Suburb", "Number of lakes": "0-250", "County": "Oconee", "Year": "2009", "National Park Visitation Count": ""}