{"Number of lakes": "5001-10000", "Total Disasters": "1.0", "BigFoot Hotspot": "TRUE", "Unemployment_rate": "11.6", "Report Type": "Report", "State": "Washington", "id": "1237d287-f4b7-43a7-961d-4bdc37c900fe", "Time And Conditions": "3 am, very dark, dry warm weather.", "Civilian labor force": "28,081", "Nearest Town": "Ocean Shores", "Season": "Summer", "Class": "Class B", "Multiple Witnesses": "True", "jaccard_score": 0.0010801913481816778, "Forest cover rate": "40.7%", "Dte": "10", "Witness Count": "8.0", "City/Suburb/Town/Rural": "Suburb", "Month": "May", "County": "Grays Harbor", "Year": "2013", "National Park Visitation Count": "7559552"}