{"Total Disasters": "0.0", "BigFoot Hotspot": "FALSE", "Unemployment_rate": "3.9", "Report Type": "Report", "State": "Maine", "Month": "June", "id": "123e6697-1618-4586-8d35-ea6d09a5a30d", "Time And Conditions": "Dark, no moon", "Civilian labor force": "55,148", "Nearest Town": "Poland", "Season": "Summer", "Class": "Class B", "Multiple Witnesses": "False", "jaccard_score": 0.0010801913481816778, "Forest cover rate": "89%", "Dte": "11", "Witness Count": "2.0", "City/Suburb/Town/Rural": "City", "Number of lakes": "2501-5000", "County": "Androscoggin", "Year": "2001", "National Park Visitation Count": "2602227"}