{"Total Disasters": "2.0", "BigFoot Hotspot": "FALSE", "Unemployment_rate": "10.8", "Report Type": "Report", "State": "Oregon", "id": "124ab47d-9423-44df-9888-166ebc26ef99", "Time And Conditions": "Evening, 7:00 pm, end of a warm, sunny day.  There was still sun on the side of the meadow where I was walking, though where the noise came from was shaded.", "Civilian labor force": "3,520", "Nearest Town": "Burns", "Season": "Summer", "Class": "Class B", "Multiple Witnesses": "False", "jaccard_score": 0.0010801913481816778, "Forest cover rate": "38.8%", "Dte": "5", "Witness Count": "1.0", "National Park Visitation Count": "937962", "City/Suburb/Town/Rural": "Rural", "Month": "July", "County": "Harney", "Year": "2003", "Number of lakes": "501-1500"}