{"Total Disasters": "1.0", "BigFoot Hotspot": "FALSE", "Unemployment_rate": "", "Report Type": "Report", "State": "Oregon", "id": "1252fd5d-2343-4ff6-a9de-b0f09c863a3e", "Time And Conditions": "About 2 pm.", "Civilian labor force": "", "Nearest Town": "", "Season": "Winter", "Class": "Class A", "Multiple Witnesses": "False", "jaccard_score": 0.0009258782984414382, "Forest cover rate": "38.8%", "Dte": "31", "Witness Count": "0.0", "National Park Visitation Count": "820996", "City/Suburb/Town/Rural": "", "Month": "May", "County": "Wasco", "Year": "1997", "Number of lakes": "501-1500"}