{"Number of lakes": "5001-10000", "Total Disasters": "1.0", "BigFoot Hotspot": "TRUE", "Unemployment_rate": "7.4", "Report Type": "Report", "State": "Washington", "id": "1268e67d-542d-4608-b77d-9356a2407b07", "Time And Conditions": "About 4-5pm, daylight, warm, no clouds, sunny day, about 70 degrees out.", "Civilian labor force": "387,127", "Nearest Town": "Granite Falls", "Season": "Summer", "Class": "Class B", "Multiple Witnesses": "False", "jaccard_score": 0.0010801913481816778, "Forest cover rate": "40.7%", "Dte": "12", "Witness Count": "2.0", "City/Suburb/Town/Rural": "City", "Month": "November", "County": "Snohomish", "Year": "2012", "National Park Visitation Count": ""}