{"Total Disasters": "9.0", "BigFoot Hotspot": "FALSE", "Unemployment_rate": "7.1", "Report Type": "Report", "State": "Texas", "id": "126c19e1-3cf6-4940-b647-d0b70b9ef395", "Time And Conditions": "after midnight going into the 27th day of August", "Civilian labor force": "57,311", "Nearest Town": "Aledo", "Season": "Summer", "Class": "Class A", "Multiple Witnesses": "False", "jaccard_score": 0.0010801913481816778, "Forest cover rate": "7%", "Dte": "28", "Witness Count": "2.0", "National Park Visitation Count": "4211655", "City/Suburb/Town/Rural": "City", "Month": "August", "County": "Parker", "Year": "2011", "Number of lakes": "5001-10000"}