{"Number of lakes": "over 2000", "Total Disasters": "1.0", "BigFoot Hotspot": "FALSE", "Unemployment_rate": "4.2", "Report Type": "Report", "State": "Florida", "id": "1273a7e4-6032-4955-ae06-a17109b04986", "Time And Conditions": "it was about 11:30 p.m. on a moonlit beech.  \"It\" was walking between us and the Atlantic Ocean.", "Civilian labor force": "216,856", "Nearest Town": "New Smyrna Beach", "Season": "Summer", "Class": "Class B", "Multiple Witnesses": "False", "jaccard_score": 0.0010287536649349314, "Forest cover rate": "42.4%", "Dte": "20", "Witness Count": "1.0", "City/Suburb/Town/Rural": "City", "Month": "July", "County": "Volusia", "Year": "2001", "National Park Visitation Count": "10060726"}