{"Total Disasters": "1.0", "BigFoot Hotspot": "TRUE", "Unemployment_rate": "5.1", "Report Type": "Report", "State": "Washington", "id": "128e811f-2142-4962-a8ce-de8d76533f6b", "Time And Conditions": "Around 9:30 P.M., the light was poor and it was a rainy day but it was not rainy at that time but it was wet out.", "Civilian labor force": "388,242", "Nearest Town": "Granite Falls", "Season": "Fall", "Class": "Class B", "Multiple Witnesses": "False", "jaccard_score": 0.0010801913481816778, "Forest cover rate": "40.7%", "Dte": "19", "Witness Count": "2.0", "National Park Visitation Count": "", "City/Suburb/Town/Rural": "City", "Month": "February", "County": "Snohomish", "Year": "2013", "Number of lakes": "5001-10000"}