{"Total Disasters": "1.0", "BigFoot Hotspot": "FALSE", "Unemployment_rate": "6.6", "Report Type": "Report", "State": "Wisconsin", "Month": "December", "id": "1296e85b-57cd-4f2d-a06a-eceec4567b3e", "Time And Conditions": "Night, dark, clear weather", "Civilian labor force": "13,534", "Nearest Town": "Avoca", "Season": "Fall", "Class": "Class B", "Multiple Witnesses": "False", "jaccard_score": 0.0010287536649349314, "Forest cover rate": "45.2%", "Dte": "4", "Witness Count": "1.0", "City/Suburb/Town/Rural": "City", "Number of lakes": "10001-20000", "County": "Iowa", "Year": "2012", "National Park Visitation Count": "384447"}