{"Total Disasters": "1.0", "BigFoot Hotspot": "FALSE", "Unemployment_rate": "4.4", "Report Type": "Report", "State": "Colorado", "Month": "January", "id": "12975824-553f-4a83-8c0a-066b999f73a3", "Time And Conditions": "It was at night time about 9:30 pm, cool night.", "Civilian labor force": "16,954", "Nearest Town": "Montrose", "Season": "Summer", "Class": "Class A", "Multiple Witnesses": "False", "jaccard_score": 0.0009773159816881848, "Forest cover rate": "17.5%", "Dte": "3", "Witness Count": "1.0", "City/Suburb/Town/Rural": "Suburb", "Number of lakes": "501-1500", "County": "Montrose", "Year": "2001", "National Park Visitation Count": ""}