{"Total Disasters": "0.0", "BigFoot Hotspot": "FALSE", "Unemployment_rate": "4.8", "Report Type": "Report", "State": "California", "Month": "May", "id": "129bcb4e-ecaa-4c9f-a8cf-43e149870f06", "Time And Conditions": "i was late in the day when things got worse to the point were we had to leave was getting dark fast the sun was just bellow the hills on the horizon. when we pulled out into the middle of the dam it was dark you cold see things in deep blue thought.", "Civilian labor force": "91,067", "Nearest Town": "Georgetown", "Season": "Winter", "Class": "Class A", "Multiple Witnesses": "False", "jaccard_score": 0.0010801913481816778, "Forest cover rate": "17.8%", "Dte": "10", "Witness Count": "1.0", "City/Suburb/Town/Rural": "City", "Number of lakes": "2501-5000", "County": "El Dorado", "Year": "2005", "National Park Visitation Count": "33054222"}