{"Total Disasters": "0.0", "BigFoot Hotspot": "FALSE", "Unemployment_rate": "5.7", "Report Type": "Report", "State": "Oregon", "id": "129ecb64-85b3-4f12-82c3-2c2c73ab5261", "Time And Conditions": "11:30 p.m.", "Civilian labor force": "17,901", "Nearest Town": "Elsie", "Season": "Summer", "Class": "Class B", "Multiple Witnesses": "False", "jaccard_score": 0.0010287536649349314, "Forest cover rate": "38.8%", "Dte": "23", "Witness Count": "0.0", "National Park Visitation Count": "869174", "City/Suburb/Town/Rural": "Suburb", "Month": "September", "County": "Clatsop", "Year": "2001", "Number of lakes": "501-1500"}