{"Total Disasters": "1.0", "BigFoot Hotspot": "FALSE", "Unemployment_rate": "10.5", "Report Type": "Report", "State": "Oregon", "id": "129f6061-9182-4e06-8f42-51354fc5b742", "Time And Conditions": "Twilight, dry, clear, cool.", "Civilian labor force": "7,136", "Nearest Town": "Sumpter, Oregon", "Season": "Fall", "Class": "Class A", "Multiple Witnesses": "False", "jaccard_score": 0.0010287536649349314, "Forest cover rate": "38.8%", "Dte": "23", "Witness Count": "1.0", "National Park Visitation Count": "839614", "City/Suburb/Town/Rural": "Rural", "Month": "July", "County": "Baker", "Year": "2012", "Number of lakes": "501-1500"}