{"Number of lakes": "0-250", "Total Disasters": "1.0", "BigFoot Hotspot": "FALSE", "Unemployment_rate": "5.5", "Report Type": "Report", "State": "West Virginia", "id": "12b7d5de-1a5c-4ec8-a388-903df41871a9", "Time And Conditions": "Midday, very sunny with partial clouds.", "Civilian labor force": "12,148", "Nearest Town": "Fairview", "Season": "Summer", "Class": "Class B", "Multiple Witnesses": "False", "jaccard_score": 0.0010801913481816778, "Forest cover rate": "77.2%", "Dte": "24", "Witness Count": "0.0", "City/Suburb/Town/Rural": "Town", "Month": "February", "County": "Randolph", "Year": "2018", "National Park Visitation Count": "1661954"}