{"Total Disasters": "1.0", "BigFoot Hotspot": "FALSE", "Unemployment_rate": "7.2", "Report Type": "Report", "State": "Virginia", "Month": "August", "id": "12bed222-ceb4-45eb-aae0-6608a3560c94", "Time And Conditions": "6:30 am, daybreak but still dark in places. patchy fog and rain.", "Civilian labor force": "14,072", "Nearest Town": "Fries", "Season": "Fall", "Class": "Class A", "Multiple Witnesses": "False", "jaccard_score": 0.0010801913481816778, "Forest cover rate": "60.7%", "Dte": "1", "Witness Count": "0.0", "City/Suburb/Town/Rural": "Rural", "Number of lakes": "0-250", "County": "Carroll", "Year": "2008", "National Park Visitation Count": "14284307"}