{"Total Disasters": "4.0", "BigFoot Hotspot": "FALSE", "Unemployment_rate": "6.1", "Report Type": "Report", "State": "Illinois", "id": "12cb1b7f-0f10-491c-9f14-3c67b3ecd518", "Time And Conditions": "Evening getting dark.. hot just after rain..", "Civilian labor force": "127,728", "Nearest Town": "", "Season": "Spring", "Class": "Class B", "Multiple Witnesses": "False", "jaccard_score": 0.0010801913481816778, "Forest cover rate": "11.5%", "Dte": "27", "Witness Count": "0.0", "National Park Visitation Count": "233299", "City/Suburb/Town/Rural": "City", "Month": "January", "County": "St. Clair", "Year": "2016", "Number of lakes": "0-250"}