{"Number of lakes": "1501-2500", "Total Disasters": "2.0", "BigFoot Hotspot": "FALSE", "Unemployment_rate": "2.8", "Report Type": "Report", "State": "New Jersey", "id": "12d81c62-05b6-498e-9f62-99673edac9b7", "Time And Conditions": "Aroundt midnight, bright moon, clear sky and warm, no wind", "Civilian labor force": "71,971", "Nearest Town": "Flemington", "Season": "Summer", "Class": "Class B", "Multiple Witnesses": "False", "jaccard_score": 0.0010801913481816778, "Forest cover rate": "39.5%", "Dte": "2", "Witness Count": "1.0", "City/Suburb/Town/Rural": "City", "Month": "August", "County": "Hunterdon", "Year": "2007", "National Park Visitation Count": "305993"}