{"Total Disasters": "0.0", "BigFoot Hotspot": "FALSE", "Unemployment_rate": "6.6", "Report Type": "Report", "State": "Maryland", "id": "12d9fc13-47b2-4471-82c8-dc51c3f2d5ab", "Time And Conditions": "It  was  a  fairly  dry  season  and  the  main  creeks  on  the  top  of  the  mountain began  to  start  drying  out.We  were  in  the  middle  of  a  drought.The  sun  was  shinning  through  the  tops  of  the  trees.", "Civilian labor force": "33,122", "Nearest Town": "LaVale", "Season": "Summer", "Class": "Class A", "Multiple Witnesses": "False", "jaccard_score": 0.0010801913481816778, "Forest cover rate": "37.9%", "Dte": "13", "Witness Count": "1.0", "National Park Visitation Count": "6066771", "City/Suburb/Town/Rural": "City", "Month": "February", "County": "Allegany", "Year": "2001", "Number of lakes": "0-250"}