{"Total Disasters": "1.0", "BigFoot Hotspot": "FALSE", "Unemployment_rate": "4.3", "Report Type": "Report", "State": "Michigan", "Month": "July", "id": "12e3e64d-7c03-48eb-a547-f2ea232cc6cf", "Time And Conditions": "Fire light, night time...the weather was nice for spring", "Civilian labor force": "132,492", "Nearest Town": "{Kalamazoo} Fulton", "Season": "Spring", "Class": "Class A", "Multiple Witnesses": "False", "jaccard_score": 0.0010287536649349314, "Forest cover rate": "51.2%", "Dte": "27", "Witness Count": "1.0", "City/Suburb/Town/Rural": "City", "Number of lakes": "over 2000", "County": "Kalamazoo", "Year": "2001", "National Park Visitation Count": "1842791"}