{"Total Disasters": "1.0", "BigFoot Hotspot": "FALSE", "Unemployment_rate": "7.1", "Report Type": "Report", "State": "South Carolina", "Month": "August", "id": "12e573b3-8766-44e8-be46-5fca174be860", "Time And Conditions": "9:00PM Dark with a full moon", "Civilian labor force": "29,635", "Nearest Town": "Lancaster", "Season": "Summer", "Class": "Class A", "Multiple Witnesses": "False", "jaccard_score": 0.0009773159816881848, "Forest cover rate": "63.8%", "Dte": "23", "Witness Count": "1.0", "City/Suburb/Town/Rural": "City", "Number of lakes": "0-250", "County": "Lancaster", "Year": "2002", "National Park Visitation Count": "1562178"}