{"Total Disasters": "1.0", "BigFoot Hotspot": "FALSE", "Unemployment_rate": "4.8", "Report Type": "Report", "State": "Indiana", "Month": "October", "id": "12e90d1b-932f-4812-9454-1cbe78916a80", "Time And Conditions": "It was a full moon, it was about 70 degrees no wind.", "Civilian labor force": "14,047", "Nearest Town": "North Vernon", "Season": "Summer", "Class": "Class A", "Multiple Witnesses": "True", "jaccard_score": 0.0010801913481816778, "Forest cover rate": "18.9%", "Dte": "10", "Witness Count": "3.0", "City/Suburb/Town/Rural": "Suburb", "Number of lakes": "0-250", "County": "Jennings", "Year": "2001", "National Park Visitation Count": "2010602"}