{"Total Disasters": "1.0", "BigFoot Hotspot": "FALSE", "Unemployment_rate": "7.1", "Report Type": "Report", "State": "Oregon", "id": "12ef4e39-70a5-4b84-991d-05a70a0e2254", "Time And Conditions": "", "Civilian labor force": "31,368", "Nearest Town": "", "Season": "Summer", "Class": "Class A", "Multiple Witnesses": "True", "jaccard_score": 0.0010287536649349314, "Forest cover rate": "38.8%", "Dte": "2", "Witness Count": "6.0", "National Park Visitation Count": "831394", "City/Suburb/Town/Rural": "City", "Month": "July", "County": "Josephine", "Year": "2000", "Number of lakes": "501-1500"}