{"Total Disasters": "4.0", "BigFoot Hotspot": "FALSE", "Unemployment_rate": "5.3", "Report Type": "Report", "State": "Ohio", "id": "12faf813-7ee6-4b8a-889b-5d84249bc8cb", "Time And Conditions": "It was dusk. It had just started getting dark. The sighting was between 6:30-6:45. There were leaves on the ground and the weather was dry.", "Civilian labor force": "28,013", "Nearest Town": "Athens", "Season": "Fall", "Class": "Class A", "Multiple Witnesses": "False", "jaccard_score": 0.0010287536649349314, "Forest cover rate": "28.9%", "Dte": "10", "Witness Count": "2.0", "National Park Visitation Count": "2566587", "City/Suburb/Town/Rural": "Suburb", "Month": "November", "County": "Athens", "Year": "2019", "Number of lakes": "0-250"}