{"Number of lakes": "5001-10000", "Total Disasters": "3.0", "BigFoot Hotspot": "FALSE", "Unemployment_rate": "4.7", "Report Type": "Report", "State": "New York", "id": "130cceac-362e-4b19-987f-666ff921a382", "Time And Conditions": "Mid afternoon", "Civilian labor force": "28,352", "Nearest Town": "Whitehall, NY", "Season": "Spring", "Class": "Class B", "Multiple Witnesses": "False", "jaccard_score": 0.0010801913481816778, "Forest cover rate": "50.9%", "Dte": "6", "Witness Count": "2.0", "City/Suburb/Town/Rural": "City", "Month": "October", "County": "Washington", "Year": "2016", "National Park Visitation Count": "17485102"}