{"Total Disasters": "4.0", "BigFoot Hotspot": "FALSE", "Unemployment_rate": "5.3", "Report Type": "Report", "State": "Ohio", "id": "1318f9ac-b01b-4241-b1c1-28b08c09058b", "Time And Conditions": "", "Civilian labor force": "6,859", "Nearest Town": "Cadiz", "Season": "Winter", "Class": "Class A", "Multiple Witnesses": "True", "jaccard_score": 0.0010287536649349314, "Forest cover rate": "28.9%", "Dte": "21", "Witness Count": "4.0", "National Park Visitation Count": "2566587", "City/Suburb/Town/Rural": "Town", "Month": "February", "County": "Harrison", "Year": "2019", "Number of lakes": "0-250"}