{"Total Disasters": "3.0", "BigFoot Hotspot": "FALSE", "Unemployment_rate": "6.9", "Report Type": "Report", "State": "Ohio", "Month": "December", "id": "131e356b-abad-44d1-ad9a-30e7a20fd495", "Time And Conditions": "Mid afternoon. Overcast. Cooler. My first time that year in woods with all leaves about shed", "Civilian labor force": "105,516", "Nearest Town": "North lima", "Season": "Fall", "Class": "Class A", "Multiple Witnesses": "False", "jaccard_score": 0.0010801913481816778, "Forest cover rate": "28.9%", "Dte": "18", "Witness Count": "0.0", "City/Suburb/Town/Rural": "City", "Number of lakes": "0-250", "County": "Mahoning", "Year": "2017", "National Park Visitation Count": "2383816"}