{"Total Disasters": "1.0", "BigFoot Hotspot": "FALSE", "Unemployment_rate": "6.8", "Report Type": "Report", "State": "Louisiana", "id": "133c9c90-5ddc-4d21-8b7d-51e2d623c238", "Time And Conditions": "It was continual for years, with most incidents at night but a few taking place in the middle of the day.", "Civilian labor force": "6,738", "Nearest Town": "Lisbon, Louisiana", "Season": "Spring", "Class": "Class A", "Multiple Witnesses": "True", "jaccard_score": 0.0010801913481816778, "Forest cover rate": "49.2%", "Dte": "29", "Witness Count": "8.0", "National Park Visitation Count": "", "City/Suburb/Town/Rural": "Town", "Month": "March", "County": "Claiborne", "Year": "2001", "Number of lakes": "0-250"}