{"Total Disasters": "2.0", "BigFoot Hotspot": "FALSE", "Unemployment_rate": "", "Report Type": "Report", "State": "Utah", "id": "1353d966-6426-4c2d-b2a2-7fa02610770d", "Time And Conditions": "5:45-6:30    It was snowing lightly", "Civilian labor force": "", "Nearest Town": "Robertson Wyoming", "Season": "Fall", "Class": "Class B", "Multiple Witnesses": "True", "jaccard_score": 0.0009773159816881848, "Forest cover rate": "8.9%", "Dte": "2", "Witness Count": "5.0", "National Park Visitation Count": "15437686", "City/Suburb/Town/Rural": "", "Month": "November", "County": "Summit", "Year": "2021", "Number of lakes": "501-1500"}