{"Total Disasters": "8.0", "BigFoot Hotspot": "FALSE", "Unemployment_rate": "7.7", "Report Type": "Report", "State": "Virginia", "Month": "May", "id": "135838cf-7267-4741-a64f-23f194ef372a", "Time And Conditions": "Around 3:30-4am, it was a very nice quite night with a little bit of moonlight showing between the trees. The weather was cold", "Civilian labor force": "49,174", "Nearest Town": "Vinton", "Season": "Fall", "Class": "Class A", "Multiple Witnesses": "False", "jaccard_score": 0.0010801913481816778, "Forest cover rate": "60.7%", "Dte": "3", "Witness Count": "1.0", "City/Suburb/Town/Rural": "City", "Number of lakes": "0-250", "County": "Roanoke", "Year": "2020", "National Park Visitation Count": "15260278"}