{"Total Disasters": "1.0", "BigFoot Hotspot": "TRUE", "Unemployment_rate": "8.1", "Report Type": "Report", "State": "Washington", "id": "1366eee8-f44b-4028-96bb-9c3326e1f5bc", "Time And Conditions": "I think it was about midnight - 12:00 or so. Dark out but starry. It was really cold (because of being up in the mountains) during the night.", "Civilian labor force": "5,023", "Nearest Town": "Carson", "Season": "Summer", "Class": "Class B", "Multiple Witnesses": "False", "jaccard_score": 0.0010801913481816778, "Forest cover rate": "40.7%", "Dte": "3", "Witness Count": "2.0", "National Park Visitation Count": "6436086", "City/Suburb/Town/Rural": "City", "Month": "February", "County": "Skamania", "Year": "2005", "Number of lakes": "5001-10000"}