{"Total Disasters": "1.0", "BigFoot Hotspot": "FALSE", "Unemployment_rate": "7.9", "Report Type": "Report", "State": "Maryland", "id": "1367dd4e-d030-4f79-a5ae-d6bcf36366c9", "Time And Conditions": "nighttime- i think it was a clear night.... around 8-9pm (thats when my family would leave my grandparents house)", "Civilian labor force": "276,196", "Nearest Town": "Woodstock- 2 miles,  Woodlawn 4 miles,Baltimore, 7miles.", "Season": "Fall", "Class": "Class A", "Multiple Witnesses": "False", "jaccard_score": 0.0010287536649349314, "Forest cover rate": "37.9%", "Dte": "11", "Witness Count": "1.0", "National Park Visitation Count": "7742354", "City/Suburb/Town/Rural": "City", "Month": "September", "County": "Baltimore", "Year": "2003", "Number of lakes": "0-250"}