{"Total Disasters": "1.0", "BigFoot Hotspot": "FALSE", "Unemployment_rate": "5.2", "Report Type": "Report", "State": "Ohio", "Month": "May", "id": "136cb40b-3147-4b4a-b94a-01dc6b895b76", "Time And Conditions": "SIGHTING:", "Civilian labor force": "20,034", "Nearest Town": "Nashville", "Season": "Spring", "Class": "Class B", "Multiple Witnesses": "True", "jaccard_score": 0.0010801913481816778, "Forest cover rate": "28.9%", "Dte": "29", "Witness Count": "4.0", "City/Suburb/Town/Rural": "Rural", "Number of lakes": "0-250", "County": "Holmes", "Year": "2013", "National Park Visitation Count": "2383816"}