{"Total Disasters": "4.0", "BigFoot Hotspot": "FALSE", "Unemployment_rate": "7.0", "Report Type": "Report", "State": "Oklahoma", "id": "1375a0b2-d169-4954-a7d4-a6f80db40bac", "Time And Conditions": "Around 8:20pm, Dark with light rain. Very foggy and muddy.", "Civilian labor force": "4,841", "Nearest Town": "Albion", "Season": "Fall", "Class": "Class B", "Multiple Witnesses": "False", "jaccard_score": 0.0010801913481816778, "Forest cover rate": "14.2%", "Dte": "28", "Witness Count": "1.0", "National Park Visitation Count": "1223134", "City/Suburb/Town/Rural": "Rural", "Month": "January", "County": "Pushmataha", "Year": "2012", "Number of lakes": "0-250"}