{"Total Disasters": "2.0", "BigFoot Hotspot": "FALSE", "Unemployment_rate": "2.4", "Report Type": "Report", "State": "Colorado", "id": "1384f7d2-6ce7-4bd7-9855-f97117d6850e", "Time And Conditions": "11:00 PM", "Civilian labor force": "11,259", "Nearest Town": "Lake George", "Season": "Summer", "Class": "Class B", "Multiple Witnesses": "True", "jaccard_score": 0.0010801913481816778, "Forest cover rate": "17.5%", "Dte": "7", "Witness Count": "7.0", "National Park Visitation Count": "5889075", "City/Suburb/Town/Rural": "City", "Month": "November", "County": "Park", "Year": "2019", "Number of lakes": "501-1500"}