{"Number of lakes": "5001-10000", "Total Disasters": "3.0", "BigFoot Hotspot": "FALSE", "Unemployment_rate": "5.2", "Report Type": "Report", "State": "New York", "id": "1388cd99-7430-4a0a-8b2d-450b677c976d", "Time And Conditions": "it was around 8:30 or 9 in the morning. It was very cold and overcast", "Civilian labor force": "55,092", "Nearest Town": "Naples", "Season": "Fall", "Class": "Class A", "Multiple Witnesses": "False", "jaccard_score": 0.0010801913481816778, "Forest cover rate": "50.9%", "Dte": "10", "Witness Count": "1.0", "City/Suburb/Town/Rural": "City", "Month": "November", "County": "Ontario", "Year": "2003", "National Park Visitation Count": "12200239"}