{"Number of lakes": "5001-10000", "Total Disasters": "3.0", "BigFoot Hotspot": "TRUE", "Unemployment_rate": "5.9", "Report Type": "Report", "State": "Washington", "id": "138bb322-1339-48ee-a509-a0326b31703d", "Time And Conditions": "Between 2:30 am and 4 am.", "Civilian labor force": "394,313", "Nearest Town": "Eatonville", "Season": "Fall", "Class": "Class B", "Multiple Witnesses": "False", "jaccard_score": 0.0010801913481816778, "Forest cover rate": "40.7%", "Dte": "30", "Witness Count": "2.0", "City/Suburb/Town/Rural": "City", "Month": "September", "County": "Pierce", "Year": "2008", "National Park Visitation Count": "7140553"}