{"Number of lakes": "5001-10000", "Total Disasters": "12.0", "BigFoot Hotspot": "FALSE", "Unemployment_rate": "", "Report Type": "Report", "State": "Texas", "id": "138cf006-7d20-49a6-ae8c-de957f003ade", "Time And Conditions": "Early morning, around 7:50 am", "Civilian labor force": "", "Nearest Town": "Ore City", "Season": "Fall", "Class": "Class B", "Multiple Witnesses": "False", "jaccard_score": 0.0009773159816881848, "Forest cover rate": "7%", "Dte": "22", "Witness Count": "1.0", "City/Suburb/Town/Rural": "", "Month": "September", "County": "Marion", "Year": "2021", "National Park Visitation Count": "5806241"}