{"Total Disasters": "2.0", "BigFoot Hotspot": "FALSE", "Unemployment_rate": "3.4", "Report Type": "Report", "State": "Florida", "id": "138de0b6-c3e3-4cc7-b353-ef099bce1560", "Time And Conditions": "1998 incident occured around 10 PM. 1999 incident occured around 7 AM", "Civilian labor force": "211,550", "Nearest Town": "Edgewater", "Season": "Fall", "Class": "Class B", "Multiple Witnesses": "False", "jaccard_score": 0.0010287536649349314, "Forest cover rate": "42.4%", "Dte": "3", "Witness Count": "2.0", "National Park Visitation Count": "", "City/Suburb/Town/Rural": "City", "Month": "March", "County": "Volusia", "Year": "2000", "Number of lakes": "over 2000"}