{"Total Disasters": "0.0", "BigFoot Hotspot": "TRUE", "Unemployment_rate": "9.0", "Report Type": "Report", "State": "California", "id": "139e00bf-32c1-4431-8d90-fa0997a0b60b", "Time And Conditions": "This thing is around from early-mid spring through early fall. I have had incidences mostly at around one and four in the morning", "Civilian labor force": "18,650", "Nearest Town": "Old Northern California mining camp,", "Season": "Summer", "Class": "Class B", "Multiple Witnesses": "False", "jaccard_score": 0.0010801913481816778, "Forest cover rate": "17.8%", "Dte": "25", "Witness Count": "2.0", "National Park Visitation Count": "", "City/Suburb/Town/Rural": "Town", "Month": "August", "County": "Siskiyou", "Year": "2005", "Number of lakes": "2501-5000"}