{"Number of lakes": "over 2000", "Total Disasters": "0.0", "BigFoot Hotspot": "FALSE", "Unemployment_rate": "7.3", "Report Type": "Report", "State": "Minnesota", "id": "139e4772-6c4d-47be-99ea-0905273efe8a", "Time And Conditions": "Around noon, warm and humid", "Civilian labor force": "14,032", "Nearest Town": "Cass Lake", "Season": "Summer", "Class": "Class B", "Multiple Witnesses": "False", "jaccard_score": 0.0010801913481816778, "Forest cover rate": "28.9%", "Dte": "10", "Witness Count": "1.0", "City/Suburb/Town/Rural": "Town", "Month": "April", "County": "Cass", "Year": "2014", "National Park Visitation Count": "435930"}