{"Number of lakes": "5001-10000", "Total Disasters": "0.0", "BigFoot Hotspot": "FALSE", "Unemployment_rate": "", "Report Type": "Report", "State": "Washington", "id": "13a84aa8-2247-4d5f-a8ac-8e24d9a9dee5", "Time And Conditions": "", "Civilian labor force": "", "Nearest Town": "Lyle", "Season": "Spring", "Class": "Class A", "Multiple Witnesses": "False", "jaccard_score": 0.0008744406151946916, "Forest cover rate": "40.7%", "Dte": "13", "Witness Count": "0.0", "City/Suburb/Town/Rural": "", "Month": "November", "County": "Klickitat", "Year": "1999", "National Park Visitation Count": "7256946"}