{"Number of lakes": "5001-10000", "Total Disasters": "0.0", "BigFoot Hotspot": "TRUE", "Unemployment_rate": "4.6", "Report Type": "Report", "State": "Washington", "id": "13aa5e0a-d19a-4903-bdcf-a6bffa90a617", "Time And Conditions": "", "Civilian labor force": "1,000,772", "Nearest Town": "Scenic Washington or Skykomish Washington", "Season": "Spring", "Class": "Class B", "Multiple Witnesses": "False", "jaccard_score": 0.0010287536649349314, "Forest cover rate": "40.7%", "Dte": "29", "Witness Count": "1.0", "City/Suburb/Town/Rural": "City", "Month": "May", "County": "King", "Year": "2001", "National Park Visitation Count": ""}