{"Total Disasters": "1.0", "BigFoot Hotspot": "FALSE", "Unemployment_rate": "6.7", "Report Type": "Report", "State": "Texas", "id": "13aff90c-abce-459c-823d-9191e383fe68", "Time And Conditions": "Early morning. 3 am.", "Civilian labor force": "30,638", "Nearest Town": "Harleton", "Season": "Fall", "Class": "Class A", "Multiple Witnesses": "False", "jaccard_score": 0.0010801913481816778, "Forest cover rate": "7%", "Dte": "7", "Witness Count": "0.0", "National Park Visitation Count": "4940516", "City/Suburb/Town/Rural": "Suburb", "Month": "December", "County": "Harrison", "Year": "2003", "Number of lakes": "5001-10000"}