{"Total Disasters": "1.0", "BigFoot Hotspot": "FALSE", "Unemployment_rate": "4.3", "Report Type": "Report", "State": "Iowa", "id": "13b06032-b74b-4ea8-95d0-72b36e8bd558", "Time And Conditions": "Approximately 11:00pm Moonlight night, clear and warm.", "Civilian labor force": "79,040", "Nearest Town": "North Liberty", "Season": "Summer", "Class": "Class B", "Multiple Witnesses": "True", "jaccard_score": 0.0010801913481816778, "Forest cover rate": "5.4%", "Dte": "11", "Witness Count": "3.0", "National Park Visitation Count": "", "City/Suburb/Town/Rural": "City", "Month": "July", "County": "Johnson", "Year": "2010", "Number of lakes": "0-250"}