{"Total Disasters": "0.0", "BigFoot Hotspot": "FALSE", "Unemployment_rate": "18.4", "Report Type": "Report", "State": "Michigan", "id": "13cb28b0-55c7-4dc0-a9d4-e261b8971ff1", "Time And Conditions": "Approximately 5:45pm.  Clear sky, slight breeze out of the north/northeast.  Temperature in the upper 50s", "Civilian labor force": "4,094", "Nearest Town": "Barton City", "Season": "Fall", "Class": "Class B", "Multiple Witnesses": "False", "jaccard_score": 0.0010801913481816778, "Forest cover rate": "51.2%", "Dte": "19", "Witness Count": "2.0", "National Park Visitation Count": "1649394", "City/Suburb/Town/Rural": "Rural", "Month": "September", "County": "Alcona", "Year": "2009", "Number of lakes": "over 2000"}