{"Number of lakes": "over 2000", "Total Disasters": "2.0", "BigFoot Hotspot": "FALSE", "Unemployment_rate": "4.9", "Report Type": "Report", "State": "Minnesota", "id": "13d7be84-06e8-4e6c-81a5-5edb9cbfa916", "Time And Conditions": "full sun/cloudy/ mid afternoon", "Civilian labor force": "3,125", "Nearest Town": "Grand Marais", "Season": "Winter", "Class": "Class B", "Multiple Witnesses": "False", "jaccard_score": 0.0010801913481816778, "Forest cover rate": "28.9%", "Dte": "13", "Witness Count": "0.0", "City/Suburb/Town/Rural": "Rural", "Month": "March", "County": "Cook", "Year": "2007", "National Park Visitation Count": "361928"}