{"Total Disasters": "1.0", "BigFoot Hotspot": "FALSE", "Unemployment_rate": "", "Report Type": "Report", "State": "California", "Month": "August", "id": "13e036a8-bc09-4983-9ef1-8276ecb4e6ce", "Time And Conditions": "Happened at about 10pm", "Civilian labor force": "", "Nearest Town": "Lewiston", "Season": "Spring", "Class": "Class A", "Multiple Witnesses": "False", "jaccard_score": 0.0009773159816881848, "Forest cover rate": "17.8%", "Dte": "23", "Witness Count": "0.0", "City/Suburb/Town/Rural": "", "Number of lakes": "2501-5000", "County": "Trinity", "Year": "1997", "National Park Visitation Count": "34569619"}