{"Number of lakes": "5001-10000", "Total Disasters": "2.0", "BigFoot Hotspot": "FALSE", "Unemployment_rate": "5.4", "Report Type": "Report", "State": "New York", "id": "13ec489c-c4bd-4672-8509-bcfa8dff9015", "Time And Conditions": "Sunny clear day", "Civilian labor force": "39,665", "Nearest Town": "Saranac, NY", "Season": "Summer", "Class": "Class A", "Multiple Witnesses": "False", "jaccard_score": 0.0010801913481816778, "Forest cover rate": "50.9%", "Dte": "4", "Witness Count": "0.0", "City/Suburb/Town/Rural": "Town", "Month": "November", "County": "Clinton", "Year": "2002", "National Park Visitation Count": "18742031"}