{"Total Disasters": "1.0", "BigFoot Hotspot": "FALSE", "Unemployment_rate": "4.0", "Report Type": "Report", "State": "New Jersey", "Month": "April", "id": "13ed2b2d-69e7-4c0a-846b-b1fcf22f6117", "Time And Conditions": "at 9:30pm   it was dusk  it was very warm and a clear night", "Civilian labor force": "405,170", "Nearest Town": "North Brunswick", "Season": "Fall", "Class": "Class A", "Multiple Witnesses": "False", "jaccard_score": 0.0010801913481816778, "Forest cover rate": "39.5%", "Dte": "23", "Witness Count": "2.0", "City/Suburb/Town/Rural": "City", "Number of lakes": "1501-2500", "County": "Middlesex", "Year": "2001", "National Park Visitation Count": ""}