{"Total Disasters": "3.0", "BigFoot Hotspot": "FALSE", "Unemployment_rate": "11.0", "Report Type": "Report", "State": "Illinois", "Month": "November", "id": "13ef4399-3655-4d21-8a41-76ce55c9d492", "Time And Conditions": "Cool and clear.", "Civilian labor force": "2,640,576", "Nearest Town": "Midlothian", "Season": "Fall", "Class": "Class B", "Multiple Witnesses": "False", "jaccard_score": 0.0010801913481816778, "Forest cover rate": "11.5%", "Dte": "18", "Witness Count": "2.0", "City/Suburb/Town/Rural": "City", "Number of lakes": "0-250", "County": "Cook", "Year": "2010", "National Park Visitation Count": "354125"}