{"Number of lakes": "5001-10000", "Total Disasters": "1.0", "BigFoot Hotspot": "TRUE", "Unemployment_rate": "7.4", "Report Type": "Report", "State": "Washington", "id": "14025fd1-15b4-4cf1-a9c3-4afd5775f9c5", "Time And Conditions": "It was about 11:00 to 11:30 at night and it was dark and rainy.  The only light was my headlights which was still enough to see what it was... Bigfoot", "Civilian labor force": "387,127", "Nearest Town": "Marysville", "Season": "Winter", "Class": "Class A", "Multiple Witnesses": "False", "jaccard_score": 0.0010801913481816778, "Forest cover rate": "40.7%", "Dte": "13", "Witness Count": "2.0", "City/Suburb/Town/Rural": "City", "Month": "December", "County": "Snohomish", "Year": "2012", "National Park Visitation Count": "7529549"}