{"Number of lakes": "5001-10000", "Total Disasters": "2.0", "BigFoot Hotspot": "FALSE", "Unemployment_rate": "9.4", "Report Type": "Report", "State": "Washington", "id": "1403a6fa-0f5a-4d3d-9dc5-ca387a739ea1", "Time And Conditions": "", "Civilian labor force": "19,846", "Nearest Town": "Oroville", "Season": "Summer", "Class": "Class B", "Multiple Witnesses": "False", "jaccard_score": 0.0010801913481816778, "Forest cover rate": "40.7%", "Dte": "6", "Witness Count": "0.0", "City/Suburb/Town/Rural": "Town", "Month": "August", "County": "Okanogan", "Year": "2003", "National Park Visitation Count": "7423179"}