{"Total Disasters": "0.0", "BigFoot Hotspot": "FALSE", "Unemployment_rate": "4.8", "Report Type": "Report", "State": "Oklahoma", "Month": "February", "id": "140f3364-a524-46cc-946b-f0f79e7246a1", "Time And Conditions": "Around 2 A.M. in the morning, very dark, very little moonlight", "Civilian labor force": "20,262", "Nearest Town": "Kiowa", "Season": "Summer", "Class": "Class A", "Multiple Witnesses": "True", "jaccard_score": 0.0010801913481816778, "Forest cover rate": "14.2%", "Dte": "10", "Witness Count": "5.0", "City/Suburb/Town/Rural": "Town", "Number of lakes": "0-250", "County": "Pittsburg", "Year": "2005", "National Park Visitation Count": ""}