{"Total Disasters": "2.0", "BigFoot Hotspot": "FALSE", "Unemployment_rate": "11.6", "Report Type": "Report", "State": "California", "id": "1420f407-d1c6-47ee-a820-c06ec4a038e2", "Time And Conditions": "four o'clock,clear day with bright sunshine.", "Civilian labor force": "401,401", "Nearest Town": "Huntington Lake", "Season": "Fall", "Class": "Class B", "Multiple Witnesses": "True", "jaccard_score": 0.0010801913481816778, "Forest cover rate": "17.8%", "Dte": "5", "Witness Count": "3.0", "National Park Visitation Count": "32554774", "City/Suburb/Town/Rural": "City", "Month": "December", "County": "Fresno", "Year": "2002", "Number of lakes": "2501-5000"}