{"Total Disasters": "3.0", "BigFoot Hotspot": "FALSE", "Unemployment_rate": "6.4", "Report Type": "Report", "State": "Illinois", "Month": "February", "id": "1426e7dc-bc14-476d-971a-52a16baa4771", "Time And Conditions": "10 a.m.", "Civilian labor force": "7,468", "Nearest Town": "Alto Pass", "Season": "Fall", "Class": "Class A", "Multiple Witnesses": "True", "jaccard_score": 0.0010801913481816778, "Forest cover rate": "11.5%", "Dte": "17", "Witness Count": "5.0", "City/Suburb/Town/Rural": "Town", "Number of lakes": "0-250", "County": "Union", "Year": "2018", "National Park Visitation Count": "209405"}