{"Total Disasters": "2.0", "BigFoot Hotspot": "FALSE", "Unemployment_rate": "6.9", "Report Type": "Report", "State": "Oregon", "Month": "June", "id": "142fc01d-ba28-4890-9c28-7c477f1594a6", "Time And Conditions": "Clear, dry, dark, warm(60's)10-11 pm. Late summer, leaves hadn't turned yet.", "Civilian labor force": "188,769", "Nearest Town": "about midway between Barton/Carver.", "Season": "Summer", "Class": "Class A", "Multiple Witnesses": "False", "jaccard_score": 0.0010801913481816778, "Forest cover rate": "38.8%", "Dte": "7", "Witness Count": "1.0", "City/Suburb/Town/Rural": "City", "Number of lakes": "501-1500", "County": "Clackamas", "Year": "2002", "National Park Visitation Count": ""}