{"Total Disasters": "6.0", "BigFoot Hotspot": "FALSE", "Unemployment_rate": "7.0", "Report Type": "Report", "State": "Oklahoma", "id": "1442cc91-e3a7-4f80-90e0-8dd98b200eec", "Time And Conditions": "3:39 am,  rainy and windy.", "Civilian labor force": "19,186", "Nearest Town": "Muse", "Season": "Spring", "Class": "Class B", "Multiple Witnesses": "True", "jaccard_score": 0.0010801913481816778, "Forest cover rate": "14.2%", "Dte": "4", "Witness Count": "3.0", "National Park Visitation Count": "1360642", "City/Suburb/Town/Rural": "City", "Month": "April", "County": "Le Flore", "Year": "2020", "Number of lakes": "0-250"}