{"Total Disasters": "0.0", "BigFoot Hotspot": "FALSE", "Unemployment_rate": "", "Report Type": "Report", "State": "California", "id": "1448dfb4-eaff-46eb-abd7-90a41f85ff78", "Time And Conditions": "", "Civilian labor force": "", "Nearest Town": "", "Season": "Summer", "Class": "Class B", "Multiple Witnesses": "False", "jaccard_score": 0.0008744406151946916, "Forest cover rate": "17.8%", "Dte": "20", "Witness Count": "1.0", "National Park Visitation Count": "35059287", "City/Suburb/Town/Rural": "", "Month": "June", "County": "Del Norte", "Year": "1999", "Number of lakes": "2501-5000"}