{"Number of lakes": "5001-10000", "Total Disasters": "1.0", "BigFoot Hotspot": "FALSE", "Unemployment_rate": "", "Report Type": "Report", "State": "Texas", "id": "144d4b8b-f15e-4748-8a1b-efcac7321a18", "Time And Conditions": "5-6 PM in Late Summer.  Fair skies and warm weather.", "Civilian labor force": "", "Nearest Town": "", "Season": "Summer", "Class": "Class A", "Multiple Witnesses": "False", "jaccard_score": 0.0009258782984414382, "Forest cover rate": "7%", "Dte": "8", "Witness Count": "2.0", "City/Suburb/Town/Rural": "", "Month": "April", "County": "Bosque", "Year": "1997", "National Park Visitation Count": "4760371"}