{"Number of lakes": "5001-10000", "Total Disasters": "1.0", "BigFoot Hotspot": "TRUE", "Unemployment_rate": "", "Report Type": "Report", "State": "Washington", "id": "145d8ee8-303d-4d43-81f0-3defd0a1658e", "Time And Conditions": "", "Civilian labor force": "", "Nearest Town": "Packwood", "Season": "Unknown", "Class": "Class B", "Multiple Witnesses": "False", "jaccard_score": 0.0009258782984414382, "Forest cover rate": "40.7%", "Dte": "6", "Witness Count": "0.0", "City/Suburb/Town/Rural": "", "Month": "August", "County": "Lewis", "Year": "1997", "National Park Visitation Count": "5341693"}