{"Total Disasters": "0.0", "BigFoot Hotspot": "TRUE", "Unemployment_rate": "", "Report Type": "Report", "State": "Washington", "Month": "December", "id": "1463c383-021d-4879-a333-d60a989558c6", "Time And Conditions": "", "Civilian labor force": "", "Nearest Town": "Cumberland", "Season": "Fall", "Class": "Class A", "Multiple Witnesses": "False", "jaccard_score": 0.0009258782984414382, "Forest cover rate": "40.7%", "Dte": "15", "Witness Count": "1.0", "City/Suburb/Town/Rural": "", "Number of lakes": "5001-10000", "County": "King", "Year": "1999", "National Park Visitation Count": "5704946"}