{"Total Disasters": "1.0", "BigFoot Hotspot": "FALSE", "Unemployment_rate": "3.5", "Report Type": "Report", "State": "Colorado", "id": "14818550-9bef-4489-9488-9acb0dfe9579", "Time And Conditions": "No idea - I can ask if you need these details", "Civilian labor force": "8,729", "Nearest Town": "Fairplay", "Season": "Fall", "Class": "Class B", "Multiple Witnesses": "True", "jaccard_score": 0.0010801913481816778, "Forest cover rate": "17.5%", "Dte": "13", "Witness Count": "26.0", "National Park Visitation Count": "5934519", "City/Suburb/Town/Rural": "City", "Month": "September", "County": "Park", "Year": "2001", "Number of lakes": "501-1500"}