{"Total Disasters": "0.0", "BigFoot Hotspot": "FALSE", "Unemployment_rate": "4.4", "Report Type": "Report", "State": "Michigan", "id": "148e9108-8fd0-4e04-9b23-8de905333a22", "Time And Conditions": "11 pm, weather clear, no fog, no rain. Starlight, no moon.", "Civilian labor force": "35,011", "Nearest Town": "Mt. Pleasant, Mi.", "Season": "Fall", "Class": "Class A", "Multiple Witnesses": "False", "jaccard_score": 0.0010801913481816778, "Forest cover rate": "51.2%", "Dte": "17", "Witness Count": "2.0", "National Park Visitation Count": "1802338", "City/Suburb/Town/Rural": "Suburb", "Month": "May", "County": "Isabella", "Year": "2002", "Number of lakes": "over 2000"}