{"Number of lakes": "5001-10000", "Total Disasters": "3.0", "BigFoot Hotspot": "FALSE", "Unemployment_rate": "", "Report Type": "Report", "State": "Washington", "id": "148e55a4-0069-40f5-8293-6deb06ffcd24", "Time And Conditions": "Daytime, overcast, no wind.", "Civilian labor force": "", "Nearest Town": "Ellensburg", "Season": "Fall", "Class": "Class B", "Multiple Witnesses": "False", "jaccard_score": 0.0009773159816881848, "Forest cover rate": "40.7%", "Dte": "3", "Witness Count": "0.0", "City/Suburb/Town/Rural": "", "Month": "January", "County": "Kittitas", "Year": "2021", "National Park Visitation Count": "7305725"}