{"Total Disasters": "6.0", "BigFoot Hotspot": "FALSE", "Unemployment_rate": "4.2", "Report Type": "Report", "State": "Georgia", "id": "149a56cd-68e3-4ca3-8897-797c21c81436", "Time And Conditions": "Mid afternoon. Clear skies, no rain. Temp was hot and muggy.", "Civilian labor force": "7,486", "Nearest Town": "Ray City", "Season": "Summer", "Class": "Class A", "Multiple Witnesses": "True", "jaccard_score": 0.0010801913481816778, "Forest cover rate": "64.2%", "Dte": "25", "Witness Count": "3.0", "National Park Visitation Count": "6441861", "City/Suburb/Town/Rural": "Town", "Month": "February", "County": "Berrien", "Year": "2018", "Number of lakes": "0-250"}