{"Total Disasters": "4.0", "BigFoot Hotspot": "FALSE", "Unemployment_rate": "", "Report Type": "Report", "State": "Ohio", "id": "14b9f471-690c-4978-a0d7-014660a04408", "Time And Conditions": "", "Civilian labor force": "", "Nearest Town": "Peebles", "Season": "Winter", "Class": "Class B", "Multiple Witnesses": "False", "jaccard_score": 0.0009258782984414382, "Forest cover rate": "28.9%", "Dte": "28", "Witness Count": "0.0", "National Park Visitation Count": "750922", "City/Suburb/Town/Rural": "", "Month": "August", "County": "Adams", "Year": "1999", "Number of lakes": "0-250"}