{"Number of lakes": "over 2000", "Total Disasters": "1.0", "BigFoot Hotspot": "FALSE", "Unemployment_rate": "3.7", "Report Type": "Report", "State": "Florida", "id": "14d655da-c2bd-4252-a686-ac3c6a672f53", "Time And Conditions": "It was dusk, not quite dark.", "Civilian labor force": "220,981", "Nearest Town": "Fort Myers, Florida", "Season": "Summer", "Class": "Class A", "Multiple Witnesses": "True", "jaccard_score": 0.0010801913481816778, "Forest cover rate": "42.4%", "Dte": "2", "Witness Count": "4.0", "City/Suburb/Town/Rural": "City", "Month": "January", "County": "Lee", "Year": "2001", "National Park Visitation Count": ""}