{"Total Disasters": "1.0", "BigFoot Hotspot": "FALSE", "Unemployment_rate": "7.2", "Report Type": "Report", "State": "New Jersey", "id": "14ed25d2-2336-4dfa-bd16-35d4cd55a5c6", "Time And Conditions": "Early in the morning.  8:20 AM to be exact.  The lighting outside was an extremely sun shiny, bright morning.  No rain or clouds in sight.", "Civilian labor force": "369,189", "Nearest Town": "West Orange", "Season": "Spring", "Class": "Class A", "Multiple Witnesses": "False", "jaccard_score": 0.0010801913481816778, "Forest cover rate": "39.5%", "Dte": "8", "Witness Count": "2.0", "National Park Visitation Count": "391444", "City/Suburb/Town/Rural": "City", "Month": "May", "County": "Essex", "Year": "2002", "Number of lakes": "1501-2500"}