{"Total Disasters": "2.0", "BigFoot Hotspot": "FALSE", "Unemployment_rate": "7.5", "Report Type": "Report", "State": "Alabama", "Month": "May", "id": "14f271a0-e29b-4525-b678-28b1a30300b0", "Time And Conditions": "afternoon", "Civilian labor force": "6,788", "Nearest Town": "Abbeville, Alabama", "Season": "Summer", "Class": "Class A", "Multiple Witnesses": "False", "jaccard_score": 0.0010801913481816778, "Forest cover rate": "70.6%", "Dte": "8", "Witness Count": "1.0", "City/Suburb/Town/Rural": "City", "Number of lakes": "0-250", "County": "Henry", "Year": "2014", "National Park Visitation Count": ""}