{"Total Disasters": "4.0", "BigFoot Hotspot": "FALSE", "Unemployment_rate": "", "Report Type": "Report", "State": "Pennsylvania", "id": "14fa988c-206e-4103-9c1e-1f92bf1573f5", "Time And Conditions": "", "Civilian labor force": "", "Nearest Town": "Mcconnellsburg", "Season": "Unknown", "Class": "Class B", "Multiple Witnesses": "False", "jaccard_score": 0.0008744406151946916, "Forest cover rate": "55.3%", "Dte": "16", "Witness Count": "0.0", "National Park Visitation Count": "", "City/Suburb/Town/Rural": "", "Month": "December", "County": "Fulton", "Year": "1999", "Number of lakes": "251-500"}