{"Total Disasters": "2.0", "BigFoot Hotspot": "FALSE", "Unemployment_rate": "8.4", "Report Type": "Report", "State": "Missouri", "id": "14fad82b-0641-41b7-ae93-e7d1b21c23bd", "Time And Conditions": "2158-dark only security light. No visual detected, only vocalization.", "Civilian labor force": "15,781", "Nearest Town": "Richland", "Season": "Fall", "Class": "Class B", "Multiple Witnesses": "False", "jaccard_score": 0.0010801913481816778, "Forest cover rate": "30.3%", "Dte": "4", "Witness Count": "1.0", "National Park Visitation Count": "4171826", "City/Suburb/Town/Rural": "Town", "Month": "September", "County": "Pulaski", "Year": "2012", "Number of lakes": "0-250"}