{"Number of lakes": "over 2000", "Total Disasters": "1.0", "BigFoot Hotspot": "FALSE", "Unemployment_rate": "5.2", "Report Type": "Report", "State": "Florida", "id": "150bcf61-3bc3-48be-b1e8-7beb9409b530", "Time And Conditions": "Night, clear, cool", "Civilian labor force": "73,772", "Nearest Town": "Youngstown", "Season": "Unknown", "Class": "Class B", "Multiple Witnesses": "True", "jaccard_score": 0.0010801913481816778, "Forest cover rate": "42.4%", "Dte": "24", "Witness Count": "6.0", "City/Suburb/Town/Rural": "City", "Month": "December", "County": "Bay", "Year": "2002", "National Park Visitation Count": ""}