{"Total Disasters": "9.0", "BigFoot Hotspot": "FALSE", "Unemployment_rate": "7.4", "Report Type": "Report", "State": "Missouri", "Month": "December", "id": "151120d6-802b-4044-ad54-9aae19e5442c", "Time And Conditions": "10 pm, dark, but yet moonlit on Missouri route 54 near El Dorado Springs.", "Civilian labor force": "9,548", "Nearest Town": "traveling to our farm in dunnegan on rt 54 near El Dorado Springs", "Season": "Fall", "Class": "Class A", "Multiple Witnesses": "False", "jaccard_score": 0.0010801913481816778, "Forest cover rate": "30.3%", "Dte": "1", "Witness Count": "1.0", "City/Suburb/Town/Rural": "Rural", "Number of lakes": "0-250", "County": "Vernon", "Year": "2011", "National Park Visitation Count": "3913220"}