{"Total Disasters": "2.0", "BigFoot Hotspot": "FALSE", "Unemployment_rate": "5.4", "Report Type": "Report", "State": "South Dakota", "Month": "January", "id": "15322512-37c1-4c3f-97e7-bd4d1140717c", "Time And Conditions": "approx. 0400-0430 hours. the weather condition was clear, but there was no moon light, as it was very dark.", "Civilian labor force": "1,279", "Nearest Town": "wanblee", "Season": "Fall", "Class": "Class A", "Multiple Witnesses": "False", "jaccard_score": 0.0010801913481816778, "Forest cover rate": "3.1%", "Dte": "29", "Witness Count": "1.0", "City/Suburb/Town/Rural": "Rural", "Number of lakes": "251-500", "County": "Jackson", "Year": "2006", "National Park Visitation Count": "4089458"}