{"Number of lakes": "1501-2500", "Total Disasters": "0.0", "BigFoot Hotspot": "FALSE", "Unemployment_rate": "5.0", "Report Type": "Report", "State": "Idaho", "id": "153f6c9a-00d9-4f1f-8f1c-701bb6771527", "Time And Conditions": "It was late night, approximately between midnight and 1:00am.  It had been raining off and on all day, but the evening was clear and the weather was cool.  Campfire was still burning very low.", "Civilian labor force": "2,599", "Nearest Town": "Mackay", "Season": "Summer", "Class": "Class B", "Multiple Witnesses": "False", "jaccard_score": 0.0010801913481816778, "Forest cover rate": "31.8%", "Dte": "19", "Witness Count": "1.0", "City/Suburb/Town/Rural": "Rural", "Month": "March", "County": "Custer", "Year": "2005", "National Park Visitation Count": "468708"}