{"Total Disasters": "2.0", "BigFoot Hotspot": "FALSE", "Unemployment_rate": "7.6", "Report Type": "Report", "State": "California", "id": "1540482c-f879-4112-b3fa-dcc3a25a64fb", "Time And Conditions": "Mid to late afternoon, then around 2100 hrs for the tree incident.", "Civilian labor force": "563", "Nearest Town": "Bear Valley", "Season": "Fall", "Class": "Class B", "Multiple Witnesses": "True", "jaccard_score": 0.0010801913481816778, "Forest cover rate": "17.8%", "Dte": "18", "Witness Count": "4.0", "National Park Visitation Count": "", "City/Suburb/Town/Rural": "Rural", "Month": "October", "County": "Alpine", "Year": "2002", "Number of lakes": "2501-5000"}