{"Total Disasters": "3.0", "BigFoot Hotspot": "FALSE", "Unemployment_rate": "4.6", "Report Type": "Report", "State": "Ohio", "Month": "June", "id": "155907bc-e375-4c99-bc71-64f84a85dfba", "Time And Conditions": "Early morning (5:00 AM to 6:00 AM), dark but just turning light over the horizon.", "Civilian labor force": "39,080", "Nearest Town": "Fostoria", "Season": "Summer", "Class": "Class B", "Multiple Witnesses": "False", "jaccard_score": 0.0010801913481816778, "Forest cover rate": "28.9%", "Dte": "4", "Witness Count": "2.0", "City/Suburb/Town/Rural": "Suburb", "Number of lakes": "0-250", "County": "Hancock", "Year": "2002", "National Park Visitation Count": "2483760"}