{"Total Disasters": "2.0", "BigFoot Hotspot": "FALSE", "Unemployment_rate": "5.3", "Report Type": "Report", "State": "Kentucky", "Month": "March", "id": "156059d8-0132-4985-9ac9-af761f0086c2", "Time And Conditions": "about 8:00 pm", "Civilian labor force": "26,656", "Nearest Town": "London", "Season": "Summer", "Class": "Class A", "Multiple Witnesses": "False", "jaccard_score": 0.0010287536649349314, "Forest cover rate": "48.6%", "Dte": "10", "Witness Count": "2.0", "City/Suburb/Town/Rural": "Town", "Number of lakes": "0-250", "County": "Laurel", "Year": "2007", "National Park Visitation Count": "3075262"}