{"Total Disasters": "3.0", "BigFoot Hotspot": "FALSE", "Unemployment_rate": "8.4", "Report Type": "Report", "State": "Ohio", "Month": "November", "id": "15646aa0-73a6-4dc3-98b0-29651e390878", "Time And Conditions": "It was mid day, about 3 PM during early summer. The skies were clear and there was a slight breeze.", "Civilian labor force": "33,034", "Nearest Town": "Twin Valley", "Season": "Summer", "Class": "Class A", "Multiple Witnesses": "False", "jaccard_score": 0.0010801913481816778, "Forest cover rate": "28.9%", "Dte": "3", "Witness Count": "0.0", "City/Suburb/Town/Rural": "Suburb", "Number of lakes": "0-250", "County": "Scioto", "Year": "2002", "National Park Visitation Count": "1199473"}