{"Number of lakes": "5001-10000", "Total Disasters": "2.0", "BigFoot Hotspot": "FALSE", "Unemployment_rate": "8.6", "Report Type": "Report", "State": "Washington", "id": "156e9dcf-2197-4ced-8031-5e967e068d3b", "Time And Conditions": "The incident occurred in the afternoon around 4 or 5 pm.", "Civilian labor force": "22,754", "Nearest Town": "Bremerton", "Season": "Summer", "Class": "Class B", "Multiple Witnesses": "False", "jaccard_score": 0.0010801913481816778, "Forest cover rate": "40.7%", "Dte": "23", "Witness Count": "1.0", "City/Suburb/Town/Rural": "Suburb", "Month": "November", "County": "Mason", "Year": "2003", "National Park Visitation Count": ""}