{"Total Disasters": "3.0", "BigFoot Hotspot": "FALSE", "Unemployment_rate": "7.8", "Report Type": "Report", "State": "Maryland", "Month": "September", "id": "1576cdc1-4109-4360-bfa3-ad54ed2176b4", "Time And Conditions": "Midnight. The sky was very clear and the warmth of later spring had begun to set in.", "Civilian labor force": "295,569", "Nearest Town": "Parkton, MD", "Season": "Spring", "Class": "Class B", "Multiple Witnesses": "True", "jaccard_score": 0.0010287536649349314, "Forest cover rate": "37.9%", "Dte": "15", "Witness Count": "3.0", "City/Suburb/Town/Rural": "City", "Number of lakes": "0-250", "County": "Baltimore", "Year": "2011", "National Park Visitation Count": "8303302"}