{"Number of lakes": "5001-10000", "Total Disasters": "0.0", "BigFoot Hotspot": "FALSE", "Unemployment_rate": "6.8", "Report Type": "Report", "State": "Washington", "id": "15a3bdeb-e8ca-4c1a-ae88-5435426a307c", "Time And Conditions": "@1-2am.  Pitch dark.  Dry, partly cloudy", "Civilian labor force": "91,601", "Nearest Town": "Concrete", "Season": "Summer", "Class": "Class B", "Multiple Witnesses": "False", "jaccard_score": 0.0010801913481816778, "Forest cover rate": "40.7%", "Dte": "25", "Witness Count": "2.0", "City/Suburb/Town/Rural": "City", "Month": "May", "County": "Whatcom", "Year": "2002", "National Park Visitation Count": "5628016"}