{"Total Disasters": "2.0", "BigFoot Hotspot": "FALSE", "Unemployment_rate": "3.3", "Report Type": "Report", "State": "Florida", "Month": "February", "id": "15aabc85-8e34-4055-979c-f8f37a8b15e7", "Time And Conditions": "cloudy and overcast, right before a storm.", "Civilian labor force": "90,374", "Nearest Town": "", "Season": "Winter", "Class": "Class A", "Multiple Witnesses": "False", "jaccard_score": 0.0010287536649349314, "Forest cover rate": "42.4%", "Dte": "24", "Witness Count": "2.0", "City/Suburb/Town/Rural": "City", "Number of lakes": "over 2000", "County": "Osceola", "Year": "2000", "National Park Visitation Count": "9898447"}