{"Total Disasters": "0.0", "BigFoot Hotspot": "TRUE", "Unemployment_rate": "4.8", "Report Type": "Report", "State": "Washington", "Month": "February", "id": "15ae00d7-1744-4edb-ac5f-a1a36efecec7", "Time And Conditions": "", "Civilian labor force": "331,845", "Nearest Town": "Darrington", "Season": "Spring", "Class": "Class A", "Multiple Witnesses": "False", "jaccard_score": 0.0009773159816881848, "Forest cover rate": "40.7%", "Dte": "10", "Witness Count": "0.0", "City/Suburb/Town/Rural": "City", "Number of lakes": "5001-10000", "County": "Snohomish", "Year": "2001", "National Park Visitation Count": ""}