{"Total Disasters": "1.0", "BigFoot Hotspot": "FALSE", "Unemployment_rate": "3.6", "Report Type": "Report", "State": "Utah", "id": "15b0248e-f6d4-4392-93ea-afc262d995cb", "Time And Conditions": "Somewhere around midnight to two O'clock in the morning", "Civilian labor force": "10,777", "Nearest Town": "Fairview", "Season": "Summer", "Class": "Class B", "Multiple Witnesses": "False", "jaccard_score": 0.0010287536649349314, "Forest cover rate": "8.9%", "Dte": "21", "Witness Count": "1.0", "National Park Visitation Count": "8090662", "City/Suburb/Town/Rural": "Town", "Month": "May", "County": "Sanpete", "Year": "2006", "Number of lakes": "501-1500"}