{"Number of lakes": "over 2000", "Total Disasters": "3.0", "BigFoot Hotspot": "FALSE", "Unemployment_rate": "6.8", "Report Type": "Report", "State": "Michigan", "id": "15ba0788-e60a-4147-a8c9-66d7054ca8d4", "Time And Conditions": "Answered above.", "Civilian labor force": "756,308", "Nearest Town": "Romulus", "Season": "Unknown", "Class": "Class B", "Multiple Witnesses": "False", "jaccard_score": 0.0010801913481816778, "Forest cover rate": "51.2%", "Dte": "31", "Witness Count": "0.0", "City/Suburb/Town/Rural": "City", "Month": "May", "County": "Wayne", "Year": "2015", "National Park Visitation Count": "2192477"}