{"Total Disasters": "2.0", "BigFoot Hotspot": "FALSE", "Unemployment_rate": "4.2", "Report Type": "Report", "State": "Maryland", "Month": "January", "id": "15cf7ed5-d73e-45e5-b9ef-69710aaec50c", "Time And Conditions": "4-5pm. Clear & sunny.", "Civilian labor force": "272,833", "Nearest Town": "Severna Park", "Season": "Fall", "Class": "Class A", "Multiple Witnesses": "False", "jaccard_score": 0.0010801913481816778, "Forest cover rate": "37.9%", "Dte": "6", "Witness Count": "1.0", "City/Suburb/Town/Rural": "City", "Number of lakes": "0-250", "County": "Anne Arundel", "Year": "2002", "National Park Visitation Count": ""}