{"Total Disasters": "2.0", "BigFoot Hotspot": "FALSE", "Unemployment_rate": "8.8", "Report Type": "Report", "State": "Michigan", "Month": "May", "id": "15cf4d78-03f8-4c4a-9d40-329efbc26f05", "Time And Conditions": "Evening about 745pm iit was light out with a slight rain.", "Civilian labor force": "7,840", "Nearest Town": "Higgins Lake", "Season": "Spring", "Class": "Class A", "Multiple Witnesses": "False", "jaccard_score": 0.0010287536649349314, "Forest cover rate": "51.2%", "Dte": "1", "Witness Count": "2.0", "City/Suburb/Town/Rural": "Rural", "Number of lakes": "over 2000", "County": "Roscommon", "Year": "2017", "National Park Visitation Count": "2726325"}