{"Number of lakes": "5001-10000", "Total Disasters": "4.0", "BigFoot Hotspot": "FALSE", "Unemployment_rate": "5.6", "Report Type": "Report", "State": "New York", "id": "15e1929d-73e8-4538-b714-65a50af48a4f", "Time And Conditions": "10pm, very dark, cool, probably in thelower 40's.", "Civilian labor force": "3,056", "Nearest Town": "Indian Lake", "Season": "Spring", "Class": "Class B", "Multiple Witnesses": "False", "jaccard_score": 0.0010801913481816778, "Forest cover rate": "50.9%", "Dte": "26", "Witness Count": "0.0", "City/Suburb/Town/Rural": "Rural", "Month": "January", "County": "Hamilton", "Year": "2004", "National Park Visitation Count": "18470757"}