{"Total Disasters": "4.0", "BigFoot Hotspot": "FALSE", "Unemployment_rate": "", "Report Type": "Report", "State": "North Carolina", "Month": "September", "id": "15e41a94-be96-4a1a-a668-cb0f3d125dee", "Time And Conditions": "11:30 PM", "Civilian labor force": "", "Nearest Town": "Between Cullowee and Franklin.", "Season": "Fall", "Class": "Class A", "Multiple Witnesses": "False", "jaccard_score": 0.0009258782984414382, "Forest cover rate": "59.9%", "Dte": "17", "Witness Count": "1.0", "City/Suburb/Town/Rural": "", "Number of lakes": "0-250", "County": "Macon", "Year": "1998", "National Park Visitation Count": ""}