{"Number of lakes": "1501-2500", "Total Disasters": "1.0", "BigFoot Hotspot": "FALSE", "Unemployment_rate": "", "Report Type": "Report", "State": "Arkansas", "id": "15ff76e6-19f5-4290-b1b9-d8799f3db08e", "Time And Conditions": "", "Civilian labor force": "", "Nearest Town": "Mountain Home", "Season": "Fall", "Class": "Class A", "Multiple Witnesses": "False", "jaccard_score": 0.0008230029319479451, "Forest cover rate": "55.1%", "Dte": "5", "Witness Count": "1.0", "City/Suburb/Town/Rural": "", "Month": "November", "County": "Baxter", "Year": "1998", "National Park Visitation Count": ""}