{"Total Disasters": "1.0", "BigFoot Hotspot": "FALSE", "Unemployment_rate": "", "Report Type": "Report", "State": "Idaho", "Month": "January", "id": "1615548b-f52e-4686-b29e-8d26d22dacbf", "Time And Conditions": "", "Civilian labor force": "", "Nearest Town": "", "Season": "Fall", "Class": "Class B", "Multiple Witnesses": "False", "jaccard_score": 0.0008744406151946916, "Forest cover rate": "31.8%", "Dte": "27", "Witness Count": "0.0", "City/Suburb/Town/Rural": "", "Number of lakes": "1501-2500", "County": "Valley", "Year": "1997", "National Park Visitation Count": "572090"}