{"Total Disasters": "3.0", "BigFoot Hotspot": "FALSE", "Unemployment_rate": "", "Report Type": "Report", "State": "Oklahoma", "id": "162feab2-94e0-4787-a576-f6362dfc4418", "Time And Conditions": "10:10 am clear skies", "Civilian labor force": "", "Nearest Town": "Nashoba", "Season": "Fall", "Class": "Class B", "Multiple Witnesses": "False", "jaccard_score": 0.0009773159816881848, "Forest cover rate": "14.2%", "Dte": "31", "Witness Count": "1.0", "National Park Visitation Count": "1532339", "City/Suburb/Town/Rural": "", "Month": "October", "County": "Pushmataha", "Year": "2021", "Number of lakes": "0-250"}