{"Total Disasters": "0.0", "BigFoot Hotspot": "FALSE", "Unemployment_rate": "4.2", "Report Type": "Report", "State": "Ohio", "id": "164e1172-604c-4192-8e2a-8c61063ecdcb", "Time And Conditions": "Warm summer night, early Saturday or Sunday morning around 1:00 am bright moonlit night", "Civilian labor force": "84,524", "Nearest Town": "Brimfield", "Season": "Summer", "Class": "Class B", "Multiple Witnesses": "True", "jaccard_score": 0.0010801913481816778, "Forest cover rate": "28.9%", "Dte": "16", "Witness Count": "3.0", "National Park Visitation Count": "1138868", "City/Suburb/Town/Rural": "City", "Month": "May", "County": "Portage", "Year": "2000", "Number of lakes": "0-250"}