{"Total Disasters": "2.0", "BigFoot Hotspot": "FALSE", "Unemployment_rate": "7.0", "Report Type": "Report", "State": "North Carolina", "Month": "September", "id": "164f9d35-ea11-4d82-8b2c-bd6691b6655e", "Time And Conditions": "4am, dark outside. Calm weather with no rain.I did not look outside so I do not know if the moon was shining.", "Civilian labor force": "8,960", "Nearest Town": "Snow Hill", "Season": "Fall", "Class": "Class B", "Multiple Witnesses": "False", "jaccard_score": 0.0010801913481816778, "Forest cover rate": "59.9%", "Dte": "25", "Witness Count": "0.0", "City/Suburb/Town/Rural": "Rural", "Number of lakes": "0-250", "County": "Greene", "Year": "2003", "National Park Visitation Count": ""}