{"Total Disasters": "1.0", "BigFoot Hotspot": "FALSE", "Unemployment_rate": "9.4", "Report Type": "Report", "State": "Wisconsin", "Month": "October", "id": "165f4010-93d8-4f19-8d9d-c1379a21314e", "Time And Conditions": "7:30 am partly cloudy wind calm temperature in the 20s", "Civilian labor force": "7,528", "Nearest Town": "Drummond WI", "Season": "Fall", "Class": "Class B", "Multiple Witnesses": "False", "jaccard_score": 0.0010801913481816778, "Forest cover rate": "45.2%", "Dte": "12", "Witness Count": "2.0", "City/Suburb/Town/Rural": "Town", "Number of lakes": "10001-20000", "County": "Bayfield", "Year": "2014", "National Park Visitation Count": "701726"}