{"Total Disasters": "Total Disasters", "BigFoot Hotspot": "BigFoot Hotspot", "Unemployment_rate": "Unemployment_rate", "Report Type": "Report Type", "State": "State", "id": "167248b5-ada9-41ee-a181-f5ac44a7e046", "Time And Conditions": "Time And Conditions", "Civilian labor force": "Civilian labor force", "Nearest Town": "Nearest Town", "Season": "Season", "Class": "Class", "Multiple Witnesses": "Multiple Witnesses", "jaccard_score": 0.0010801913481816778, "Forest cover rate": "Forest cover rate", "Dte": "Date", "Witness Count": "Witness Count", "National Park Visitation Count": "National Park Visitation Count", "City/Suburb/Town/Rural": "City/Suburb/Town/Rural", "Month": "Month", "County": "County", "Year": "Year", "Number of lakes": "Number of lakes"}