{"Number of lakes": "5001-10000", "Total Disasters": "1.0", "BigFoot Hotspot": "TRUE", "Unemployment_rate": "8.1", "Report Type": "Report", "State": "Washington", "id": "1685ee39-dc1f-4fc7-9531-528892eb1000", "Time And Conditions": "11:24 PM. I looked at my wrist watch when I heard the sound. Clear night, no moon that I saw. There was ice on the tent in the morning.", "Civilian labor force": "5,023", "Nearest Town": "Cougar, WA", "Season": "Fall", "Class": "Class B", "Multiple Witnesses": "False", "jaccard_score": 0.0010287536649349314, "Forest cover rate": "40.7%", "Dte": "15", "Witness Count": "1.0", "City/Suburb/Town/Rural": "City", "Month": "February", "County": "Skamania", "Year": "2005", "National Park Visitation Count": "7019800"}