{"Total Disasters": "1.0", "BigFoot Hotspot": "FALSE", "Unemployment_rate": "5.0", "Report Type": "Report", "State": "Ohio", "id": "168f8bde-3cef-4596-aae3-8895ca0663f7", "Time And Conditions": "Time was early morning, 2:23 a.m.", "Civilian labor force": "28,438", "Nearest Town": "Nelsonville", "Season": "Fall", "Class": "Class B", "Multiple Witnesses": "False", "jaccard_score": 0.0010801913481816778, "Forest cover rate": "28.9%", "Dte": "27", "Witness Count": "0.0", "National Park Visitation Count": "3752585", "City/Suburb/Town/Rural": "Suburb", "Month": "December", "County": "Athens", "Year": "2001", "Number of lakes": "0-250"}