{"Total Disasters": "0.0", "BigFoot Hotspot": "TRUE", "Unemployment_rate": "7.3", "Report Type": "Report", "State": "Washington", "id": "1692fc40-15b1-49b4-afec-d4dd712b9972", "Time And Conditions": "Night Time ?? 9:00 PM to 2:00 AM ?", "Civilian labor force": "359,400", "Nearest Town": "Eatonville", "Season": "Summer", "Class": "Class B", "Multiple Witnesses": "False", "jaccard_score": 0.0010287536649349314, "Forest cover rate": "40.7%", "Dte": "26", "Witness Count": "0.0", "National Park Visitation Count": "", "City/Suburb/Town/Rural": "City", "Month": "November", "County": "Pierce", "Year": "2004", "Number of lakes": "5001-10000"}