{"Total Disasters": "1.0", "BigFoot Hotspot": "FALSE", "Unemployment_rate": "4.3", "Report Type": "Report", "State": "Ohio", "id": "fc8d462e-c30a-47c7-bfef-4fe70d0f89be", "Time And Conditions": "It was about 10:30 PM and the full moon seemed extra bright due to the snow. It was also cold out.", "Civilian labor force": "50,639", "Nearest Town": "Chardon", "Season": "Winter", "Class": "Class A", "Multiple Witnesses": "False", "jaccard_score": 0.0010801913481816778, "Forest cover rate": "28.9%", "Dte": "24", "Witness Count": "0.0", "National Park Visitation Count": "2784106", "City/Suburb/Town/Rural": "City", "Month": "February", "County": "Geauga", "Year": "2005", "Number of lakes": "0-250"}