{"Number of lakes": "over 2000", "Total Disasters": "2.0", "BigFoot Hotspot": "FALSE", "Unemployment_rate": "3.4", "Report Type": "Report", "State": "Florida", "id": "fc941d20-0b51-45b0-b238-8e96b019af3c", "Time And Conditions": "10:00 AM, sunny and very clear. Weather was cool approximately 72 degrees.", "Civilian labor force": "131,984", "Nearest Town": "Mount Plymouth", "Season": "Spring", "Class": "Class B", "Multiple Witnesses": "True", "jaccard_score": 0.0010801913481816778, "Forest cover rate": "42.4%", "Dte": "17", "Witness Count": "3.0", "City/Suburb/Town/Rural": "City", "Month": "December", "County": "Lake", "Year": "2007", "National Park Visitation Count": "8522720"}