{"Total Disasters": "1.0", "BigFoot Hotspot": "FALSE", "Unemployment_rate": "5.4", "Report Type": "Report", "State": "Washington", "id": "fc9eb9db-4976-4ce0-8c7c-7906e526c9eb", "Time And Conditions": "About 2a.m", "Civilian labor force": "120,710", "Nearest Town": "Kingston, Washington", "Season": "Fall", "Class": "Class A", "Multiple Witnesses": "False", "jaccard_score": 0.0010801913481816778, "Forest cover rate": "40.7%", "Dte": "17", "Witness Count": "2.0", "National Park Visitation Count": "7275528", "City/Suburb/Town/Rural": "City", "Month": "June", "County": "Kitsap", "Year": "2005", "Number of lakes": "5001-10000"}