{"Total Disasters": "0.0", "BigFoot Hotspot": "FALSE", "Unemployment_rate": "6.1", "Report Type": "Report", "State": "New Mexico", "Month": "June", "id": "fca74dab-d04b-470d-8d1c-ecb2055e7eae", "Time And Conditions": "Early morning, 255am to be exact.  It was clear and cool outside, and eerily quiet.", "Civilian labor force": "20,631", "Nearest Town": "Dulce.", "Season": "Summer", "Class": "Class B", "Multiple Witnesses": "False", "jaccard_score": 0.0010801913481816778, "Forest cover rate": "5.6%", "Dte": "26", "Witness Count": "1.0", "City/Suburb/Town/Rural": "Suburb", "Number of lakes": "501-1500", "County": "Rio Arriba", "Year": "2005", "National Park Visitation Count": "1650441"}