{"Total Disasters": "1.0", "BigFoot Hotspot": "FALSE", "Unemployment_rate": "5.1", "Report Type": "Report", "State": "Kentucky", "id": "fcb52e20-1c30-4f0d-b0dd-ea93c0612bb7", "Time And Conditions": "Both times it was just as darkness fell over the land.  Somewhere around 8:30 to 9:00pm.", "Civilian labor force": "11,740", "Nearest Town": "Campbellsville", "Season": "Summer", "Class": "Class B", "Multiple Witnesses": "False", "jaccard_score": 0.0010801913481816778, "Forest cover rate": "48.6%", "Dte": "27", "Witness Count": "2.0", "National Park Visitation Count": "", "City/Suburb/Town/Rural": "Town", "Month": "October", "County": "Taylor", "Year": "2001", "Number of lakes": "0-250"}