{"Number of lakes": "over 2000", "Total Disasters": "3.0", "BigFoot Hotspot": "FALSE", "Unemployment_rate": "9.7", "Report Type": "Report", "State": "Michigan", "id": "fcbe5209-e197-4367-b82b-c29dfaa7829d", "Time And Conditions": "night and early morning smell, sound at night.", "Civilian labor force": "14,038", "Nearest Town": "Charlevoix, MI", "Season": "Summer", "Class": "Class B", "Multiple Witnesses": "True", "jaccard_score": 0.0010801913481816778, "Forest cover rate": "51.2%", "Dte": "19", "Witness Count": "7.0", "City/Suburb/Town/Rural": "Rural", "Month": "June", "County": "Charlevoix", "Year": "2008", "National Park Visitation Count": "1420947"}