{"Total Disasters": "2.0", "BigFoot Hotspot": "FALSE", "Unemployment_rate": "7.2", "Report Type": "Report", "State": "Minnesota", "id": "fcc1b9d1-70ca-406d-bbf7-b03b8a545948", "Time And Conditions": "11:15 clear", "Civilian labor force": "101,110", "Nearest Town": "Ely", "Season": "Fall", "Class": "Class A", "Multiple Witnesses": "False", "jaccard_score": 0.0010801913481816778, "Forest cover rate": "28.9%", "Dte": "18", "Witness Count": "0.0", "National Park Visitation Count": "572453", "City/Suburb/Town/Rural": "City", "Month": "December", "County": "St. Louis", "Year": "2020", "Number of lakes": "over 2000"}