{"Total Disasters": "0.0", "BigFoot Hotspot": "FALSE", "Unemployment_rate": "", "Report Type": "Report", "State": "California", "Month": "August", "id": "fcc5eb7b-5234-480e-9687-5a3055c185b7", "Time And Conditions": "Around 11:00 p.m. It was close to a full-moon.", "Civilian labor force": "", "Nearest Town": "", "Season": "Winter", "Class": "Class C", "Multiple Witnesses": "True", "jaccard_score": 0.0009258782984414382, "Forest cover rate": "17.8%", "Dte": "25", "Witness Count": "5.0", "City/Suburb/Town/Rural": "", "Number of lakes": "2501-5000", "County": "Fresno", "Year": "1999", "National Park Visitation Count": "35439030"}