{"Number of lakes": "1501-2500", "Total Disasters": "1.0", "BigFoot Hotspot": "FALSE", "Unemployment_rate": "2.9", "Report Type": "Report", "State": "Idaho", "id": "fccf2920-b4c1-470b-bba1-929f5ae99a77", "Time And Conditions": "Right before dusk. In the shadow of a hill", "Civilian labor force": "23,030", "Nearest Town": "Pocatello", "Season": "Fall", "Class": "Class B", "Multiple Witnesses": "True", "jaccard_score": 0.0010801913481816778, "Forest cover rate": "31.8%", "Dte": "13", "Witness Count": "5.0", "City/Suburb/Town/Rural": "Suburb", "Month": "July", "County": "Bingham", "Year": "2017", "National Park Visitation Count": "629191"}