{"Total Disasters": "2.0", "BigFoot Hotspot": "FALSE", "Unemployment_rate": "5.3", "Report Type": "Report", "State": "Pennsylvania", "Month": "June", "id": "fce4feea-7f51-497f-8f33-7a3d424082e4", "Time And Conditions": "about midnight shortly after", "Civilian labor force": "188,667", "Nearest Town": "Ligonier Pa", "Season": "Summer", "Class": "Class A", "Multiple Witnesses": "False", "jaccard_score": 0.0010801913481816778, "Forest cover rate": "55.3%", "Dte": "5", "Witness Count": "0.0", "City/Suburb/Town/Rural": "City", "Number of lakes": "251-500", "County": "Westmoreland", "Year": "2008", "National Park Visitation Count": ""}