{"Total Disasters": "1.0", "BigFoot Hotspot": "FALSE", "Unemployment_rate": "3.6", "Report Type": "Report", "State": "Arkansas", "Month": "September", "id": "fce96f3a-fca8-4dd7-8e20-b6c2a9b4ab64", "Time And Conditions": "It was a sunny late afternoon day around 5 or 6pm.  the sun was low in the western sky but it was still bright for an early spring day.", "Civilian labor force": "42,909", "Nearest Town": "Benton", "Season": "Spring", "Class": "Class B", "Multiple Witnesses": "False", "jaccard_score": 0.0010801913481816778, "Forest cover rate": "55.1%", "Dte": "21", "Witness Count": "2.0", "City/Suburb/Town/Rural": "City", "Number of lakes": "1501-2500", "County": "Saline", "Year": "2001", "National Park Visitation Count": ""}