{"Total Disasters": "5.0", "BigFoot Hotspot": "FALSE", "Unemployment_rate": "3.2", "Report Type": "Report", "State": "Iowa", "Month": "April", "id": "fcf62b07-4fe9-481c-bfc6-ef7f74d7d690", "Time And Conditions": "Around midnight. Im not for sure what year it was but I tried to come as close as possible.", "Civilian labor force": "11,132", "Nearest Town": "Otterville", "Season": "Summer", "Class": "Class B", "Multiple Witnesses": "True", "jaccard_score": 0.0010801913481816778, "Forest cover rate": "5.4%", "Dte": "24", "Witness Count": "3.0", "City/Suburb/Town/Rural": "Town", "Number of lakes": "0-250", "County": "Buchanan", "Year": "2017", "National Park Visitation Count": "199993"}