{"Total Disasters": "2.0", "BigFoot Hotspot": "FALSE", "Unemployment_rate": "7.7", "Report Type": "Report", "State": "Oregon", "Month": "October", "id": "fcfc03ea-0646-439b-9457-2a2c6368e0bd", "Time And Conditions": "late afternoon", "Civilian labor force": "68,289", "Nearest Town": "Crescent", "Season": "Fall", "Class": "Class A", "Multiple Witnesses": "False", "jaccard_score": 0.0010287536649349314, "Forest cover rate": "38.8%", "Dte": "31", "Witness Count": "2.0", "City/Suburb/Town/Rural": "City", "Number of lakes": "501-1500", "County": "Deschutes", "Year": "2003", "National Park Visitation Count": "786460"}