{"Total Disasters": "1.0", "BigFoot Hotspot": "FALSE", "Unemployment_rate": "6.0", "Report Type": "Report", "State": "Washington", "id": "fd012f5b-b840-4b2c-b14c-7e95c6a72b40", "Time And Conditions": "It was @ 4:30 pm. Slightly overcast", "Civilian labor force": "13,567", "Nearest Town": "Forks", "Season": "Spring", "Class": "Class B", "Multiple Witnesses": "True", "jaccard_score": 0.0010287536649349314, "Forest cover rate": "40.7%", "Dte": "14", "Witness Count": "6.0", "National Park Visitation Count": "7091427", "City/Suburb/Town/Rural": "Town", "Month": "July", "County": "Jefferson", "Year": "2005", "Number of lakes": "5001-10000"}