{"Total Disasters": "2.0", "BigFoot Hotspot": "FALSE", "Unemployment_rate": "13.5", "Report Type": "Report", "State": "South Carolina", "id": "fd019579-8be1-46fa-a2b6-41333f473441", "Time And Conditions": "Night, clear conditions about 45 degrees or so.  Perfect camping weather.", "Civilian labor force": "31,439", "Nearest Town": "Salem", "Season": "Fall", "Class": "Class B", "Multiple Witnesses": "False", "jaccard_score": 0.0010287536649349314, "Forest cover rate": "63.8%", "Dte": "1", "Witness Count": "2.0", "National Park Visitation Count": "936483", "City/Suburb/Town/Rural": "Suburb", "Month": "June", "County": "Oconee", "Year": "2009", "Number of lakes": "0-250"}