{"Total Disasters": "2.0", "BigFoot Hotspot": "FALSE", "Unemployment_rate": "5.1", "Report Type": "Report", "State": "Tennessee", "Month": "February", "id": "fd0fd504-fa24-4566-a4b2-cf014ac62b0c", "Time And Conditions": "", "Civilian labor force": "11,201", "Nearest Town": "Halls", "Season": "Spring", "Class": "Class A", "Multiple Witnesses": "False", "jaccard_score": 0.0010801913481816778, "Forest cover rate": "52.9%", "Dte": "11", "Witness Count": "0.0", "City/Suburb/Town/Rural": "Rural", "Number of lakes": "0-250", "County": "Lauderdale", "Year": "2000", "National Park Visitation Count": "10805341"}