{"Number of lakes": "5001-10000", "Total Disasters": "1.0", "BigFoot Hotspot": "TRUE", "Unemployment_rate": "7.4", "Report Type": "Report", "State": "Washington", "id": "fd20648d-8a89-4a0e-b523-ecabec8d6b56", "Time And Conditions": "6P.M. BROAD DAYLIGHT BEAUTIFUL SPRING DAY IN THE FOREST, ALSO SAW BIG BUCK AND DOE WALKING TOGETHER.", "Civilian labor force": "387,127", "Nearest Town": "Tulalip", "Season": "Spring", "Class": "Class A", "Multiple Witnesses": "False", "jaccard_score": 0.0010287536649349314, "Forest cover rate": "40.7%", "Dte": "1", "Witness Count": "1.0", "City/Suburb/Town/Rural": "City", "Month": "December", "County": "Snohomish", "Year": "2012", "National Park Visitation Count": "7281785"}