{"Total Disasters": "1.0", "BigFoot Hotspot": "TRUE", "Unemployment_rate": "8.0", "Report Type": "Report", "State": "Washington", "id": "fd240a44-20f4-4a73-b26d-3d97ba096d28", "Time And Conditions": "It was 6:00am. pre-dawn, drizzle. Hard rain the night before.", "Civilian labor force": "31,168", "Nearest Town": "Aberdeen", "Season": "Fall", "Class": "Class B", "Multiple Witnesses": "False", "jaccard_score": 0.0010287536649349314, "Forest cover rate": "40.7%", "Dte": "22", "Witness Count": "1.0", "National Park Visitation Count": "7091427", "City/Suburb/Town/Rural": "Suburb", "Month": "October", "County": "Grays Harbor", "Year": "2005", "Number of lakes": "5001-10000"}