{"Total Disasters": "0.0", "BigFoot Hotspot": "FALSE", "Unemployment_rate": "9.4", "Report Type": "Report", "State": "Washington", "id": "fd269b12-48a5-4467-9ba3-62ba1afcce7f", "Time And Conditions": "It happened at dawn, unsure of the conditions at the time of the sighting. (But it was July/August, so the weather overall was fairly hot.)", "Civilian labor force": "42,996", "Nearest Town": "Cougar", "Season": "Summer", "Class": "Class B", "Multiple Witnesses": "True", "jaccard_score": 0.0010801913481816778, "Forest cover rate": "40.7%", "Dte": "2", "Witness Count": "5.0", "National Park Visitation Count": "", "City/Suburb/Town/Rural": "City", "Month": "February", "County": "Cowlitz", "Year": "2001", "Number of lakes": "5001-10000"}