{"Total Disasters": "0.0", "BigFoot Hotspot": "FALSE", "Unemployment_rate": "11.3", "Report Type": "Report", "State": "Alabama", "id": "fd305f21-b05f-4fdb-9b21-8be9be32c5d1", "Time And Conditions": "it was near 4oclock evening around 38 degrees cloudy low light conditions", "Civilian labor force": "24,229", "Nearest Town": "muscle shoals", "Season": "Winter", "Class": "Class A", "Multiple Witnesses": "False", "jaccard_score": 0.0010801913481816778, "Forest cover rate": "70.6%", "Dte": "11", "Witness Count": "1.0", "National Park Visitation Count": "363857", "City/Suburb/Town/Rural": "City", "Month": "April", "County": "Colbert", "Year": "2010", "Number of lakes": "0-250"}