{"Total Disasters": "2.0", "BigFoot Hotspot": "FALSE", "Unemployment_rate": "3.1", "Report Type": "Report", "State": "Nevada", "Month": "December", "id": "fd364452-71db-4527-a96a-2793bd3e4549", "Time And Conditions": "2:00 p.m.  Weather conditions; Clear and warm", "Civilian labor force": "477", "Nearest Town": "Dyer Nevada", "Season": "Summer", "Class": "Class A", "Multiple Witnesses": "False", "jaccard_score": 0.0010801913481816778, "Forest cover rate": "0.5%", "Dte": "18", "Witness Count": "0.0", "City/Suburb/Town/Rural": "Rural", "Number of lakes": "0-250", "County": "Esmeralda", "Year": "2007", "National Park Visitation Count": "7899863"}