{"Total Disasters": "1.0", "BigFoot Hotspot": "FALSE", "Unemployment_rate": "4.6", "Report Type": "Report", "State": "Nevada", "id": "fd409fd6-9a78-41fc-a633-240eeb9843dc", "Time And Conditions": "Described in context above.", "Civilian labor force": "204,198", "Nearest Town": "Reno", "Season": "Summer", "Class": "Class A", "Multiple Witnesses": "True", "jaccard_score": 0.0010801913481816778, "Forest cover rate": "0.5%", "Dte": "22", "Witness Count": "3.0", "National Park Visitation Count": "", "City/Suburb/Town/Rural": "City", "Month": "January", "County": "Washoe", "Year": "2003", "Number of lakes": "0-250"}