{"Total Disasters": "0.0", "BigFoot Hotspot": "TRUE", "Unemployment_rate": "", "Report Type": "Report", "State": "Washington", "Month": "November", "id": "fd420a9f-7707-40bb-81e2-2de99ce37e8c", "Time And Conditions": "4:00 P.M.", "Civilian labor force": "", "Nearest Town": "Cougar", "Season": "Fall", "Class": "Class A", "Multiple Witnesses": "False", "jaccard_score": 0.0009258782984414382, "Forest cover rate": "40.7%", "Dte": "15", "Witness Count": "0.0", "City/Suburb/Town/Rural": "", "Number of lakes": "5001-10000", "County": "Skamania", "Year": "1999", "National Park Visitation Count": "7769116"}