{"Number of lakes": "5001-10000", "Total Disasters": "1.0", "BigFoot Hotspot": "FALSE", "Unemployment_rate": "7.1", "Report Type": "Report", "State": "Texas", "id": "fd437381-9bd2-4ffa-853f-7cc8c542f0a9", "Time And Conditions": "Late night, atleast midnight. It was a dark moonless late summer night with pleasant weather. We were in shorts.", "Civilian labor force": "369,649", "Nearest Town": "Pilot Point", "Season": "Summer", "Class": "Class B", "Multiple Witnesses": "False", "jaccard_score": 0.0010801913481816778, "Forest cover rate": "7%", "Dte": "26", "Witness Count": "2.0", "City/Suburb/Town/Rural": "City", "Month": "September", "County": "Denton", "Year": "2010", "National Park Visitation Count": "4552711"}