{"Number of lakes": "over 2000", "Total Disasters": "2.0", "BigFoot Hotspot": "FALSE", "Unemployment_rate": "2.4", "Report Type": "Report", "State": "Florida", "id": "fd553f1b-4433-4fb2-a4e2-5658c6f83bf7", "Time And Conditions": "11 am, sunny, partly cloudy", "Civilian labor force": "151,335", "Nearest Town": "Ochopee", "Season": "Summer", "Class": "Class A", "Multiple Witnesses": "False", "jaccard_score": 0.0010287536649349314, "Forest cover rate": "42.4%", "Dte": "9", "Witness Count": "2.0", "City/Suburb/Town/Rural": "City", "Month": "January", "County": "Collier", "Year": "2006", "National Park Visitation Count": "8216644"}