{"Total Disasters": "1.0", "BigFoot Hotspot": "FALSE", "Unemployment_rate": "8.5", "Report Type": "Report", "State": "Florida", "id": "fd598859-14fc-4373-8446-2e36534049e2", "Time And Conditions": "10pm,dark outside, clear night, lights from the car on bright", "Civilian labor force": "649,668", "Nearest Town": "Chulaota, fl", "Season": "Fall", "Class": "Class B", "Multiple Witnesses": "True", "jaccard_score": 0.0010801913481816778, "Forest cover rate": "42.4%", "Dte": "19", "Witness Count": "5.0", "National Park Visitation Count": "11609978", "City/Suburb/Town/Rural": "City", "Month": "October", "County": "Orange", "Year": "2012", "Number of lakes": "over 2000"}