{"Total Disasters": "2.0", "BigFoot Hotspot": "FALSE", "Unemployment_rate": "6.4", "Report Type": "Report", "State": "North Carolina", "Month": "November", "id": "fd7dcf72-ae7f-4b87-bd46-5ff8cf712fa8", "Time And Conditions": "about 9 at night,full moon", "Civilian labor force": "19,498", "Nearest Town": "mocksville nc", "Season": "Summer", "Class": "Class A", "Multiple Witnesses": "True", "jaccard_score": 0.0010801913481816778, "Forest cover rate": "59.9%", "Dte": "16", "Witness Count": "4.0", "City/Suburb/Town/Rural": "City", "Number of lakes": "0-250", "County": "Davie", "Year": "2003", "National Park Visitation Count": ""}