{"Number of lakes": "5001-10000", "Total Disasters": "1.0", "BigFoot Hotspot": "FALSE", "Unemployment_rate": "5.0", "Report Type": "Report", "State": "Washington", "id": "fd8a9e5e-8ab1-4c5f-b22a-47899d9c70ba", "Time And Conditions": "it was about 8:30 dark kinda overcast", "Civilian labor force": "122,048", "Nearest Town": "indianola", "Season": "Fall", "Class": "Class B", "Multiple Witnesses": "True", "jaccard_score": 0.0010801913481816778, "Forest cover rate": "40.7%", "Dte": "1", "Witness Count": "4.0", "City/Suburb/Town/Rural": "City", "Month": "February", "County": "Kitsap", "Year": "2006", "National Park Visitation Count": "7091427"}