{"Total Disasters": "2.0", "BigFoot Hotspot": "FALSE", "Unemployment_rate": "5.0", "Report Type": "Report", "State": "Missouri", "Month": "January", "id": "fd9625a0-40b6-41fb-9e45-3075557cca32", "Time And Conditions": "Night, 12:00 AM - 2:00 AM.  Full-darkness", "Civilian labor force": "13,372", "Nearest Town": "Karlin, MO", "Season": "Summer", "Class": "Class B", "Multiple Witnesses": "True", "jaccard_score": 0.0010287536649349314, "Forest cover rate": "30.3%", "Dte": "20", "Witness Count": "5.0", "City/Suburb/Town/Rural": "City", "Number of lakes": "0-250", "County": "Polk", "Year": "2002", "National Park Visitation Count": "5353407"}