{"Total Disasters": "2.0", "BigFoot Hotspot": "FALSE", "Unemployment_rate": "4.9", "Report Type": "Report", "State": "Colorado", "id": "fda5aba1-cd6c-4384-8fc4-78082f44a2d6", "Time And Conditions": "Between 7 and 9.  It was dusk.", "Civilian labor force": "19,349", "Nearest Town": "Silverthorne", "Season": "Summer", "Class": "Class A", "Multiple Witnesses": "False", "jaccard_score": 0.0010287536649349314, "Forest cover rate": "17.5%", "Dte": "10", "Witness Count": "2.0", "National Park Visitation Count": "5905247", "City/Suburb/Town/Rural": "Town", "Month": "November", "County": "Summit", "Year": "2013", "Number of lakes": "501-1500"}