{"Total Disasters": "0.0", "BigFoot Hotspot": "FALSE", "Unemployment_rate": "4.3", "Report Type": "Report", "State": "Rhode Island", "id": "fdd1b75b-fbe5-4949-8365-13dbdd9b93d2", "Time And Conditions": "Night probably around 9pm EST", "Civilian labor force": "71,816", "Nearest Town": "Charlestown", "Season": "Summer", "Class": "Class A", "Multiple Witnesses": "False", "jaccard_score": 0.0010801913481816778, "Forest cover rate": "50.8%", "Dte": "22", "Witness Count": "1.0", "National Park Visitation Count": "", "City/Suburb/Town/Rural": "City", "Month": "July", "County": "Washington", "Year": "2003", "Number of lakes": "0-250"}