{"Total Disasters": "0.0", "BigFoot Hotspot": "FALSE", "Unemployment_rate": "6.4", "Report Type": "Report", "State": "Arkansas", "Month": "March", "id": "fdf9c672-2854-41f7-a301-1451c225f5d5", "Time And Conditions": "Around 7:55 P.M. Dark clear night. On the side of the road,  only my headlights lighting up the animal.", "Civilian labor force": "187,838", "Nearest Town": "Marche", "Season": "Winter", "Class": "Class A", "Multiple Witnesses": "False", "jaccard_score": 0.0010801913481816778, "Forest cover rate": "55.1%", "Dte": "3", "Witness Count": "1.0", "City/Suburb/Town/Rural": "City", "Number of lakes": "1501-2500", "County": "Pulaski", "Year": "2013", "National Park Visitation Count": "2727454"}