{"Total Disasters": "2.0", "BigFoot Hotspot": "FALSE", "Unemployment_rate": "7.2", "Report Type": "Report", "State": "Pennsylvania", "id": "fe050319-2a1e-4316-aea8-f9c5028a558a", "Time And Conditions": "about 3.00-3.30pm", "Civilian labor force": "7,771", "Nearest Town": "Coudesport,Sweden valley", "Season": "Fall", "Class": "Class B", "Multiple Witnesses": "False", "jaccard_score": 0.0010801913481816778, "Forest cover rate": "55.3%", "Dte": "30", "Witness Count": "1.0", "National Park Visitation Count": "", "City/Suburb/Town/Rural": "Rural", "Month": "July", "County": "Potter", "Year": "2008", "Number of lakes": "251-500"}