{"Total Disasters": "3.0", "BigFoot Hotspot": "FALSE", "Unemployment_rate": "8.6", "Report Type": "Report", "State": "Missouri", "Month": "October", "id": "fe0a11a3-5769-4b37-83e4-edcebc224236", "Time And Conditions": "Between 4:30am and 5:30am pre-dawn low light conditions.  I was laying on about a 30% grade so the mountainous terrain behind me was dark against a lighter pre-dawn backdrop which allowed me to make out the siloutte of a very broad shouldered shadow and head between two trees about 7 yards from where I was laying.", "Civilian labor force": "5,799", "Nearest Town": "Potosi", "Season": "Fall", "Class": "Class B", "Multiple Witnesses": "True", "jaccard_score": 0.0010801913481816778, "Forest cover rate": "30.3%", "Dte": "3", "Witness Count": "4.0", "City/Suburb/Town/Rural": "Rural", "Number of lakes": "0-250", "County": "Iron", "Year": "2009", "National Park Visitation Count": "3933043"}