{"Number of lakes": "5001-10000", "Total Disasters": "0.0", "BigFoot Hotspot": "TRUE", "Unemployment_rate": "4.6", "Report Type": "Report", "State": "Washington", "id": "fe3128a6-c5bd-45a3-b859-bb1ea7c3825a", "Time And Conditions": "It occurred at approximately 3:00 pm. The lighting conditions were low, due to tree and brush cover. The weather as I recall was off and on rain and sun breaks. It was not uncomfortably cold.", "Civilian labor force": "1,000,772", "Nearest Town": "Greenwater", "Season": "Spring", "Class": "Class B", "Multiple Witnesses": "False", "jaccard_score": 0.0010287536649349314, "Forest cover rate": "40.7%", "Dte": "21", "Witness Count": "0.0", "City/Suburb/Town/Rural": "City", "Month": "February", "County": "King", "Year": "2001", "National Park Visitation Count": "7275528"}