{"Total Disasters": "2.0", "BigFoot Hotspot": "FALSE", "Unemployment_rate": "14.2", "Report Type": "Report", "State": "Michigan", "id": "fe33856a-da72-400a-b34d-15da00ecd417", "Time And Conditions": "Aprox. 7:45pm it was very dark except for my campfire light...gusty strong winds.. light rain cloudy damp.", "Civilian labor force": "8,347", "Nearest Town": "Between St. Helen and Roscommon", "Season": "Fall", "Class": "Class B", "Multiple Witnesses": "False", "jaccard_score": 0.0010801913481816778, "Forest cover rate": "51.2%", "Dte": "20", "Witness Count": "1.0", "National Park Visitation Count": "1961506", "City/Suburb/Town/Rural": "Rural", "Month": "November", "County": "Roscommon", "Year": "2011", "Number of lakes": "over 2000"}