{"Total Disasters": "1.0", "BigFoot Hotspot": "FALSE", "Unemployment_rate": "", "Report Type": "Report", "State": "Kentucky", "id": "fe3b3f4b-2c60-4f2c-9862-44f8a0f5d331", "Time And Conditions": "Afternoon", "Civilian labor force": "", "Nearest Town": "Cary", "Season": "Unknown", "Class": "Class A", "Multiple Witnesses": "False", "jaccard_score": 0.0008744406151946916, "Forest cover rate": "48.6%", "Dte": "30", "Witness Count": "1.0", "National Park Visitation Count": "", "City/Suburb/Town/Rural": "", "Month": "October", "County": "Bell", "Year": "1998", "Number of lakes": "0-250"}