{"Number of lakes": "5001-10000", "Total Disasters": "1.0", "BigFoot Hotspot": "FALSE", "Unemployment_rate": "5.4", "Report Type": "Report", "State": "Washington", "id": "fe3fff79-0b45-4a12-bcfa-9baa57a81f60", "Time And Conditions": "it was doing the night", "Civilian labor force": "121,658", "Nearest Town": "Oakville Wa", "Season": "Spring", "Class": "Class B", "Multiple Witnesses": "False", "jaccard_score": 0.0010287536649349314, "Forest cover rate": "40.7%", "Dte": "1", "Witness Count": "1.0", "City/Suburb/Town/Rural": "City", "Month": "April", "County": "Thurston", "Year": "2005", "National Park Visitation Count": "7091427"}