{"Total Disasters": "0.0", "BigFoot Hotspot": "FALSE", "Unemployment_rate": "6.7", "Report Type": "Report", "State": "Oregon", "Month": "July", "id": "fe510682-cf08-4395-9255-a58d2ffc1230", "Time And Conditions": "Early morning some light fog and crisp.", "Civilian labor force": "34,910", "Nearest Town": "Valsetz Oregon", "Season": "Fall", "Class": "Class B", "Multiple Witnesses": "False", "jaccard_score": 0.0010801913481816778, "Forest cover rate": "38.8%", "Dte": "6", "Witness Count": "1.0", "City/Suburb/Town/Rural": "City", "Number of lakes": "501-1500", "County": "Polk", "Year": "2004", "National Park Visitation Count": "939732"}