{"Total Disasters": "0.0", "BigFoot Hotspot": "FALSE", "Unemployment_rate": "5.4", "Report Type": "Report", "State": "New York", "id": "fe53abdd-c557-4caf-becb-9c88d8cfc40a", "Time And Conditions": "", "Civilian labor force": "18,729", "Nearest Town": "Keene Valley", "Season": "Fall", "Class": "Class B", "Multiple Witnesses": "False", "jaccard_score": 0.0009773159816881848, "Forest cover rate": "50.9%", "Dte": "24", "Witness Count": "0.0", "National Park Visitation Count": "", "City/Suburb/Town/Rural": "Town", "Month": "June", "County": "Essex", "Year": "2005", "Number of lakes": "5001-10000"}