{"Total Disasters": "0.0", "BigFoot Hotspot": "FALSE", "Unemployment_rate": "4.1", "Report Type": "Report", "State": "Pennsylvania", "id": "fe5f0d18-09c0-4066-be11-bcfd3042a57f", "Time And Conditions": "The night was  bright moonlight night.  And the weather was very cold and had the smell of winter in it.", "Civilian labor force": "638,004", "Nearest Town": "Sewickley", "Season": "Fall", "Class": "Class A", "Multiple Witnesses": "False", "jaccard_score": 0.0010287536649349314, "Forest cover rate": "55.3%", "Dte": "21", "Witness Count": "0.0", "National Park Visitation Count": "12573707", "City/Suburb/Town/Rural": "City", "Month": "August", "County": "Allegheny", "Year": "2000", "Number of lakes": "251-500"}