{"Total Disasters": "3.0", "BigFoot Hotspot": "FALSE", "Unemployment_rate": "", "Report Type": "Report", "State": "Mississippi", "id": "fe68ada2-7f0b-4f50-be7b-84265d9af2c4", "Time And Conditions": "", "Civilian labor force": "", "Nearest Town": "", "Season": "Summer", "Class": "Class A", "Multiple Witnesses": "False", "jaccard_score": 0.0008230029319479451, "Forest cover rate": "61.9%", "Dte": "1", "Witness Count": "0.0", "National Park Visitation Count": "", "City/Suburb/Town/Rural": "", "Month": "March", "County": "Hancock", "Year": "1998", "Number of lakes": "0-250"}