{"Total Disasters": "1.0", "BigFoot Hotspot": "TRUE", "Unemployment_rate": "4.8", "Report Type": "Report", "State": "Washington", "id": "fe6a8d67-2619-4a67-aba7-9d75a77b1a1b", "Time And Conditions": "It was late afternoon between three and five on a warm and sunny day.", "Civilian labor force": "346,287", "Nearest Town": "Skykomish", "Season": "Summer", "Class": "Class B", "Multiple Witnesses": "False", "jaccard_score": 0.0010801913481816778, "Forest cover rate": "40.7%", "Dte": "31", "Witness Count": "2.0", "National Park Visitation Count": "6436086", "City/Suburb/Town/Rural": "City", "Month": "October", "County": "Snohomish", "Year": "2005", "Number of lakes": "5001-10000"}