{"Total Disasters": "3.0", "BigFoot Hotspot": "FALSE", "Unemployment_rate": "7.6", "Report Type": "Report", "State": "Ohio", "Month": "August", "id": "fe6b6a6b-b434-4711-a13a-3f2ddb1f90e6", "Time And Conditions": "Not quite dusk.  Clear evening", "Civilian labor force": "41,764", "Nearest Town": "Zanesville", "Season": "Summer", "Class": "Class A", "Multiple Witnesses": "False", "jaccard_score": 0.0010801913481816778, "Forest cover rate": "28.9%", "Dte": "7", "Witness Count": "1.0", "City/Suburb/Town/Rural": "Suburb", "Number of lakes": "0-250", "County": "Muskingum", "Year": "2003", "National Park Visitation Count": "3212800"}