{"Total Disasters": "1.0", "BigFoot Hotspot": "FALSE", "Unemployment_rate": "", "Report Type": "Report", "State": "California", "id": "fe753baf-b80d-496e-8f56-33deb887522d", "Time And Conditions": "", "Civilian labor force": "", "Nearest Town": "", "Season": "Summer", "Class": "Class A", "Multiple Witnesses": "False", "jaccard_score": 0.0008744406151946916, "Forest cover rate": "17.8%", "Dte": "7", "Witness Count": "0.0", "National Park Visitation Count": "34569619", "City/Suburb/Town/Rural": "", "Month": "July", "County": "El Dorado", "Year": "1997", "Number of lakes": "2501-5000"}