{"Number of lakes": "5001-10000", "Total Disasters": "1.0", "BigFoot Hotspot": "TRUE", "Unemployment_rate": "5.3", "Report Type": "Report", "State": "Washington", "id": "fe7a6364-129e-4dfc-b41a-0ffda12bd8b2", "Time And Conditions": "early morning just about sunrise. The weather was clear and cold.", "Civilian labor force": "415,999", "Nearest Town": "Buckley", "Season": "Fall", "Class": "Class B", "Multiple Witnesses": "True", "jaccard_score": 0.0010801913481816778, "Forest cover rate": "40.7%", "Dte": "1", "Witness Count": "3.0", "City/Suburb/Town/Rural": "City", "Month": "January", "County": "Pierce", "Year": "2017", "National Park Visitation Count": "7652073"}