{"Number of lakes": "5001-10000", "Total Disasters": "3.0", "BigFoot Hotspot": "TRUE", "Unemployment_rate": "8.0", "Report Type": "Report", "State": "Washington", "id": "fe8c1a64-54d3-4e7f-bf5a-393c7add293f", "Time And Conditions": "at night ...1130 to about 0430", "Civilian labor force": "31,850", "Nearest Town": "montesano", "Season": "Spring", "Class": "Class B", "Multiple Witnesses": "True", "jaccard_score": 0.0010801913481816778, "Forest cover rate": "40.7%", "Dte": "14", "Witness Count": "6.0", "City/Suburb/Town/Rural": "Suburb", "Month": "May", "County": "Grays Harbor", "Year": "2008", "National Park Visitation Count": "7140553"}