{"Number of lakes": "over 2000", "Total Disasters": "3.0", "BigFoot Hotspot": "FALSE", "Unemployment_rate": "5.2", "Report Type": "Report", "State": "Florida", "id": "fea0c6d9-555b-4926-9de9-768497eba0f2", "Time And Conditions": "11:20 a.m.", "Civilian labor force": "16,702", "Nearest Town": "Nearest town, Cedar Key", "Season": "Fall", "Class": "Class A", "Multiple Witnesses": "False", "jaccard_score": 0.0010801913481816778, "Forest cover rate": "42.4%", "Dte": "11", "Witness Count": "2.0", "City/Suburb/Town/Rural": "Town", "Month": "September", "County": "Levy", "Year": "2016", "National Park Visitation Count": "12048191"}