{"Total Disasters": "5.0", "BigFoot Hotspot": "FALSE", "Unemployment_rate": "4.6", "Report Type": "Report", "State": "North Carolina", "Month": "August", "id": "fea211d5-df7c-47ef-aecc-9f1a45c6d62b", "Time And Conditions": "just after the sun went down not light enough to really see well but not pitchblack either not a heavy fog but misty", "Civilian labor force": "114,238", "Nearest Town": "Barnardsville", "Season": "Fall", "Class": "Class B", "Multiple Witnesses": "False", "jaccard_score": 0.0010801913481816778, "Forest cover rate": "59.9%", "Dte": "25", "Witness Count": "1.0", "City/Suburb/Town/Rural": "City", "Number of lakes": "0-250", "County": "Buncombe", "Year": "2004", "National Park Visitation Count": "19876216"}