{"Number of lakes": "1501-2500", "Total Disasters": "0.0", "BigFoot Hotspot": "FALSE", "Unemployment_rate": "4.8", "Report Type": "Report", "State": "Arkansas", "id": "fea5c99a-4afc-449c-8764-dcc5dcaaab24", "Time And Conditions": "A clear moonlight and cold night in Jan/Feb 2000 around 1 to 3am", "Civilian labor force": "18,873", "Nearest Town": "Fouke, Arkansas", "Season": "Winter", "Class": "Class A", "Multiple Witnesses": "False", "jaccard_score": 0.0010801913481816778, "Forest cover rate": "55.1%", "Dte": "11", "Witness Count": "2.0", "City/Suburb/Town/Rural": "City", "Month": "February", "County": "Miller", "Year": "2004", "National Park Visitation Count": "2243965"}