{"Total Disasters": "0.0", "BigFoot Hotspot": "FALSE", "Unemployment_rate": "5.1", "Report Type": "Report", "State": "Idaho", "Month": "February", "id": "feb08144-8ede-4e72-bca0-490796712e8c", "Time And Conditions": "About 4:00 PM.  It was a nice Autumn day, sunny and cool.", "Civilian labor force": "20,432", "Nearest Town": "Sandpoint", "Season": "Fall", "Class": "Class A", "Multiple Witnesses": "False", "jaccard_score": 0.0010801913481816778, "Forest cover rate": "31.8%", "Dte": "6", "Witness Count": "1.0", "City/Suburb/Town/Rural": "Suburb", "Number of lakes": "1501-2500", "County": "Bonner", "Year": "2005", "National Park Visitation Count": ""}