{"Total Disasters": "0.0", "BigFoot Hotspot": "FALSE", "Unemployment_rate": "", "Report Type": "Report", "State": "Louisiana", "id": "fec20eb4-d24d-4cec-a3b4-e6d1bc8ddd4f", "Time And Conditions": "", "Civilian labor force": "", "Nearest Town": "", "Season": "Summer", "Class": "Class A", "Multiple Witnesses": "False", "jaccard_score": 0.0008744406151946916, "Forest cover rate": "49.2%", "Dte": "5", "Witness Count": "1.0", "National Park Visitation Count": "193121", "City/Suburb/Town/Rural": "", "Month": "December", "County": "Vernon", "Year": "1997", "Number of lakes": "0-250"}