{"Total Disasters": "7.0", "BigFoot Hotspot": "FALSE", "Unemployment_rate": "4.6", "Report Type": "Report", "State": "Texas", "id": "fec57fa5-2ceb-4b5d-baa6-11bc0f680480", "Time And Conditions": "Late afternoon, filtered sunlight, clear, long shadows", "Civilian labor force": "11,744", "Nearest Town": "Coldspring", "Season": "Summer", "Class": "Class B", "Multiple Witnesses": "False", "jaccard_score": 0.0010801913481816778, "Forest cover rate": "7%", "Dte": "22", "Witness Count": "0.0", "National Park Visitation Count": "6938238", "City/Suburb/Town/Rural": "Rural", "Month": "September", "County": "San Jacinto", "Year": "2019", "Number of lakes": "5001-10000"}