{"Total Disasters": "1.0", "BigFoot Hotspot": "FALSE", "Unemployment_rate": "6.9", "Report Type": "Report", "State": "Ohio", "Month": "May", "id": "fec6e8b9-d960-4a11-86d6-0eb5a9e8b09a", "Time And Conditions": "about 11 pm", "Civilian labor force": "14,107", "Nearest Town": "malvern", "Season": "Spring", "Class": "Class A", "Multiple Witnesses": "False", "jaccard_score": 0.0010801913481816778, "Forest cover rate": "28.9%", "Dte": "30", "Witness Count": "2.0", "City/Suburb/Town/Rural": "City", "Number of lakes": "0-250", "County": "Carroll", "Year": "2005", "National Park Visitation Count": "2784106"}