{"Total Disasters": "3.0", "BigFoot Hotspot": "FALSE", "Unemployment_rate": "5.6", "Report Type": "Report", "State": "Georgia", "Month": "April", "id": "fed85609-83e5-4641-b5df-b86db151bcc6", "Time And Conditions": "9:00 a.m.", "Civilian labor force": "10,346", "Nearest Town": "Swainsboro", "Season": "Spring", "Class": "Class A", "Multiple Witnesses": "True", "jaccard_score": 0.0010287536649349314, "Forest cover rate": "64.2%", "Dte": "7", "Witness Count": "3.0", "City/Suburb/Town/Rural": "Rural", "Number of lakes": "0-250", "County": "Emanuel", "Year": "2004", "National Park Visitation Count": "6375448"}