{"Total Disasters": "5.0", "BigFoot Hotspot": "FALSE", "Unemployment_rate": "10.9", "Report Type": "Report", "State": "Illinois", "id": "fee4b5cd-35d6-454b-8275-bd4ef3feb036", "Time And Conditions": "It was right after I had graduated from high school or the year after, I don't remember know.", "Civilian labor force": "16,194", "Nearest Town": "Cuba", "Season": "Summer", "Class": "Class B", "Multiple Witnesses": "True", "jaccard_score": 0.0010801913481816778, "Forest cover rate": "11.5%", "Dte": "4", "Witness Count": "4.0", "National Park Visitation Count": "385683", "City/Suburb/Town/Rural": "Suburb", "Month": "January", "County": "Fulton", "Year": "2013", "Number of lakes": "0-250"}