{"Number of lakes": "5001-10000", "Total Disasters": "1.0", "BigFoot Hotspot": "FALSE", "Unemployment_rate": "8.1", "Report Type": "Report", "State": "Washington", "id": "fee87e15-cff0-43f5-999f-967ebcd0328f", "Time And Conditions": "Just after dark.", "Civilian labor force": "17,894", "Nearest Town": "Colville", "Season": "Fall", "Class": "Class B", "Multiple Witnesses": "True", "jaccard_score": 0.0010801913481816778, "Forest cover rate": "40.7%", "Dte": "26", "Witness Count": "3.0", "City/Suburb/Town/Rural": "City", "Month": "April", "County": "Stevens", "Year": "2016", "National Park Visitation Count": "7347284"}