{"Total Disasters": "1.0", "BigFoot Hotspot": "FALSE", "Unemployment_rate": "6.8", "Report Type": "Report", "State": "Texas", "id": "feecd72e-bb6a-420c-becf-c481d5b8f826", "Time And Conditions": "Mid-afternoon to early evening. It was a cool, clear day.", "Civilian labor force": "38,283", "Nearest Town": "Quinlan", "Season": "Winter", "Class": "Class A", "Multiple Witnesses": "False", "jaccard_score": 0.0010287536649349314, "Forest cover rate": "7%", "Dte": "24", "Witness Count": "1.0", "National Park Visitation Count": "5401275", "City/Suburb/Town/Rural": "City", "Month": "December", "County": "Hunt", "Year": "2003", "Number of lakes": "5001-10000"}