{"Total Disasters": "0.0", "BigFoot Hotspot": "FALSE", "Unemployment_rate": "4.1", "Report Type": "Report", "State": "West Virginia", "id": "feed3ab7-19af-471e-87c9-c8b02d6a564e", "Time And Conditions": "always at night - very dark nights, clear and cold", "Civilian labor force": "3,677", "Nearest Town": "Circleville, West Virginia", "Season": "Fall", "Class": "Class B", "Multiple Witnesses": "False", "jaccard_score": 0.0010287536649349314, "Forest cover rate": "77.2%", "Dte": "25", "Witness Count": "0.0", "National Park Visitation Count": "1831716", "City/Suburb/Town/Rural": "Rural", "Month": "November", "County": "Pendleton", "Year": "2005", "Number of lakes": "0-250"}