{"Total Disasters": "3.0", "BigFoot Hotspot": "FALSE", "Unemployment_rate": "7.1", "Report Type": "Report", "State": "Ohio", "id": "fef8c864-0531-433b-a561-6d6471d5a4ec", "Time And Conditions": "It was a cold night the lighting was good and there was snow on the ground. I didnt have my head lights on.he was just standing on the edge of the woods near the trash bin.then moved back slowly while looking at me with a sincere look of friendship. I looked for him many times after that and never saw him again. The time had to be around 8 PM since I got off work at 7:30 PM.", "Civilian labor force": "106,236", "Nearest Town": "Youngstown, Ohio", "Season": "Winter", "Class": "Class B", "Multiple Witnesses": "False", "jaccard_score": 0.0010801913481816778, "Forest cover rate": "28.9%", "Dte": "8", "Witness Count": "2.0", "National Park Visitation Count": "3776137", "City/Suburb/Town/Rural": "City", "Month": "November", "County": "Trumbull", "Year": "2002", "Number of lakes": "0-250"}