{"Total Disasters": "3.0", "BigFoot Hotspot": "FALSE", "Unemployment_rate": "4.8", "Report Type": "Report", "State": "California", "id": "ff1181e1-4ec7-422d-b71a-ba259e5cc1b8", "Time And Conditions": "Deepening dusk.", "Civilian labor force": "8,143", "Nearest Town": "Tioga Pass, Yosemite", "Season": "Summer", "Class": "Class B", "Multiple Witnesses": "False", "jaccard_score": 0.0010801913481816778, "Forest cover rate": "17.8%", "Dte": "1", "Witness Count": "2.0", "National Park Visitation Count": "34396905", "City/Suburb/Town/Rural": "Rural", "Month": "August", "County": "Mono", "Year": "2007", "Number of lakes": "2501-5000"}