{"Total Disasters": "3.0", "BigFoot Hotspot": "FALSE", "Unemployment_rate": "8.1", "Report Type": "Report", "State": "Ohio", "Month": "May", "id": "ff19c178-1f97-47d7-8e8f-8105c5e195b7", "Time And Conditions": "12:30 AM...dark, only light was from car lights.", "Civilian labor force": "16,611", "Nearest Town": "Moxahala", "Season": "Spring", "Class": "Class A", "Multiple Witnesses": "True", "jaccard_score": 0.0010801913481816778, "Forest cover rate": "28.9%", "Dte": "11", "Witness Count": "5.0", "City/Suburb/Town/Rural": "City", "Number of lakes": "0-250", "County": "Perry", "Year": "2003", "National Park Visitation Count": "3212800"}