{"Total Disasters": "2.0", "BigFoot Hotspot": "FALSE", "Unemployment_rate": "11.8", "Report Type": "Report", "State": "Michigan", "id": "ff2bc709-596e-422a-b4cd-e24534d068a9", "Time And Conditions": "Around 1-2 in the afternoon.  Sunny summer day.  Warm.", "Civilian labor force": "10,808", "Nearest Town": "Indian River", "Season": "Summer", "Class": "Class A", "Multiple Witnesses": "True", "jaccard_score": 0.0010801913481816778, "Forest cover rate": "51.2%", "Dte": "6", "Witness Count": "4.0", "National Park Visitation Count": "1628704", "City/Suburb/Town/Rural": "Rural", "Month": "April", "County": "Cheboygan", "Year": "2011", "Number of lakes": "over 2000"}