{"Total Disasters": "1.0", "BigFoot Hotspot": "FALSE", "Unemployment_rate": "5.6", "Report Type": "Report", "State": "California", "Month": "April", "id": "ff2d87cd-e47b-43f9-aefe-ddc99c5996aa", "Time And Conditions": "The screams happened between 9:30 and 10:30 PM. It was a clear calm night with no wind. I think that there was a partial moon out. The roars happened just as it was breaking day in the east. Probably about 5:00 or 5:30 AM. It was still clear and calm.", "Civilian labor force": "87,454", "Nearest Town": "Placerville, California", "Season": "Summer", "Class": "Class B", "Multiple Witnesses": "False", "jaccard_score": 0.0010801913481816778, "Forest cover rate": "17.8%", "Dte": "4", "Witness Count": "2.0", "City/Suburb/Town/Rural": "City", "Number of lakes": "2501-5000", "County": "El Dorado", "Year": "2003", "National Park Visitation Count": "34410505"}