{"Total Disasters": "1.0", "BigFoot Hotspot": "TRUE", "Unemployment_rate": "6.2", "Report Type": "Report", "State": "Washington", "id": "ff39f185-2039-4ed0-ab80-eff82103ec5a", "Time And Conditions": "Early morning (after midnight) Maybe between 1AM and 3AM. Clear winter night. Full moon.", "Civilian labor force": "368,325", "Nearest Town": "Ft.Lewis", "Season": "Winter", "Class": "Class B", "Multiple Witnesses": "False", "jaccard_score": 0.0010801913481816778, "Forest cover rate": "40.7%", "Dte": "20", "Witness Count": "0.0", "National Park Visitation Count": "", "City/Suburb/Town/Rural": "City", "Month": "June", "County": "Pierce", "Year": "2005", "Number of lakes": "5001-10000"}