{"Number of lakes": "5001-10000", "Total Disasters": "1.0", "BigFoot Hotspot": "FALSE", "Unemployment_rate": "", "Report Type": "Report", "State": "Washington", "id": "ff3f5385-3ab3-4c29-b1e3-24005a5c189f", "Time And Conditions": "", "Civilian labor force": "", "Nearest Town": "Blewett Pass", "Season": "Spring", "Class": "Class B", "Multiple Witnesses": "False", "jaccard_score": 0.0008744406151946916, "Forest cover rate": "40.7%", "Dte": "28", "Witness Count": "1.0", "City/Suburb/Town/Rural": "", "Month": "January", "County": "Chelan", "Year": "1996", "National Park Visitation Count": "7769116"}