{"Total Disasters": "6.0", "BigFoot Hotspot": "FALSE", "Unemployment_rate": "6.6", "Report Type": "Report", "State": "Oklahoma", "Month": "October", "id": "ff3fd756-cc1d-4c4d-9d4f-0c24f8e04ef2", "Time And Conditions": "Dark at 6:15 am", "Civilian labor force": "324,010", "Nearest Town": "Collinsville", "Season": "Fall", "Class": "Class B", "Multiple Witnesses": "False", "jaccard_score": 0.0010801913481816778, "Forest cover rate": "14.2%", "Dte": "17", "Witness Count": "0.0", "City/Suburb/Town/Rural": "City", "Number of lakes": "0-250", "County": "Tulsa", "Year": "2020", "National Park Visitation Count": "1360642"}