{"Total Disasters": "0.0", "BigFoot Hotspot": "FALSE", "Unemployment_rate": "5.4", "Report Type": "Report", "State": "Washington", "id": "ff484ff6-38c5-4f97-975f-c0d6d44df5de", "Time And Conditions": "", "Civilian labor force": "63,098", "Nearest Town": "concrete", "Season": "Summer", "Class": "Class B", "Multiple Witnesses": "False", "jaccard_score": 0.0010801913481816778, "Forest cover rate": "40.7%", "Dte": "19", "Witness Count": "1.0", "National Park Visitation Count": "8346141", "City/Suburb/Town/Rural": "City", "Month": "January", "County": "Skagit", "Year": "2019", "Number of lakes": "5001-10000"}