{"Total Disasters": "2.0", "BigFoot Hotspot": "FALSE", "Unemployment_rate": "2.4", "Report Type": "Report", "State": "Florida", "id": "ff4a1239-c7b7-4296-9fe1-169498c27e37", "Time And Conditions": "this happened  around 10:30pm", "Civilian labor force": "151,335", "Nearest Town": "ochopee", "Season": "Summer", "Class": "Class B", "Multiple Witnesses": "False", "jaccard_score": 0.0010287536649349314, "Forest cover rate": "42.4%", "Dte": "25", "Witness Count": "2.0", "National Park Visitation Count": "9550837", "City/Suburb/Town/Rural": "City", "Month": "July", "County": "Collier", "Year": "2006", "Number of lakes": "over 2000"}