{"Total Disasters": "2.0", "BigFoot Hotspot": "TRUE", "Unemployment_rate": "9.0", "Report Type": "Report", "State": "California", "Month": "November", "id": "ff5e8516-0141-4919-9c24-cb81700ca908", "Time And Conditions": "11AM or pretty close.", "Civilian labor force": "18,995", "Nearest Town": "Hilt, Ca.", "Season": "Winter", "Class": "Class A", "Multiple Witnesses": "False", "jaccard_score": 0.0010801913481816778, "Forest cover rate": "17.8%", "Dte": "10", "Witness Count": "0.0", "City/Suburb/Town/Rural": "Town", "Number of lakes": "2501-5000", "County": "Siskiyou", "Year": "2002", "National Park Visitation Count": "23678129"}