{"Total Disasters": "2.0", "BigFoot Hotspot": "FALSE", "Unemployment_rate": "7.1", "Report Type": "Report", "State": "Delaware", "id": "ff5e60c0-e3ff-43b7-9962-00ec7bc11f53", "Time And Conditions": "The time was 6.47pm and the sun had been down for about 1 hour lighting was poor", "Civilian labor force": "93,026", "Nearest Town": "Milton", "Season": "Fall", "Class": "Class B", "Multiple Witnesses": "False", "jaccard_score": 0.0010801913481816778, "Forest cover rate": "30%", "Dte": "14", "Witness Count": "1.0", "National Park Visitation Count": "", "City/Suburb/Town/Rural": "City", "Month": "November", "County": "Sussex", "Year": "2012", "Number of lakes": "0-250"}