{"Total Disasters": "0.0", "BigFoot Hotspot": "FALSE", "Unemployment_rate": "4.3", "Report Type": "Report", "State": "Missouri", "Month": "October", "id": "ff71c543-7854-4024-83db-85439f274c87", "Time And Conditions": "Sometime after dark on a very bright moonlight night.  The moon was full and you could read by moonlight alone.  Excellent conditions.", "Civilian labor force": "11,397", "Nearest Town": "Cook Station or Wesco", "Season": "Summer", "Class": "Class A", "Multiple Witnesses": "True", "jaccard_score": 0.0010801913481816778, "Forest cover rate": "30.3%", "Dte": "23", "Witness Count": "4.0", "City/Suburb/Town/Rural": "Rural", "Number of lakes": "0-250", "County": "Crawford", "Year": "2000", "National Park Visitation Count": ""}