{"Number of lakes": "over 2000", "Total Disasters": "0.0", "BigFoot Hotspot": "FALSE", "Unemployment_rate": "7.6", "Report Type": "Report", "State": "Florida", "id": "ff71014d-5d05-4566-938a-34bbcc51bd3b", "Time And Conditions": "2-230 AM", "Civilian labor force": "298,348", "Nearest Town": "Ft. Myers", "Season": "Fall", "Class": "Class A", "Multiple Witnesses": "False", "jaccard_score": 0.0010287536649349314, "Forest cover rate": "42.4%", "Dte": "10", "Witness Count": "0.0", "City/Suburb/Town/Rural": "City", "Month": "January", "County": "Lee", "Year": "2013", "National Park Visitation Count": "10528605"}