{"Total Disasters": "1.0", "BigFoot Hotspot": "FALSE", "Unemployment_rate": "4.9", "Report Type": "Report", "State": "Washington", "id": "ff787de6-9184-4f01-b029-16dc116f4add", "Time And Conditions": "2:00 A.M.", "Civilian labor force": "109,801", "Nearest Town": "Yelm", "Season": "Summer", "Class": "Class B", "Multiple Witnesses": "False", "jaccard_score": 0.0010287536649349314, "Forest cover rate": "40.7%", "Dte": "6", "Witness Count": "1.0", "National Park Visitation Count": "5377528", "City/Suburb/Town/Rural": "City", "Month": "February", "County": "Thurston", "Year": "2000", "Number of lakes": "5001-10000"}