{"Total Disasters": "3.0", "BigFoot Hotspot": "FALSE", "Unemployment_rate": "9.0", "Report Type": "Report", "State": "Michigan", "id": "ff82641d-1ca0-456b-8b66-e3902c01ffb6", "Time And Conditions": "Late afternoon.", "Civilian labor force": "8,833", "Nearest Town": "Bendon", "Season": "Spring", "Class": "Class A", "Multiple Witnesses": "False", "jaccard_score": 0.0010801913481816778, "Forest cover rate": "51.2%", "Dte": "21", "Witness Count": "2.0", "National Park Visitation Count": "", "City/Suburb/Town/Rural": "Town", "Month": "September", "County": "Benzie", "Year": "2008", "Number of lakes": "over 2000"}