{"Number of lakes": "over 2000", "Total Disasters": "3.0", "BigFoot Hotspot": "FALSE", "Unemployment_rate": "5.5", "Report Type": "Report", "State": "Michigan", "id": "ff8812e6-bcdc-477a-ba64-7f42b6ae8c18", "Time And Conditions": "It was a clear day dusk low light conditions", "Civilian labor force": "11,583", "Nearest Town": "Norway", "Season": "Summer", "Class": "Class B", "Multiple Witnesses": "False", "jaccard_score": 0.0010801913481816778, "Forest cover rate": "51.2%", "Dte": "23", "Witness Count": "1.0", "City/Suburb/Town/Rural": "Town", "Month": "February", "County": "Menominee", "Year": "2015", "National Park Visitation Count": "1989195"}