{"Number of lakes": "over 2000", "Total Disasters": "0.0", "BigFoot Hotspot": "FALSE", "Unemployment_rate": "", "Report Type": "Report", "State": "Alaska", "id": "ff917e9b-a8b1-4b25-8222-ec88f85316c4", "Time And Conditions": "", "Civilian labor force": "", "Nearest Town": "", "Season": "Fall", "Class": "Class A", "Multiple Witnesses": "False", "jaccard_score": 0.0008230029319479451, "Forest cover rate": "30.4%", "Dte": "4", "Witness Count": "1.0", "City/Suburb/Town/Rural": "", "Month": "December", "County": "Fairbanks", "Year": "1997", "National Park Visitation Count": ""}