{"Total Disasters": "2.0", "BigFoot Hotspot": "FALSE", "Unemployment_rate": "11.8", "Report Type": "Report", "State": "Alabama", "id": "ff927175-73fc-46f8-b5b3-2c2b7c4f11c3", "Time And Conditions": "3:30 am 4am,ish", "Civilian labor force": "7,976", "Nearest Town": "Gainestown", "Season": "Summer", "Class": "Class A", "Multiple Witnesses": "False", "jaccard_score": 0.0010801913481816778, "Forest cover rate": "70.6%", "Dte": "9", "Witness Count": "0.0", "National Park Visitation Count": "387470", "City/Suburb/Town/Rural": "Rural", "Month": "July", "County": "Clarke", "Year": "2015", "Number of lakes": "0-250"}