{"Total Disasters": "5.0", "BigFoot Hotspot": "FALSE", "Unemployment_rate": "9.5", "Report Type": "Report", "State": "Tennessee", "Month": "February", "id": "ff98b50d-ab0d-4c96-9654-f973e4900f1e", "Time And Conditions": "It was late between 10:00pm and midnight. There were no street lights so it was pitch dark on what I believe was a clear night.", "Civilian labor force": "80,084", "Nearest Town": "Hendersonville", "Season": "Spring", "Class": "Class A", "Multiple Witnesses": "True", "jaccard_score": 0.0010801913481816778, "Forest cover rate": "52.9%", "Dte": "8", "Witness Count": "6.0", "City/Suburb/Town/Rural": "City", "Number of lakes": "0-250", "County": "Sumner", "Year": "2009", "National Park Visitation Count": ""}