{"Total Disasters": "1.0", "BigFoot Hotspot": "FALSE", "Unemployment_rate": "10.3", "Report Type": "Report", "State": "Illinois", "Month": "December", "id": "ff993baf-1ba9-415a-b37a-660246a61de4", "Time And Conditions": "It was an overcast, around 1:00 in the afternoon.", "Civilian labor force": "138,151", "Nearest Town": "Hamel", "Season": "Winter", "Class": "Class B", "Multiple Witnesses": "False", "jaccard_score": 0.0010287536649349314, "Forest cover rate": "11.5%", "Dte": "18", "Witness Count": "1.0", "City/Suburb/Town/Rural": "City", "Number of lakes": "0-250", "County": "Madison", "Year": "2009", "National Park Visitation Count": "464074"}