{"Number of lakes": "5001-10000", "Total Disasters": "1.0", "BigFoot Hotspot": "FALSE", "Unemployment_rate": "8.6", "Report Type": "Report", "State": "Washington", "id": "ff9e2659-a846-46ae-9210-673feff74b2a", "Time And Conditions": "night, very dark night", "Civilian labor force": "5,058", "Nearest Town": "Metaline Falls", "Season": "Spring", "Class": "Class B", "Multiple Witnesses": "False", "jaccard_score": 0.0010801913481816778, "Forest cover rate": "40.7%", "Dte": "6", "Witness Count": "0.0", "City/Suburb/Town/Rural": "City", "Month": "April", "County": "Pend Oreille", "Year": "2005", "National Park Visitation Count": "7665032"}