{"Number of lakes": "5001-10000", "Total Disasters": "2.0", "BigFoot Hotspot": "TRUE", "Unemployment_rate": "10.1", "Report Type": "Report", "State": "Washington", "id": "ffc0c8e3-3710-4651-a619-dd18809bca9b", "Time And Conditions": "Between 3:00am and 4:00am, it was a warm calm night following two cold nights.", "Civilian labor force": "4,758", "Nearest Town": "Cougar, WA", "Season": "Summer", "Class": "Class B", "Multiple Witnesses": "False", "jaccard_score": 0.0010287536649349314, "Forest cover rate": "40.7%", "Dte": "29", "Witness Count": "2.0", "City/Suburb/Town/Rural": "City", "Month": "June", "County": "Skamania", "Year": "2003", "National Park Visitation Count": "7123463"}