{"Total Disasters": "0.0", "BigFoot Hotspot": "FALSE", "Unemployment_rate": "4.7", "Report Type": "Report", "State": "California", "Month": "September", "id": "ffc1ad16-2884-4d94-bfe7-9ef106e7c0ee", "Time And Conditions": "about 1:00 am..very dark...moonlight (some)", "Civilian labor force": "7,594", "Nearest Town": "Mammoth Lakes CA", "Season": "Spring", "Class": "Class B", "Multiple Witnesses": "True", "jaccard_score": 0.0010801913481816778, "Forest cover rate": "17.8%", "Dte": "10", "Witness Count": "5.0", "City/Suburb/Town/Rural": "Rural", "Number of lakes": "2501-5000", "County": "Mono", "Year": "2001", "National Park Visitation Count": "32554774"}