{"Total Disasters": "2.0", "BigFoot Hotspot": "FALSE", "Unemployment_rate": "7.0", "Report Type": "Report", "State": "Tennessee", "Month": "April", "id": "ffc7e388-5100-402e-bf2d-2bec71f1a0c6", "Time And Conditions": "Mid Morning", "Civilian labor force": "48,557", "Nearest Town": "Smokemont", "Season": "Spring", "Class": "Class A", "Multiple Witnesses": "False", "jaccard_score": 0.0010287536649349314, "Forest cover rate": "52.9%", "Dte": "21", "Witness Count": "2.0", "City/Suburb/Town/Rural": "Suburb", "Number of lakes": "0-250", "County": "Sevier", "Year": "2008", "National Park Visitation Count": ""}