{"Total Disasters": "2.0", "BigFoot Hotspot": "FALSE", "Unemployment_rate": "4.7", "Report Type": "Report", "State": "Pennsylvania", "id": "ffd57d00-c727-4076-a0aa-71745892cc84", "Time And Conditions": "close to noon,lighting conditions were overcast", "Civilian labor force": "196,986", "Nearest Town": "", "Season": "Winter", "Class": "Class A", "Multiple Witnesses": "False", "jaccard_score": 0.0010801913481816778, "Forest cover rate": "55.3%", "Dte": "4", "Witness Count": "1.0", "National Park Visitation Count": "11660942", "City/Suburb/Town/Rural": "City", "Month": "July", "County": "Berks", "Year": "2001", "Number of lakes": "251-500"}