{"Total Disasters": "2.0", "BigFoot Hotspot": "FALSE", "Unemployment_rate": "5.3", "Report Type": "Report", "State": "Missouri", "Month": "May", "id": "ffdbd79f-4210-43aa-a18b-e99cf516cbee", "Time And Conditions": "Late afternoon, clear skies, warm (75-80 degrees), filtered light through trees.", "Civilian labor force": "16,589", "Nearest Town": "Fort Leonard Wood", "Season": "Spring", "Class": "Class A", "Multiple Witnesses": "False", "jaccard_score": 0.0010801913481816778, "Forest cover rate": "30.3%", "Dte": "28", "Witness Count": "0.0", "City/Suburb/Town/Rural": "Town", "Number of lakes": "0-250", "County": "Pulaski", "Year": "2002", "National Park Visitation Count": "4563418"}