{"Number of lakes": "over 2000", "Total Disasters": "4.0", "BigFoot Hotspot": "FALSE", "Unemployment_rate": "3.9", "Report Type": "Report", "State": "Florida", "id": "fff6adf9-f3a8-46d0-ad6e-15318b22789d", "Time And Conditions": "@10-11:00 pm", "Civilian labor force": "118,625", "Nearest Town": "Dunnellon", "Season": "Fall", "Class": "Class B", "Multiple Witnesses": "False", "jaccard_score": 0.0010801913481816778, "Forest cover rate": "42.4%", "Dte": "2", "Witness Count": "2.0", "City/Suburb/Town/Rural": "City", "Month": "January", "County": "Marion", "Year": "2004", "National Park Visitation Count": "6005649"}