{"Total Disasters": "0.0", "BigFoot Hotspot": "FALSE", "Unemployment_rate": "9.8", "Report Type": "Report", "State": "New York", "Month": "May", "id": "fffc5421-380c-45e6-8de5-1007b60292a0", "Time And Conditions": "130 am cloudy and warm and very dark out", "Civilian labor force": "27,264", "Nearest Town": "caroga lake", "Season": "Summer", "Class": "Class B", "Multiple Witnesses": "False", "jaccard_score": 0.0010801913481816778, "Forest cover rate": "50.9%", "Dte": "5", "Witness Count": "1.0", "City/Suburb/Town/Rural": "Suburb", "Number of lakes": "5001-10000", "County": "Fulton", "Year": "2009", "National Park Visitation Count": "16737541"}