{"Total Disasters": "4.0", "BigFoot Hotspot": "FALSE", "Unemployment_rate": "5.6", "Report Type": "Report", "State": "Alabama", "id": "fffe706e-ae5b-431e-bb8e-3f73ea247e00", "Time And Conditions": "Took place around or shortly after noon. As I recall it was clear and sunny, humid and typical April temps\u0085high 70\u0092s or so.", "Civilian labor force": "19,834", "Nearest Town": "Ft Rucker, AL", "Season": "Spring", "Class": "Class B", "Multiple Witnesses": "True", "jaccard_score": 0.0010287536649349314, "Forest cover rate": "70.6%", "Dte": "11", "Witness Count": "4.0", "National Park Visitation Count": "416376", "City/Suburb/Town/Rural": "Suburb", "Month": "January", "County": "Dale", "Year": "2008", "Number of lakes": "0-250"}