{"Total Disasters": "1.0", "BigFoot Hotspot": "FALSE", "Unemployment_rate": "6.2", "Report Type": "Report", "State": "Oregon", "id": "28e66be2-d6e6-43bf-a864-f417f453cc58", "Time And Conditions": "", "Civilian labor force": "35,921", "Nearest Town": "walla walla wa", "Season": "Summer", "Class": "Class A", "Multiple Witnesses": "False", "jaccard_score": 0.0010287536649349314, "Forest cover rate": "38.8%", "Dte": "3", "Witness Count": "0.0", "National Park Visitation Count": "", "City/Suburb/Town/Rural": "Suburb", "Month": "March", "County": "Umatilla", "Year": "2000", "Number of lakes": "501-1500"}