{"Total Disasters": "1.0", "BigFoot Hotspot": "FALSE", "Unemployment_rate": "5.4", "Report Type": "Report", "State": "Wyoming", "Month": "February", "id": "28e6230b-1341-4247-8501-6ec930961ed9", "Time And Conditions": "Mid-morning---weather was clear and lighting excellent.", "Civilian labor force": "7,685", "Nearest Town": "Laramie, Wyoming", "Season": "Summer", "Class": "Class A", "Multiple Witnesses": "False", "jaccard_score": 0.0010801913481816778, "Forest cover rate": "9.2%", "Dte": "20", "Witness Count": "2.0", "City/Suburb/Town/Rural": "Rural", "Number of lakes": "0-250", "County": "Carbon", "Year": "2003", "National Park Visitation Count": "5683387"}