{"Total Disasters": "3.0", "BigFoot Hotspot": "FALSE", "Unemployment_rate": "7.7", "Report Type": "Report", "State": "Ohio", "id": "28f35476-1b0b-4d60-8e3d-1ec42b21cfcc", "Time And Conditions": "It was a full moon out, the field was lit up, and it was a little chilly out. The beginning of spring.", "Civilian labor force": "54,403", "Nearest Town": "Rogers", "Season": "Fall", "Class": "Class A", "Multiple Witnesses": "True", "jaccard_score": 0.0010287536649349314, "Forest cover rate": "28.9%", "Dte": "16", "Witness Count": "3.0", "National Park Visitation Count": "3384120", "City/Suburb/Town/Rural": "Suburb", "Month": "September", "County": "Columbiana", "Year": "2003", "Number of lakes": "0-250"}