{"Total Disasters": "2.0", "BigFoot Hotspot": "FALSE", "Unemployment_rate": "6.7", "Report Type": "Report", "State": "Oregon", "Month": "August", "id": "28f54d4e-c402-4d40-a38b-f89b8c2adcc1", "Time And Conditions": "12:30 pm to 1pm Sunny, hot about 90's clear skies", "Civilian labor force": "34,285", "Nearest Town": "Dallas, Or.", "Season": "Summer", "Class": "Class B", "Multiple Witnesses": "False", "jaccard_score": 0.0010287536649349314, "Forest cover rate": "38.8%", "Dte": "9", "Witness Count": "2.0", "City/Suburb/Town/Rural": "City", "Number of lakes": "501-1500", "County": "Polk", "Year": "2003", "National Park Visitation Count": "937962"}