{"Total Disasters": "0.0", "BigFoot Hotspot": "FALSE", "Unemployment_rate": "3.1", "Report Type": "Report", "State": "New Hampshire", "id": "28fc8d7b-b4ed-4195-baaa-87cb494da4f8", "Time And Conditions": "No sighting, only the sound. No prints other than a small bear outside. Next couple od days I compared sound with wildlife recordings on the internet. No matches found", "Civilian labor force": "45,739", "Nearest Town": "Lincoln New Hampshire", "Season": "Summer", "Class": "Class B", "Multiple Witnesses": "True", "jaccard_score": 0.0010801913481816778, "Forest cover rate": "77.5%", "Dte": "16", "Witness Count": "4.0", "National Park Visitation Count": "30907", "City/Suburb/Town/Rural": "Town", "Month": "July", "County": "Grafton", "Year": "2003", "Number of lakes": "501-1500"}