{"Total Disasters": "1.0", "BigFoot Hotspot": "FALSE", "Unemployment_rate": "10.8", "Report Type": "Report", "State": "California", "id": "29065321-a433-4976-ae1b-a15ebee6445f", "Time And Conditions": "9:30 - 10:00 pm. The weather was clear and cool", "Civilian labor force": "25,202", "Nearest Town": "Marysville and  Grass Valley", "Season": "Fall", "Class": "Class B", "Multiple Witnesses": "False", "jaccard_score": 0.0010801913481816778, "Forest cover rate": "17.8%", "Dte": "26", "Witness Count": "2.0", "National Park Visitation Count": "", "City/Suburb/Town/Rural": "City", "Month": "October", "County": "Yuba", "Year": "2003", "Number of lakes": "2501-5000"}