{"Total Disasters": "3.0", "BigFoot Hotspot": "FALSE", "Unemployment_rate": "6.6", "Report Type": "Report", "State": "Michigan", "Month": "March", "id": "290c3f46-4fec-49ad-bd79-d3bd5c833d8f", "Time And Conditions": "Clear weather, early evening.", "Civilian labor force": "92,442", "Nearest Town": "Fowlerville", "Season": "Summer", "Class": "Class A", "Multiple Witnesses": "True", "jaccard_score": 0.0010287536649349314, "Forest cover rate": "51.2%", "Dte": "30", "Witness Count": "3.0", "City/Suburb/Town/Rural": "City", "Number of lakes": "over 2000", "County": "Livingston", "Year": "2008", "National Park Visitation Count": ""}