{"Number of lakes": "over 2000", "Total Disasters": "1.0", "BigFoot Hotspot": "FALSE", "Unemployment_rate": "4.1", "Report Type": "Report", "State": "Florida", "id": "29300921-2f8e-4ce8-a858-8258b2ae0689", "Time And Conditions": "The incident occurred at around 10pm.  It was semi-dark in my room but the street light was shining in from the corner.  I can't remember the weather.", "Civilian labor force": "235,628", "Nearest Town": "North Fort Myers", "Season": "Spring", "Class": "Class B", "Multiple Witnesses": "False", "jaccard_score": 0.0010287536649349314, "Forest cover rate": "42.4%", "Dte": "2", "Witness Count": "1.0", "City/Suburb/Town/Rural": "City", "Month": "October", "County": "Lee", "Year": "2003", "National Park Visitation Count": ""}