{"Total Disasters": "2.0", "BigFoot Hotspot": "FALSE", "Unemployment_rate": "8.8", "Report Type": "Report", "State": "California", "Month": "August", "id": "293a4138-4e22-477b-a9a6-39126a2bee9d", "Time And Conditions": "It was around 8 p.m. and the weather conditions were drizzily. It was dark with no moonlight due to weather conditions.", "Civilian labor force": "10,219", "Nearest Town": "Hiouchi (near Crescent City)", "Season": "Winter", "Class": "Class B", "Multiple Witnesses": "True", "jaccard_score": 0.0010801913481816778, "Forest cover rate": "17.8%", "Dte": "25", "Witness Count": "3.0", "City/Suburb/Town/Rural": "Town", "Number of lakes": "2501-5000", "County": "Del Norte", "Year": "2002", "National Park Visitation Count": "32554774"}