{"Total Disasters": "3.0", "BigFoot Hotspot": "TRUE", "Unemployment_rate": "8.0", "Report Type": "Report", "State": "California", "id": "293a7f47-58fe-4cec-a03b-56299006f5b6", "Time And Conditions": "Approx. 06:30 cool clear morning.", "Civilian labor force": "25,779", "Nearest Town": "Long Barn", "Season": "Fall", "Class": "Class B", "Multiple Witnesses": "False", "jaccard_score": 0.0010801913481816778, "Forest cover rate": "17.8%", "Dte": "10", "Witness Count": "2.0", "National Park Visitation Count": "32906849", "City/Suburb/Town/Rural": "Suburb", "Month": "June", "County": "Tuolumne", "Year": "2008", "Number of lakes": "2501-5000"}