{"Total Disasters": "3.0", "BigFoot Hotspot": "FALSE", "Unemployment_rate": "10.3", "Report Type": "Report", "State": "Georgia", "Month": "July", "id": "296bbe8f-028a-4552-88ac-75ccad3a37b5", "Time And Conditions": "it was around 7:00 pm afternoon almost dusk dark, but still good light. clear day good visiablity.", "Civilian labor force": "61,383", "Nearest Town": "Moreland", "Season": "Fall", "Class": "Class A", "Multiple Witnesses": "False", "jaccard_score": 0.0010801913481816778, "Forest cover rate": "64.2%", "Dte": "28", "Witness Count": "1.0", "City/Suburb/Town/Rural": "City", "Number of lakes": "0-250", "County": "Coweta", "Year": "2009", "National Park Visitation Count": "6816980"}