{"Number of lakes": "1501-2500", "Total Disasters": "2.0", "BigFoot Hotspot": "FALSE", "Unemployment_rate": "6.3", "Report Type": "Report", "State": "Idaho", "id": "296d7611-ecff-4225-a520-ae88cf15cd6d", "Time And Conditions": "Cold October morning.", "Civilian labor force": "2,537", "Nearest Town": "Challis", "Season": "Fall", "Class": "Class A", "Multiple Witnesses": "False", "jaccard_score": 0.0010801913481816778, "Forest cover rate": "31.8%", "Dte": "1", "Witness Count": "1.0", "City/Suburb/Town/Rural": "Rural", "Month": "October", "County": "Custer", "Year": "2003", "National Park Visitation Count": ""}