{"Total Disasters": "0.0", "BigFoot Hotspot": "FALSE", "Unemployment_rate": "6.1", "Report Type": "Report", "State": "Texas", "id": "297066e7-a1e9-446b-a789-b0d130c4d1a3", "Time And Conditions": "Around 5:15 pm.", "Civilian labor force": "42,035", "Nearest Town": "Maud", "Season": "Fall", "Class": "Class A", "Multiple Witnesses": "False", "jaccard_score": 0.0010287536649349314, "Forest cover rate": "7%", "Dte": "19", "Witness Count": "0.0", "National Park Visitation Count": "4573344", "City/Suburb/Town/Rural": "City", "Month": "February", "County": "Bowie", "Year": "2004", "Number of lakes": "5001-10000"}