{"Total Disasters": "1.0", "BigFoot Hotspot": "FALSE", "Unemployment_rate": "", "Report Type": "Report", "State": "Indiana", "id": "2974f6ce-5c0b-4ad3-8871-e6d2fc2cf8a7", "Time And Conditions": "It was around 7 -7:30 pm", "Civilian labor force": "", "Nearest Town": "Stillwell", "Season": "Fall", "Class": "Class A", "Multiple Witnesses": "False", "jaccard_score": 0.0009773159816881848, "Forest cover rate": "18.9%", "Dte": "29", "Witness Count": "2.0", "National Park Visitation Count": "1915037", "City/Suburb/Town/Rural": "", "Month": "March", "County": "La Porte", "Year": "2001", "Number of lakes": "0-250"}