{"Total Disasters": "6.0", "BigFoot Hotspot": "FALSE", "Unemployment_rate": "7.1", "Report Type": "Report", "State": "Missouri", "id": "297db86d-75af-48c2-96c7-102dd65cc8e6", "Time And Conditions": "Between 10-11 AM.", "Civilian labor force": "360,213", "Nearest Town": "Lee's Summit, MO", "Season": "Summer", "Class": "Class B", "Multiple Witnesses": "False", "jaccard_score": 0.0010801913481816778, "Forest cover rate": "30.3%", "Dte": "15", "Witness Count": "1.0", "National Park Visitation Count": "2141327", "City/Suburb/Town/Rural": "City", "Month": "September", "County": "Jackson", "Year": "2020", "Number of lakes": "0-250"}