{"Total Disasters": "3.0", "BigFoot Hotspot": "FALSE", "Unemployment_rate": "9.5", "Report Type": "Report", "State": "Illinois", "id": "297d97c7-5788-4957-8843-6caa048cf68c", "Time And Conditions": "Footprints were broad daylight, noon, farm field with corn stubble. Other incidents were at night, late summer, dry ground, back yard.", "Civilian labor force": "23,961", "Nearest Town": "Shipman", "Season": "Summer", "Class": "Class B", "Multiple Witnesses": "True", "jaccard_score": 0.0010287536649349314, "Forest cover rate": "11.5%", "Dte": "26", "Witness Count": "3.0", "National Park Visitation Count": "295464", "City/Suburb/Town/Rural": "City", "Month": "November", "County": "Macoupin", "Year": "2012", "Number of lakes": "0-250"}