{"Number of lakes": "over 2000", "Total Disasters": "1.0", "BigFoot Hotspot": "FALSE", "Unemployment_rate": "4.6", "Report Type": "Report", "State": "Florida", "id": "29821805-1939-44ac-aef6-d13bb3c05b69", "Time And Conditions": "Broad daylight. Clear skies.", "Civilian labor force": "22,283", "Nearest Town": "Flagler Beach", "Season": "Summer", "Class": "Class A", "Multiple Witnesses": "True", "jaccard_score": 0.0010801913481816778, "Forest cover rate": "42.4%", "Dte": "7", "Witness Count": "8.0", "City/Suburb/Town/Rural": "City", "Month": "June", "County": "Flagler", "Year": "2001", "National Park Visitation Count": ""}