{"Total Disasters": "0.0", "BigFoot Hotspot": "FALSE", "Unemployment_rate": "7.4", "Report Type": "Report", "State": "California", "Month": "October", "id": "29889ad6-67dd-4a45-ad61-482792171e2a", "Time And Conditions": "@11:00 a.m./a bright morning/cold otherwise/no precipitation/just a cold clear morning-crisp air.", "Civilian labor force": "10,737", "Nearest Town": "Hiouchi is not really a town,so Crescent City would be closer.", "Season": "Winter", "Class": "Class A", "Multiple Witnesses": "False", "jaccard_score": 0.0010287536649349314, "Forest cover rate": "17.8%", "Dte": "28", "Witness Count": "0.0", "City/Suburb/Town/Rural": "Town", "Number of lakes": "2501-5000", "County": "Del Norte", "Year": "2005", "National Park Visitation Count": "23678129"}