{"Total Disasters": "2.0", "BigFoot Hotspot": "FALSE", "Unemployment_rate": "9.2", "Report Type": "Report", "State": "Missouri", "id": "298b9de7-9c49-40a8-b44b-6b5b8d540752", "Time And Conditions": "It was around 11 maybe 11:30 as I said the lighting was dim but mostly visible. It was a little colder than it was normally being, about 50 to 45 degrees", "Civilian labor force": "25,844", "Nearest Town": "Farmington", "Season": "Fall", "Class": "Class A", "Multiple Witnesses": "False", "jaccard_score": 0.0010801913481816778, "Forest cover rate": "30.3%", "Dte": "28", "Witness Count": "1.0", "National Park Visitation Count": "4171826", "City/Suburb/Town/Rural": "Suburb", "Month": "October", "County": "St. Francois", "Year": "2012", "Number of lakes": "0-250"}