{"Total Disasters": "0.0", "BigFoot Hotspot": "FALSE", "Unemployment_rate": "8.5", "Report Type": "Report", "State": "West Virginia", "id": "29b2a996-f6de-4db5-a9c8-1bb47b768eb8", "Time And Conditions": "Midnight, cold and snowing with freezing rain.", "Civilian labor force": "17,000", "Nearest Town": "Pax", "Season": "Fall", "Class": "Class B", "Multiple Witnesses": "False", "jaccard_score": 0.0010801913481816778, "Forest cover rate": "77.2%", "Dte": "8", "Witness Count": "2.0", "National Park Visitation Count": "1499112", "City/Suburb/Town/Rural": "City", "Month": "December", "County": "Fayette", "Year": "2013", "Number of lakes": "0-250"}