{"Total Disasters": "1.0", "BigFoot Hotspot": "FALSE", "Unemployment_rate": "6.3", "Report Type": "Report", "State": "North Carolina", "Month": "February", "id": "29b9d329-b55b-4045-97e0-5d65726a98f8", "Time And Conditions": "Early morning, cold and snow on the ground", "Civilian labor force": "35,187", "Nearest Town": "Pilot Mountain", "Season": "Winter", "Class": "Class B", "Multiple Witnesses": "False", "jaccard_score": 0.0010801913481816778, "Forest cover rate": "59.9%", "Dte": "25", "Witness Count": "2.0", "City/Suburb/Town/Rural": "Suburb", "Number of lakes": "0-250", "County": "Surry", "Year": "2005", "National Park Visitation Count": "24563698"}