{"Total Disasters": "4.0", "BigFoot Hotspot": "FALSE", "Unemployment_rate": "5.7", "Report Type": "Report", "State": "Illinois", "Month": "October", "id": "29bf54bd-bf54-45e2-b281-81031d9aab63", "Time And Conditions": "One in middle of night probably summer.", "Civilian labor force": "6,941", "Nearest Town": "Eldorado", "Season": "Spring", "Class": "Class A", "Multiple Witnesses": "False", "jaccard_score": 0.0010801913481816778, "Forest cover rate": "11.5%", "Dte": "10", "Witness Count": "0.0", "City/Suburb/Town/Rural": "Town", "Number of lakes": "0-250", "County": "White", "Year": "2015", "National Park Visitation Count": ""}