{"Total Disasters": "1.0", "BigFoot Hotspot": "FALSE", "Unemployment_rate": "7.4", "Report Type": "Report", "State": "Oregon", "Month": "October", "id": "29c31cc4-603d-477d-b22c-87d4a23df9a2", "Time And Conditions": "8:30 - 9:00 am", "Civilian labor force": "46,166", "Nearest Town": "Yoncalla", "Season": "Fall", "Class": "Class A", "Multiple Witnesses": "False", "jaccard_score": 0.0010801913481816778, "Forest cover rate": "38.8%", "Dte": "30", "Witness Count": "2.0", "City/Suburb/Town/Rural": "Suburb", "Number of lakes": "501-1500", "County": "Douglas", "Year": "2000", "National Park Visitation Count": "786460"}