{"Total Disasters": "2.0", "BigFoot Hotspot": "FALSE", "Unemployment_rate": "5.8", "Report Type": "Report", "State": "Kentucky", "Month": "December", "id": "29c98b05-d59a-4fad-bca7-b9b6525ac693", "Time And Conditions": "It was approximately 11.00 P.M.  A clear, very cold and clear night with a full moon.", "Civilian labor force": "17,391", "Nearest Town": "Flatwoods", "Season": "Winter", "Class": "Class B", "Multiple Witnesses": "False", "jaccard_score": 0.0010801913481816778, "Forest cover rate": "48.6%", "Dte": "8", "Witness Count": "1.0", "City/Suburb/Town/Rural": "City", "Number of lakes": "0-250", "County": "Greenup", "Year": "2006", "National Park Visitation Count": "3197856"}