{"Total Disasters": "2.0", "BigFoot Hotspot": "FALSE", "Unemployment_rate": "5.4", "Report Type": "Report", "State": "Alabama", "Month": "November", "id": "29cb40f9-49ec-4944-8365-ff18c8022059", "Time And Conditions": "Night, maybe 9 or 10 pm. Saw unknown creature in my car lights. Nearly ran over it.", "Civilian labor force": "24,416", "Nearest Town": "Between Culman and Warrior near Blount Springs.", "Season": "Summer", "Class": "Class A", "Multiple Witnesses": "False", "jaccard_score": 0.0010801913481816778, "Forest cover rate": "70.6%", "Dte": "9", "Witness Count": "0.0", "City/Suburb/Town/Rural": "City", "Number of lakes": "0-250", "County": "Blount", "Year": "2015", "National Park Visitation Count": ""}