{"Total Disasters": "3.0", "BigFoot Hotspot": "FALSE", "Unemployment_rate": "8.9", "Report Type": "Report", "State": "Alabama", "Month": "August", "id": "29f06a87-2fe4-4dd2-a398-426f87b31b42", "Time And Conditions": "approximately 11:00 pm, it was dark i had a flash light", "Civilian labor force": "82,314", "Nearest Town": "hurricane landing, what is now perkins landing", "Season": "Summer", "Class": "Class A", "Multiple Witnesses": "False", "jaccard_score": 0.0010801913481816778, "Forest cover rate": "70.6%", "Dte": "30", "Witness Count": "1.0", "City/Suburb/Town/Rural": "City", "Number of lakes": "0-250", "County": "Baldwin", "Year": "2009", "National Park Visitation Count": "88005"}