{"Total Disasters": "6.0", "BigFoot Hotspot": "FALSE", "Unemployment_rate": "6.0", "Report Type": "Report", "State": "Missouri", "Month": "March", "id": "29f33180-cb1d-4b5a-b4aa-275d257ecdaf", "Time And Conditions": "Between 11 and 11:30 pm. There was rain coming down.", "Civilian labor force": "9,750", "Nearest Town": "Nevada, Missouri", "Season": "Fall", "Class": "Class B", "Multiple Witnesses": "False", "jaccard_score": 0.0010287536649349314, "Forest cover rate": "30.3%", "Dte": "24", "Witness Count": "1.0", "City/Suburb/Town/Rural": "Rural", "Number of lakes": "0-250", "County": "Vernon", "Year": "2013", "National Park Visitation Count": "4171826"}