{"Total Disasters": "0.0", "BigFoot Hotspot": "FALSE", "Unemployment_rate": "4.8", "Report Type": "Report", "State": "California", "id": "2a0b7acb-3afc-4412-96a2-253f9da6995f", "Time And Conditions": "overcast  about 10 in the morning", "Civilian labor force": "49,247", "Nearest Town": "nevada city", "Season": "Fall", "Class": "Class A", "Multiple Witnesses": "False", "jaccard_score": 0.0010801913481816778, "Forest cover rate": "17.8%", "Dte": "25", "Witness Count": "2.0", "National Park Visitation Count": "39880452", "City/Suburb/Town/Rural": "Suburb", "Month": "September", "County": "Nevada", "Year": "2005", "Number of lakes": "2501-5000"}