{"Total Disasters": "2.0", "BigFoot Hotspot": "FALSE", "Unemployment_rate": "2.9", "Report Type": "Report", "State": "Florida", "Month": "September", "id": "2a0d1fc6-c8fa-4d7b-96b1-f624f9147cc7", "Time And Conditions": "NIGHT ABOUT 9 OR 10 WITH ME AND ABOUT 1 OR 2AM FOR MY FRIEND", "Civilian labor force": "93,384", "Nearest Town": "MIDDLEBURG", "Season": "Summer", "Class": "Class A", "Multiple Witnesses": "False", "jaccard_score": 0.0010287536649349314, "Forest cover rate": "42.4%", "Dte": "9", "Witness Count": "2.0", "City/Suburb/Town/Rural": "City", "Number of lakes": "over 2000", "County": "Clay", "Year": "2007", "National Park Visitation Count": "8522720"}