{"Total Disasters": "9.0", "BigFoot Hotspot": "FALSE", "Unemployment_rate": "12.4", "Report Type": "Report", "State": "Missouri", "Month": "July", "id": "2a0f468e-62fb-4ff1-828d-3dd0fc12847d", "Time And Conditions": "Late around 10:30 pm.  Very cold and snow on the ground.  We have 40 wooded acres and a swampy pond and several creeks.", "Civilian labor force": "10,098", "Nearest Town": "Near Sullivan MO- past the state park, right by Pea Ridge Iron Ore", "Season": "Winter", "Class": "Class B", "Multiple Witnesses": "False", "jaccard_score": 0.0010801913481816778, "Forest cover rate": "30.3%", "Dte": "25", "Witness Count": "2.0", "City/Suburb/Town/Rural": "Rural", "Number of lakes": "0-250", "County": "Washington", "Year": "2011", "National Park Visitation Count": "4538046"}