{"Total Disasters": "0.0", "BigFoot Hotspot": "FALSE", "Unemployment_rate": "5.9", "Report Type": "Report", "State": "Pennsylvania", "id": "2a11b704-c080-4e31-80b4-849c5e9f4620", "Time And Conditions": "Late afternoon.Still light out but not as late as dusk.Not raining, pretty clear.", "Civilian labor force": "40,770", "Nearest Town": "Clearfield ,PA", "Season": "Summer", "Class": "Class A", "Multiple Witnesses": "False", "jaccard_score": 0.0010801913481816778, "Forest cover rate": "55.3%", "Dte": "14", "Witness Count": "1.0", "National Park Visitation Count": "", "City/Suburb/Town/Rural": "Suburb", "Month": "February", "County": "Clearfield", "Year": "2005", "Number of lakes": "251-500"}