{"Number of lakes": "5001-10000", "Total Disasters": "0.0", "BigFoot Hotspot": "FALSE", "Unemployment_rate": "4.8", "Report Type": "Report", "State": "Texas", "id": "2a189165-5c61-4393-97a5-e71f4f3d703a", "Time And Conditions": "5:45 pm. Raining, cold and a little bit foggy.", "Civilian labor force": "9,796", "Nearest Town": "Streetman", "Season": "Winter", "Class": "Class B", "Multiple Witnesses": "False", "jaccard_score": 0.0010287536649349314, "Forest cover rate": "7%", "Dte": "28", "Witness Count": "0.0", "City/Suburb/Town/Rural": "Rural", "Month": "April", "County": "Freestone", "Year": "2004", "National Park Visitation Count": "5007121"}