{"Number of lakes": "501-1500", "Total Disasters": "3.0", "BigFoot Hotspot": "FALSE", "Unemployment_rate": "4.2", "Report Type": "Report", "State": "New Mexico", "id": "2a2a410a-faf5-4092-8dc5-59b642ce9928", "Time And Conditions": "AT NIGHT/LIGHTLY SNOWING.", "Civilian labor force": "25,590", "Nearest Town": "Mescalero", "Season": "Winter", "Class": "Class B", "Multiple Witnesses": "False", "jaccard_score": 0.0010801913481816778, "Forest cover rate": "5.6%", "Dte": "12", "Witness Count": "1.0", "City/Suburb/Town/Rural": "Suburb", "Month": "April", "County": "Otero", "Year": "2008", "National Park Visitation Count": "1556586"}