{"Number of lakes": "5001-10000", "Total Disasters": "1.0", "BigFoot Hotspot": "FALSE", "Unemployment_rate": "5.8", "Report Type": "Report", "State": "Washington", "id": "2a440320-009a-4c2e-9fd5-d142bd2f988d", "Time And Conditions": "Morning. Sulfur smell.", "Civilian labor force": "9,886", "Nearest Town": "Trout Lake", "Season": "Spring", "Class": "Class B", "Multiple Witnesses": "False", "jaccard_score": 0.0010801913481816778, "Forest cover rate": "40.7%", "Dte": "9", "Witness Count": "2.0", "City/Suburb/Town/Rural": "Rural", "Month": "August", "County": "Klickitat", "Year": "2017", "National Park Visitation Count": "5341693"}