{"Total Disasters": "0.0", "BigFoot Hotspot": "FALSE", "Unemployment_rate": "8.4", "Report Type": "Report", "State": "Oregon", "id": "2a5d823a-2d75-4e42-b062-78770d461e43", "Time And Conditions": "Time:approx 11:00 am", "Civilian labor force": "9,058", "Nearest Town": "Prineville, OR", "Season": "Fall", "Class": "Class B", "Multiple Witnesses": "False", "jaccard_score": 0.0010287536649349314, "Forest cover rate": "38.8%", "Dte": "15", "Witness Count": "0.0", "National Park Visitation Count": "875590", "City/Suburb/Town/Rural": "Suburb", "Month": "December", "County": "Crook", "Year": "2004", "Number of lakes": "501-1500"}