{"Total Disasters": "6.0", "BigFoot Hotspot": "FALSE", "Unemployment_rate": "3.9", "Report Type": "Report", "State": "Missouri", "id": "2a61bd55-8f33-44c8-9f5e-b904b080b234", "Time And Conditions": "10:49 pm. The sky was clear. Calm night.", "Civilian labor force": "3,130", "Nearest Town": "Annapolis", "Season": "Summer", "Class": "Class A", "Multiple Witnesses": "False", "jaccard_score": 0.0010801913481816778, "Forest cover rate": "30.3%", "Dte": "13", "Witness Count": "0.0", "National Park Visitation Count": "3385772", "City/Suburb/Town/Rural": "Rural", "Month": "January", "County": "Reynolds", "Year": "2017", "Number of lakes": "0-250"}