{"Total Disasters": "3.0", "BigFoot Hotspot": "FALSE", "Unemployment_rate": "4.4", "Report Type": "Report", "State": "Virginia", "id": "2a707de6-243f-4c4f-8550-e60bf548336d", "Time And Conditions": "APPROX. 10PM DARK BUT CLEAR", "Civilian labor force": "185,858", "Nearest Town": "PURCELLVILLE VA", "Season": "Spring", "Class": "Class A", "Multiple Witnesses": "False", "jaccard_score": 0.0010801913481816778, "Forest cover rate": "60.7%", "Dte": "22", "Witness Count": "2.0", "National Park Visitation Count": "", "City/Suburb/Town/Rural": "City", "Month": "May", "County": "Loudoun", "Year": "2012", "Number of lakes": "0-250"}