{"Total Disasters": "3.0", "BigFoot Hotspot": "FALSE", "Unemployment_rate": "4.6", "Report Type": "Report", "State": "Ohio", "Month": "September", "id": "2a7805f8-296c-47fa-bb79-c17b9d6a498d", "Time And Conditions": "Cool crisp weather.  It was twilight around 8pm", "Civilian labor force": "103,007", "Nearest Town": "Amelia, Ohio", "Season": "Fall", "Class": "Class B", "Multiple Witnesses": "False", "jaccard_score": 0.0010801913481816778, "Forest cover rate": "28.9%", "Dte": "14", "Witness Count": "2.0", "City/Suburb/Town/Rural": "City", "Number of lakes": "0-250", "County": "Clermont", "Year": "2015", "National Park Visitation Count": "2595768"}