{"Number of lakes": "5001-10000", "Total Disasters": "2.0", "BigFoot Hotspot": "FALSE", "Unemployment_rate": "6.3", "Report Type": "Report", "State": "Texas", "id": "2a8753cb-d287-4f79-896e-712f3c53715e", "Time And Conditions": "[First incident:] Incident occurred at approximately midnight. The weather was clear and the night was fairly warm.", "Civilian labor force": "10,205", "Nearest Town": "Shepherd", "Season": "Summer", "Class": "Class B", "Multiple Witnesses": "False", "jaccard_score": 0.0010801913481816778, "Forest cover rate": "7%", "Dte": "27", "Witness Count": "1.0", "City/Suburb/Town/Rural": "Rural", "Month": "June", "County": "San Jacinto", "Year": "2005", "National Park Visitation Count": "5372427"}