{"Total Disasters": "2.0", "BigFoot Hotspot": "FALSE", "Unemployment_rate": "2.3", "Report Type": "Report", "State": "Florida", "Month": "August", "id": "2a9bc323-5f31-4110-aa2d-227cad976ba4", "Time And Conditions": "EARLY IN THE MORNING ABOUT 7;00", "Civilian labor force": "3,655", "Nearest Town": "20 MILES SOUTH OF BRISTOL FLA.", "Season": "Winter", "Class": "Class B", "Multiple Witnesses": "False", "jaccard_score": 0.0010287536649349314, "Forest cover rate": "42.4%", "Dte": "27", "Witness Count": "2.0", "City/Suburb/Town/Rural": "Rural", "Number of lakes": "over 2000", "County": "Liberty", "Year": "2007", "National Park Visitation Count": "9185620"}