{"Total Disasters": "2.0", "BigFoot Hotspot": "FALSE", "Unemployment_rate": "8.7", "Report Type": "Report", "State": "Oklahoma", "Month": "July", "id": "2aba8711-88ec-448f-9375-e95342c27674", "Time And Conditions": "Late afternoon, light rain and cold.", "Civilian labor force": "10,601", "Nearest Town": "Seminole", "Season": "Fall", "Class": "Class A", "Multiple Witnesses": "False", "jaccard_score": 0.0009773159816881848, "Forest cover rate": "14.2%", "Dte": "22", "Witness Count": "2.0", "City/Suburb/Town/Rural": "Rural", "Number of lakes": "0-250", "County": "Seminole", "Year": "2003", "National Park Visitation Count": ""}