{"Total Disasters": "2.0", "BigFoot Hotspot": "FALSE", "Unemployment_rate": "11.9", "Report Type": "Report", "State": "Arizona", "Month": "June", "id": "2ac0f9a2-ff90-4889-ac53-426863ba3937", "Time And Conditions": "11:00 pm, clear skies, warm temp.", "Civilian labor force": "20,591", "Nearest Town": "Chinle", "Season": "Summer", "Class": "Class A", "Multiple Witnesses": "True", "jaccard_score": 0.0010801913481816778, "Forest cover rate": "4.8%", "Dte": "28", "Witness Count": "4.0", "City/Suburb/Town/Rural": "Town", "Number of lakes": "0-250", "County": "Apache", "Year": "2003", "National Park Visitation Count": "8684886"}