{"Number of lakes": "over 2000", "Total Disasters": "4.0", "BigFoot Hotspot": "FALSE", "Unemployment_rate": "4.0", "Report Type": "Report", "State": "Florida", "id": "2ae10b45-f8ae-4645-98bb-116b7ba6af98", "Time And Conditions": "Day and night off and on for the entire trip. The weather was near perfect. Sunny, cool and dry.", "Civilian labor force": "108,661", "Nearest Town": "Fedhaven", "Season": "Winter", "Class": "Class B", "Multiple Witnesses": "False", "jaccard_score": 0.0010287536649349314, "Forest cover rate": "42.4%", "Dte": "1", "Witness Count": "2.0", "City/Suburb/Town/Rural": "City", "Month": "July", "County": "Osceola", "Year": "2004", "National Park Visitation Count": "13382795"}