{"Total Disasters": "0.0", "BigFoot Hotspot": "FALSE", "Unemployment_rate": "9.7", "Report Type": "Report", "State": "Utah", "Month": "June", "id": "2af400a2-9bc3-48b1-bbba-bdbc774ab71c", "Time And Conditions": "About 7:00 P.M. in the evening.", "Civilian labor force": "60,341", "Nearest Town": "Ivins, Utah", "Season": "Winter", "Class": "Class A", "Multiple Witnesses": "False", "jaccard_score": 0.0010801913481816778, "Forest cover rate": "8.9%", "Dte": "24", "Witness Count": "2.0", "City/Suburb/Town/Rural": "City", "Number of lakes": "501-1500", "County": "Washington", "Year": "2009", "National Park Visitation Count": "8263206"}