{"Total Disasters": "0.0", "BigFoot Hotspot": "FALSE", "Unemployment_rate": "6.8", "Report Type": "Report", "State": "West Virginia", "Month": "April", "id": "2af6db42-839a-4fef-a639-ffa373acdb6f", "Time And Conditions": "3:30-4 p.m. - a cold, drizzly day turned into sunny", "Civilian labor force": "3,771", "Nearest Town": "", "Season": "Spring", "Class": "Class B", "Multiple Witnesses": "False", "jaccard_score": 0.0010287536649349314, "Forest cover rate": "77.2%", "Dte": "24", "Witness Count": "0.0", "City/Suburb/Town/Rural": "Rural", "Number of lakes": "0-250", "County": "Pocahontas", "Year": "2005", "National Park Visitation Count": "1461563"}