{"Number of lakes": "over 2000", "Total Disasters": "2.0", "BigFoot Hotspot": "FALSE", "Unemployment_rate": "6.2", "Report Type": "Report", "State": "Michigan", "id": "2afb9e68-6806-4051-b53b-dc14f32b8470", "Time And Conditions": "Around 12:30 am. Cool still night", "Civilian labor force": "327,984", "Nearest Town": "Cedar Springs", "Season": "Fall", "Class": "Class B", "Multiple Witnesses": "False", "jaccard_score": 0.0010801913481816778, "Forest cover rate": "51.2%", "Dte": "11", "Witness Count": "0.0", "City/Suburb/Town/Rural": "City", "Month": "October", "County": "Kent", "Year": "2013", "National Park Visitation Count": "1989195"}