{"Total Disasters": "0.0", "BigFoot Hotspot": "FALSE", "Unemployment_rate": "10.9", "Report Type": "Report", "State": "Florida", "id": "2b2652c0-c4ab-4e9f-a7cd-9cb68150036d", "Time And Conditions": "around 8:00 good light", "Civilian labor force": "31,913", "Nearest Town": "Paltka/Bardin", "Season": "Summer", "Class": "Class B", "Multiple Witnesses": "False", "jaccard_score": 0.0010287536649349314, "Forest cover rate": "42.4%", "Dte": "17", "Witness Count": "0.0", "National Park Visitation Count": "8522720", "City/Suburb/Town/Rural": "Suburb", "Month": "May", "County": "Putnam", "Year": "2009", "Number of lakes": "over 2000"}