{"Total Disasters": "1.0", "BigFoot Hotspot": "FALSE", "Unemployment_rate": "3.9", "Report Type": "Report", "State": "Nebraska", "Month": "December", "id": "2b300953-bb0b-4c3b-ab32-45208edd5d6c", "Time And Conditions": "2:00 am , It was very cloudy and dark, a little cool but not cold.", "Civilian labor force": "10,928", "Nearest Town": "South Sioux City", "Season": "Fall", "Class": "Class B", "Multiple Witnesses": "True", "jaccard_score": 0.0010801913481816778, "Forest cover rate": "1.8%", "Dte": "27", "Witness Count": "3.0", "City/Suburb/Town/Rural": "City", "Number of lakes": "0-250", "County": "Dakota", "Year": "2007", "National Park Visitation Count": "198110"}