{"Number of lakes": "5001-10000", "Total Disasters": "1.0", "BigFoot Hotspot": "FALSE", "Unemployment_rate": "6.2", "Report Type": "Report", "State": "Washington", "id": "2b31bbd2-38d7-4266-80f2-6cc9acff0a33", "Time And Conditions": "These events occured from May all thru June and into early July. For a 3-4 year period - allways in the same time window ( MAY - JULY)", "Civilian labor force": "52,713", "Nearest Town": "Concrete", "Season": "Spring", "Class": "Class B", "Multiple Witnesses": "False", "jaccard_score": 0.0010801913481816778, "Forest cover rate": "40.7%", "Dte": "1", "Witness Count": "0.0", "City/Suburb/Town/Rural": "City", "Month": "August", "County": "Skagit", "Year": "2000", "National Park Visitation Count": ""}