{"Total Disasters": "2.0", "BigFoot Hotspot": "FALSE", "Unemployment_rate": "4.9", "Report Type": "Report", "State": "West Virginia", "Month": "August", "id": "2b3c952c-d629-48bf-9952-8094d650e798", "Time And Conditions": "Morning. Clear skies. About 90-95 degrees.", "Civilian labor force": "5,905", "Nearest Town": "Lindside", "Season": "Summer", "Class": "Class A", "Multiple Witnesses": "False", "jaccard_score": 0.0010801913481816778, "Forest cover rate": "77.2%", "Dte": "14", "Witness Count": "1.0", "City/Suburb/Town/Rural": "Rural", "Number of lakes": "0-250", "County": "Monroe", "Year": "2007", "National Park Visitation Count": "1594150"}