{"Total Disasters": "2.0", "BigFoot Hotspot": "FALSE", "Unemployment_rate": "5.5", "Report Type": "Report", "State": "Florida", "Month": "July", "id": "2b5d7829-3194-4e8d-b824-0775fe9b71ce", "Time And Conditions": "Late afternoon, it was still light outside, cool little to no breeze", "Civilian labor force": "18,005", "Nearest Town": "Live Oak", "Season": "Winter", "Class": "Class A", "Multiple Witnesses": "False", "jaccard_score": 0.0010801913481816778, "Forest cover rate": "42.4%", "Dte": "17", "Witness Count": "1.0", "City/Suburb/Town/Rural": "Town", "Number of lakes": "over 2000", "County": "Suwannee", "Year": "2015", "National Park Visitation Count": "11956326"}