{"Total Disasters": "1.0", "BigFoot Hotspot": "FALSE", "Unemployment_rate": "4.3", "Report Type": "Report", "State": "Kentucky", "Month": "December", "id": "2b5f1ab5-31fa-498c-b080-ef6a664d45cd", "Time And Conditions": "4:30am no moon, complete darkness, weather was cold and clear", "Civilian labor force": "11,735", "Nearest Town": "Auburn", "Season": "Fall", "Class": "Class B", "Multiple Witnesses": "False", "jaccard_score": 0.0010801913481816778, "Forest cover rate": "48.6%", "Dte": "28", "Witness Count": "0.0", "City/Suburb/Town/Rural": "Town", "Number of lakes": "0-250", "County": "Logan", "Year": "2016", "National Park Visitation Count": "1556101"}