{"Total Disasters": "0.0", "BigFoot Hotspot": "FALSE", "Unemployment_rate": "20.8", "Report Type": "Report", "State": "Michigan", "Month": "March", "id": "2b737a72-150b-431c-9747-fa3a6f04c702", "Time And Conditions": "late night, by headlights. it was cold the ground was frozen but there was no snow.", "Civilian labor force": "3,725", "Nearest Town": "rose city/lupton", "Season": "Fall", "Class": "Class A", "Multiple Witnesses": "False", "jaccard_score": 0.0010801913481816778, "Forest cover rate": "51.2%", "Dte": "12", "Witness Count": "2.0", "City/Suburb/Town/Rural": "Rural", "Number of lakes": "over 2000", "County": "Oscoda", "Year": "2009", "National Park Visitation Count": ""}