{"Total Disasters": "1.0", "BigFoot Hotspot": "TRUE", "Unemployment_rate": "8.2", "Report Type": "Report", "State": "Washington", "id": "2ba0b489-66a4-4706-b45b-aea57f88e5d4", "Time And Conditions": "Between 1am and 3am", "Civilian labor force": "30,573", "Nearest Town": "Battleground (I think)", "Season": "Summer", "Class": "Class B", "Multiple Witnesses": "True", "jaccard_score": 0.0010801913481816778, "Forest cover rate": "40.7%", "Dte": "5", "Witness Count": "4.0", "National Park Visitation Count": "7091427", "City/Suburb/Town/Rural": "Suburb", "Month": "September", "County": "Lewis", "Year": "2005", "Number of lakes": "5001-10000"}