{"Total Disasters": "0.0", "BigFoot Hotspot": "FALSE", "Unemployment_rate": "5.2", "Report Type": "Report", "State": "West Virginia", "Month": "December", "id": "2baaab29-7db7-481e-a25f-a86ddef1451c", "Time And Conditions": "Early morning around 3:45 A.M.", "Civilian labor force": "24,287", "Nearest Town": "Princeton", "Season": "Summer", "Class": "Class A", "Multiple Witnesses": "False", "jaccard_score": 0.0010287536649349314, "Forest cover rate": "77.2%", "Dte": "8", "Witness Count": "0.0", "City/Suburb/Town/Rural": "Suburb", "Number of lakes": "0-250", "County": "Mercer", "Year": "2006", "National Park Visitation Count": "1555136"}