{"Total Disasters": "0.0", "BigFoot Hotspot": "FALSE", "Unemployment_rate": "5.8", "Report Type": "Report", "State": "California", "Month": "February", "id": "2bc4175b-ad95-41ff-8469-a75d7d9046fd", "Time And Conditions": "It was night. 10'30 PM.  Clear with a full moon.", "Civilian labor force": "8,461", "Nearest Town": "Coulterville, Ca", "Season": "Spring", "Class": "Class A", "Multiple Witnesses": "False", "jaccard_score": 0.0010801913481816778, "Forest cover rate": "17.8%", "Dte": "4", "Witness Count": "1.0", "City/Suburb/Town/Rural": "Rural", "Number of lakes": "2501-5000", "County": "Mariposa", "Year": "2001", "National Park Visitation Count": ""}