{"Total Disasters": "1.0", "BigFoot Hotspot": "FALSE", "Unemployment_rate": "2.6", "Report Type": "Report", "State": "Utah", "Month": "May", "id": "2bc5f0ca-0187-4ab3-9177-bbb0e3aad31c", "Time And Conditions": "It was dusk, I could see the figure but not a lot of detail due to the light. The weather had been clear all day", "Civilian labor force": "62,224", "Nearest Town": "Huntsville", "Season": "Fall", "Class": "Class A", "Multiple Witnesses": "False", "jaccard_score": 0.0010801913481816778, "Forest cover rate": "8.9%", "Dte": "18", "Witness Count": "2.0", "City/Suburb/Town/Rural": "City", "Number of lakes": "501-1500", "County": "Cache", "Year": "2008", "National Park Visitation Count": "9298824"}