{"Total Disasters": "0.0", "BigFoot Hotspot": "FALSE", "Unemployment_rate": "7.1", "Report Type": "Report", "State": "Oregon", "id": "2bd57474-a0af-4f85-a757-001d8d996ef4", "Time And Conditions": "Almost sunset, misty, cloudy.  It had been raining all day.", "Civilian labor force": "8,743", "Nearest Town": "Brookings, Oregon", "Season": "Spring", "Class": "Class A", "Multiple Witnesses": "False", "jaccard_score": 0.0010801913481816778, "Forest cover rate": "38.8%", "Dte": "27", "Witness Count": "2.0", "National Park Visitation Count": "869174", "City/Suburb/Town/Rural": "Town", "Month": "July", "County": "Curry", "Year": "2001", "Number of lakes": "501-1500"}