{"Total Disasters": "5.0", "BigFoot Hotspot": "FALSE", "Unemployment_rate": "3.2", "Report Type": "Report", "State": "Iowa", "id": "2bdd90dd-9d59-4d68-b1e4-e1cb28e29789", "Time And Conditions": "6:30AM", "Civilian labor force": "6,390", "Nearest Town": "Protivin", "Season": "Summer", "Class": "Class B", "Multiple Witnesses": "False", "jaccard_score": 0.0010801913481816778, "Forest cover rate": "5.4%", "Dte": "25", "Witness Count": "2.0", "National Park Visitation Count": "211625", "City/Suburb/Town/Rural": "Town", "Month": "July", "County": "Chickasaw", "Year": "2017", "Number of lakes": "0-250"}