{"Total Disasters": "1.0", "BigFoot Hotspot": "FALSE", "Unemployment_rate": "5.5", "Report Type": "Report", "State": "California", "Month": "September", "id": "2be57368-f3af-451e-95ee-37bde6d2232f", "Time And Conditions": "It was foggy & pitch black at around 1 or 2am.", "Civilian labor force": "252,868", "Nearest Town": "Jenner", "Season": "Summer", "Class": "Class B", "Multiple Witnesses": "False", "jaccard_score": 0.0010801913481816778, "Forest cover rate": "17.8%", "Dte": "27", "Witness Count": "2.0", "City/Suburb/Town/Rural": "City", "Number of lakes": "2501-5000", "County": "Sonoma", "Year": "2003", "National Park Visitation Count": "33517157"}