{"Total Disasters": "0.0", "BigFoot Hotspot": "FALSE", "Unemployment_rate": "3.1", "Report Type": "Report", "State": "New Jersey", "id": "2bef5973-3688-4b53-aa5c-2c0f0f77a350", "Time And Conditions": "Dusk, right at Sunset. Cool night with bright moon light.", "Civilian labor force": "221,369", "Nearest Town": "Woodmansie", "Season": "Fall", "Class": "Class B", "Multiple Witnesses": "True", "jaccard_score": 0.0010801913481816778, "Forest cover rate": "39.5%", "Dte": "1", "Witness Count": "3.0", "National Park Visitation Count": "625487", "City/Suburb/Town/Rural": "City", "Month": "July", "County": "Burlington", "Year": "2000", "Number of lakes": "1501-2500"}