{"Number of lakes": "5001-10000", "Total Disasters": "3.0", "BigFoot Hotspot": "FALSE", "Unemployment_rate": "5.2", "Report Type": "Report", "State": "Washington", "id": "2c056418-dd4d-48fe-afa0-6d4237c94077", "Time And Conditions": "5:00 AM, Clear night, the moon was out, full moon.", "Civilian labor force": "124,727", "Nearest Town": "Indianola", "Season": "Fall", "Class": "Class B", "Multiple Witnesses": "False", "jaccard_score": 0.0010801913481816778, "Forest cover rate": "40.7%", "Dte": "6", "Witness Count": "2.0", "City/Suburb/Town/Rural": "City", "Month": "January", "County": "Kitsap", "Year": "2008", "National Park Visitation Count": "6891951"}