{"Total Disasters": "2.0", "BigFoot Hotspot": "FALSE", "Unemployment_rate": "", "Report Type": "Report", "State": "Ohio", "id": "2c0de905-6b03-4a7f-b839-39f6033be708", "Time And Conditions": "Mid/Late Febuary 1994. It was about 10:00pm on a week night. It was snowing.", "Civilian labor force": "", "Nearest Town": "Woodsfield", "Season": "Winter", "Class": "Class B", "Multiple Witnesses": "False", "jaccard_score": 0.0009773159816881848, "Forest cover rate": "28.9%", "Dte": "9", "Witness Count": "1.0", "National Park Visitation Count": "3489615", "City/Suburb/Town/Rural": "", "Month": "March", "County": "Monroe", "Year": "1998", "Number of lakes": "0-250"}