{"Total Disasters": "5.0", "BigFoot Hotspot": "FALSE", "Unemployment_rate": "8.9", "Report Type": "Report", "State": "Illinois", "id": "2c10ba98-d261-46c2-9c30-0d3683046d8e", "Time And Conditions": "7 p.m.", "Civilian labor force": "133,115", "Nearest Town": "Granite City", "Season": "Fall", "Class": "Class B", "Multiple Witnesses": "False", "jaccard_score": 0.0010801913481816778, "Forest cover rate": "11.5%", "Dte": "19", "Witness Count": "0.0", "National Park Visitation Count": "", "City/Suburb/Town/Rural": "City", "Month": "February", "County": "Madison", "Year": "2013", "Number of lakes": "0-250"}