{"Total Disasters": "1.0", "BigFoot Hotspot": "FALSE", "Unemployment_rate": "", "Report Type": "Report", "State": "Kansas", "Month": "May", "id": "2c18f14b-361f-49d0-8f8e-bea61fc3a3d8", "Time And Conditions": "", "Civilian labor force": "", "Nearest Town": "", "Season": "Unknown", "Class": "Class B", "Multiple Witnesses": "False", "jaccard_score": 0.0008744406151946916, "Forest cover rate": "2.8%", "Dte": "24", "Witness Count": "0.0", "City/Suburb/Town/Rural": "", "Number of lakes": "0-250", "County": "Sedgwick", "Year": "1998", "National Park Visitation Count": "145327"}