{"Total Disasters": "3.0", "BigFoot Hotspot": "FALSE", "Unemployment_rate": "10.8", "Report Type": "Report", "State": "South Carolina", "Month": "October", "id": "2c273845-82c9-4ae2-8f00-e7abccbfbb5b", "Time And Conditions": "12:30AM. night, pitch black darkness, weather/clear,cool.", "Civilian labor force": "18,398", "Nearest Town": "Jefferson", "Season": "Fall", "Class": "Class A", "Multiple Witnesses": "False", "jaccard_score": 0.0010801913481816778, "Forest cover rate": "63.8%", "Dte": "9", "Witness Count": "2.0", "City/Suburb/Town/Rural": "Rural", "Number of lakes": "0-250", "County": "Chesterfield", "Year": "2004", "National Park Visitation Count": "1500968"}