{"Total Disasters": "", "BigFoot Hotspot": "FALSE", "Unemployment_rate": "", "Report Type": "Report", "State": "Utah", "Month": "March", "id": "2c299b57-b90b-47c7-9107-de61f055eb12", "Time And Conditions": "", "Civilian labor force": "", "Nearest Town": "Beaver", "Season": "Winter", "Class": "Class C", "Multiple Witnesses": "True", "jaccard_score": 0.0008230029319479451, "Forest cover rate": "8.9%", "Dte": "15", "Witness Count": "2.0", "City/Suburb/Town/Rural": "", "Number of lakes": "501-1500", "County": "Millard", "Year": "1975", "National Park Visitation Count": ""}