{"Total Disasters": "0.0", "BigFoot Hotspot": "FALSE", "Unemployment_rate": "", "Report Type": "Report", "State": "Maryland", "Month": "July", "id": "2c2d2161-e1c7-457a-be5e-0a0b33e105b4", "Time And Conditions": "", "Civilian labor force": "", "Nearest Town": "", "Season": "Winter", "Class": "Class B", "Multiple Witnesses": "False", "jaccard_score": 0.0007715652487011985, "Forest cover rate": "37.9%", "Dte": "22", "Witness Count": "0.0", "City/Suburb/Town/Rural": "", "Number of lakes": "0-250", "County": "Harford", "Year": "1997", "National Park Visitation Count": ""}