{"Number of lakes": "5001-10000", "Total Disasters": "0.0", "BigFoot Hotspot": "FALSE", "Unemployment_rate": "6.7", "Report Type": "Report", "State": "Texas", "id": "2c2d6023-39d1-47a3-995c-6ff2f980cc60", "Time And Conditions": "8:00 PM", "Civilian labor force": "6,450", "Nearest Town": "Detroit", "Season": "Summer", "Class": "Class A", "Multiple Witnesses": "False", "jaccard_score": 0.0010287536649349314, "Forest cover rate": "7%", "Dte": "25", "Witness Count": "0.0", "City/Suburb/Town/Rural": "Town", "Month": "February", "County": "Red River", "Year": "2004", "National Park Visitation Count": "4760371"}