{"Number of lakes": "over 2000", "Total Disasters": "0.0", "BigFoot Hotspot": "FALSE", "Unemployment_rate": "", "Report Type": "Report", "State": "Alaska", "id": "2c42eaa4-efe4-436b-9e3e-cfcb15dd818c", "Time And Conditions": "It was still alot of daylight so he got to see a good glimpse of the hairy man as he calls it.", "Civilian labor force": "", "Nearest Town": "", "Season": "Fall", "Class": "Class B", "Multiple Witnesses": "False", "jaccard_score": 0.0008744406151946916, "Forest cover rate": "30.4%", "Dte": "3", "Witness Count": "1.0", "City/Suburb/Town/Rural": "", "Month": "December", "County": "Kenai-Cook Inlet", "Year": "1998", "National Park Visitation Count": ""}