{"Number of lakes": "0-250", "Total Disasters": "2.0", "BigFoot Hotspot": "FALSE", "Unemployment_rate": "4.2", "Report Type": "Report", "State": "Iowa", "id": "2c4a75b3-b2a6-4ce5-a2b3-ec49ced2a233", "Time And Conditions": "After 7 am when I get off work.", "Civilian labor force": "5,178", "Nearest Town": "Humboldt", "Season": "Winter", "Class": "Class B", "Multiple Witnesses": "False", "jaccard_score": 0.0010287536649349314, "Forest cover rate": "5.4%", "Dte": "19", "Witness Count": "0.0", "City/Suburb/Town/Rural": "Rural", "Month": "February", "County": "Humboldt", "Year": "2012", "National Park Visitation Count": "216830"}