{"Number of lakes": "over 2000", "Total Disasters": "2.0", "BigFoot Hotspot": "FALSE", "Unemployment_rate": "", "Report Type": "Report", "State": "Michigan", "id": "2c52b3ce-d5a6-4f16-84f2-da88875d5a2d", "Time And Conditions": "", "Civilian labor force": "", "Nearest Town": "", "Season": "Spring", "Class": "Class B", "Multiple Witnesses": "False", "jaccard_score": 0.0008744406151946916, "Forest cover rate": "51.2%", "Dte": "14", "Witness Count": "0.0", "City/Suburb/Town/Rural": "", "Month": "November", "County": "Tuscola", "Year": "1998", "National Park Visitation Count": "1592960"}