{"Number of lakes": "501-1500", "Total Disasters": "1.0", "BigFoot Hotspot": "FALSE", "Unemployment_rate": "5.4", "Report Type": "Report", "State": "Oregon", "id": "2c56808c-2328-4453-8a56-78d9c95a1e9c", "Time And Conditions": "It was mint harvest time. I was not over tired because I had taken a nap that afternoon for the trip. There was no moon out. It was very dark except in my big bright car lights.", "Civilian labor force": "61,855", "Nearest Town": "Sunriver", "Season": "Summer", "Class": "Class A", "Multiple Witnesses": "False", "jaccard_score": 0.0010287536649349314, "Forest cover rate": "38.8%", "Dte": "17", "Witness Count": "1.0", "City/Suburb/Town/Rural": "City", "Month": "January", "County": "Deschutes", "Year": "2000", "National Park Visitation Count": "786460"}