{"Total Disasters": "4.0", "BigFoot Hotspot": "FALSE", "Unemployment_rate": "", "Report Type": "Report", "State": "Ohio", "id": "2c5d0451-44a5-4b7d-929a-fb4a851297d5", "Time And Conditions": "", "Civilian labor force": "", "Nearest Town": "Batesville", "Season": "Summer", "Class": "Class B", "Multiple Witnesses": "False", "jaccard_score": 0.0009258782984414382, "Forest cover rate": "28.9%", "Dte": "19", "Witness Count": "0.0", "National Park Visitation Count": "1414954", "City/Suburb/Town/Rural": "", "Month": "September", "County": "Noble", "Year": "1999", "Number of lakes": "0-250"}