{"Total Disasters": "5.0", "BigFoot Hotspot": "FALSE", "Unemployment_rate": "10.0", "Report Type": "Report", "State": "Tennessee", "id": "2c6c4f71-f8c2-4179-a469-50299991f32a", "Time And Conditions": "dry no wind that i can remember a little chilly", "Civilian labor force": "29,226", "Nearest Town": "Hampton", "Season": "Summer", "Class": "Class B", "Multiple Witnesses": "True", "jaccard_score": 0.0010801913481816778, "Forest cover rate": "52.9%", "Dte": "30", "Witness Count": "4.0", "National Park Visitation Count": "9254282", "City/Suburb/Town/Rural": "City", "Month": "January", "County": "Carter", "Year": "2009", "Number of lakes": "0-250"}