{"Total Disasters": "0.0", "BigFoot Hotspot": "FALSE", "Unemployment_rate": "10.2", "Report Type": "Report", "State": "California", "Month": "July", "id": "2c6dac72-38fd-4da2-b66c-3f31b5e651bb", "Time And Conditions": "Probably around 9 pm", "Civilian labor force": "133,590", "Nearest Town": "Paso Robles", "Season": "Summer", "Class": "Class A", "Multiple Witnesses": "False", "jaccard_score": 0.0010801913481816778, "Forest cover rate": "17.8%", "Dte": "13", "Witness Count": "1.0", "City/Suburb/Town/Rural": "City", "Number of lakes": "2501-5000", "County": "San Luis Obispo", "Year": "2010", "National Park Visitation Count": ""}