{"Total Disasters": "1.0", "BigFoot Hotspot": "FALSE", "Unemployment_rate": "4.7", "Report Type": "Report", "State": "Oklahoma", "Month": "February", "id": "2c77ebca-feb6-455f-bbdc-998a6d438ebd", "Time And Conditions": "Afternoon Sunny, no wind.", "Civilian labor force": "16,824", "Nearest Town": "Byng", "Season": "Fall", "Class": "Class A", "Multiple Witnesses": "True", "jaccard_score": 0.0010801913481816778, "Forest cover rate": "14.2%", "Dte": "6", "Witness Count": "8.0", "City/Suburb/Town/Rural": "Town", "Number of lakes": "0-250", "County": "Pontotoc", "Year": "2002", "National Park Visitation Count": "1385386"}