{"Total Disasters": "3.0", "BigFoot Hotspot": "FALSE", "Unemployment_rate": "5.7", "Report Type": "Report", "State": "Michigan", "id": "2c7ab715-a387-427e-b7c6-8a823dbd75c8", "Time And Conditions": "After 1900 hours, in the evening. It was cloudy, and roughly 26 degrees Celsius.", "Civilian labor force": "186,154", "Nearest Town": "Ann Arbor", "Season": "Summer", "Class": "Class B", "Multiple Witnesses": "False", "jaccard_score": 0.0010801913481816778, "Forest cover rate": "51.2%", "Dte": "28", "Witness Count": "2.0", "National Park Visitation Count": "", "City/Suburb/Town/Rural": "City", "Month": "August", "County": "Washtenaw", "Year": "2008", "Number of lakes": "over 2000"}