{"Total Disasters": "0.0", "BigFoot Hotspot": "TRUE", "Unemployment_rate": "", "Report Type": "Report", "State": "California", "id": "2c80744c-16bc-4e60-a7d6-f2d8a291ff30", "Time And Conditions": "", "Civilian labor force": "", "Nearest Town": "", "Season": "Summer", "Class": "Class A", "Multiple Witnesses": "False", "jaccard_score": 0.0008230029319479451, "Forest cover rate": "17.8%", "Dte": "25", "Witness Count": "0.0", "National Park Visitation Count": "34569233", "City/Suburb/Town/Rural": "", "Month": "August", "County": "Humboldt", "Year": "1999", "Number of lakes": "2501-5000"}