{"Total Disasters": "1.0", "BigFoot Hotspot": "FALSE", "Unemployment_rate": "3.2", "Report Type": "Report", "State": "New Jersey", "id": "2c823f08-6151-47c1-972a-8c3fd278866e", "Time And Conditions": "IT WAS ABOUT 2AM,AND IT WAS HUMID.THE ROAD WAS VERY DARK.WE NEEDED OUR HIGH BEAMS ON TO SEE IN FRONT OF US.", "Civilian labor force": "167,528", "Nearest Town": "MENDAM/BERNARDSVILLE?", "Season": "Summer", "Class": "Class A", "Multiple Witnesses": "False", "jaccard_score": 0.0010801913481816778, "Forest cover rate": "39.5%", "Dte": "3", "Witness Count": "2.0", "National Park Visitation Count": "", "City/Suburb/Town/Rural": "City", "Month": "July", "County": "Somerset", "Year": "2001", "Number of lakes": "1501-2500"}