{"Number of lakes": "5001-10000", "Total Disasters": "2.0", "BigFoot Hotspot": "TRUE", "Unemployment_rate": "8.2", "Report Type": "Report", "State": "Washington", "id": "2c976c5e-163f-4d6e-8842-b87a8ace96e3", "Time And Conditions": "8:30 PM", "Civilian labor force": "31,203", "Nearest Town": "Centraila ,WA.", "Season": "Fall", "Class": "Class B", "Multiple Witnesses": "False", "jaccard_score": 0.0010287536649349314, "Forest cover rate": "40.7%", "Dte": "16", "Witness Count": "2.0", "City/Suburb/Town/Rural": "Suburb", "Month": "October", "County": "Lewis", "Year": "2015", "National Park Visitation Count": "7674514"}