{"Total Disasters": "2.0", "BigFoot Hotspot": "FALSE", "Unemployment_rate": "5.9", "Report Type": "Report", "State": "Pennsylvania", "id": "2c9ad5ab-5a0a-4562-a1e4-6b2a1d184ffa", "Time And Conditions": "Dark, clear night. Dim lighting but could see the creature coming at us.", "Civilian labor force": "21,754", "Nearest Town": "Bradford", "Season": "Fall", "Class": "Class A", "Multiple Witnesses": "False", "jaccard_score": 0.0010801913481816778, "Forest cover rate": "55.3%", "Dte": "16", "Witness Count": "1.0", "National Park Visitation Count": "", "City/Suburb/Town/Rural": "Town", "Month": "October", "County": "McKean", "Year": "2004", "Number of lakes": "251-500"}