{"Total Disasters": "1.0", "BigFoot Hotspot": "FALSE", "Unemployment_rate": "10.0", "Report Type": "Report", "State": "West Virginia", "id": "2c9e80ab-6910-4ec4-870d-1b24c3bad296", "Time And Conditions": "Early evening,around five or six, hot and humid with zero wind.", "Civilian labor force": "4,395", "Nearest Town": "Pennsboro", "Season": "Summer", "Class": "Class B", "Multiple Witnesses": "False", "jaccard_score": 0.0010801913481816778, "Forest cover rate": "77.2%", "Dte": "15", "Witness Count": "0.0", "National Park Visitation Count": "1745892", "City/Suburb/Town/Rural": "Rural", "Month": "July", "County": "Ritchie", "Year": "2009", "Number of lakes": "0-250"}