{"Total Disasters": "1.0", "BigFoot Hotspot": "FALSE", "Unemployment_rate": "", "Report Type": "Report", "State": "Ohio", "id": "2ca8c177-68bf-44bc-9f22-e7077221c446", "Time And Conditions": "Around Midnight.", "Civilian labor force": "", "Nearest Town": "Ney", "Season": "Unknown", "Class": "Class A", "Multiple Witnesses": "False", "jaccard_score": 0.0008744406151946916, "Forest cover rate": "28.9%", "Dte": "27", "Witness Count": "1.0", "National Park Visitation Count": "", "City/Suburb/Town/Rural": "", "Month": "August", "County": "Defiance", "Year": "1997", "Number of lakes": "0-250"}