{"Total Disasters": "3.0", "BigFoot Hotspot": "FALSE", "Unemployment_rate": "2.3", "Report Type": "Report", "State": "Nebraska", "id": "2cbb6a25-230d-4e5d-9c61-7200386cbac6", "Time And Conditions": "probably between 7 and 8 P.m.  It was after dark but it was light enough there to get a very good look at it", "Civilian labor force": "3,396", "Nearest Town": "Valentine", "Season": "Unknown", "Class": "Class A", "Multiple Witnesses": "False", "jaccard_score": 0.0010801913481816778, "Forest cover rate": "1.8%", "Dte": "8", "Witness Count": "2.0", "National Park Visitation Count": "", "City/Suburb/Town/Rural": "Rural", "Month": "November", "County": "Cherry", "Year": "2008", "Number of lakes": "0-250"}