{"Total Disasters": "3.0", "BigFoot Hotspot": "FALSE", "Unemployment_rate": "8.6", "Report Type": "Report", "State": "California", "id": "2ccc26c5-134e-444c-aba2-6aee01e6953c", "Time And Conditions": "11pm-Midnight Clear Night half moon+starlight.", "Civilian labor force": "912,039", "Nearest Town": "Moutain Center", "Season": "Fall", "Class": "Class B", "Multiple Witnesses": "False", "jaccard_score": 0.0010801913481816778, "Forest cover rate": "17.8%", "Dte": "8", "Witness Count": "1.0", "National Park Visitation Count": "34410505", "City/Suburb/Town/Rural": "City", "Month": "July", "County": "Riverside", "Year": "2008", "Number of lakes": "2501-5000"}