{"Total Disasters": "1.0", "BigFoot Hotspot": "FALSE", "Unemployment_rate": "3.9", "Report Type": "Report", "State": "Colorado", "Month": "April", "id": "2cde81d1-312c-4076-9977-ab41619cff6a", "Time And Conditions": "Clear night at around 11pm no wind the only other ambient sound was the river/stream. down the hill.", "Civilian labor force": "74,675", "Nearest Town": "The Bible camp is located in Grand Junction though.", "Season": "Summer", "Class": "Class A", "Multiple Witnesses": "False", "jaccard_score": 0.0010287536649349314, "Forest cover rate": "17.5%", "Dte": "26", "Witness Count": "1.0", "City/Suburb/Town/Rural": "City", "Number of lakes": "501-1500", "County": "Mesa", "Year": "2006", "National Park Visitation Count": "6227241"}