{"Total Disasters": "0.0", "BigFoot Hotspot": "FALSE", "Unemployment_rate": "5.6", "Report Type": "Report", "State": "New York", "Month": "March", "id": "2ce0b2c0-e9c6-4b27-8bbd-41de4d0fcc10", "Time And Conditions": "Mid-day, sunny. Leaves and foilage just beginning to bloom.", "Civilian labor force": "19,949", "Nearest Town": "Location withheld", "Season": "Spring", "Class": "Class B", "Multiple Witnesses": "False", "jaccard_score": 0.0010287536649349314, "Forest cover rate": "50.9%", "Dte": "29", "Witness Count": "0.0", "City/Suburb/Town/Rural": "City", "Number of lakes": "5001-10000", "County": "Orleans", "Year": "2005", "National Park Visitation Count": "15507229"}