{"Total Disasters": "4.0", "BigFoot Hotspot": "FALSE", "Unemployment_rate": "7.7", "Report Type": "Report", "State": "Illinois", "Month": "December", "id": "2cea3df5-ffc2-427f-bf8a-02124248a552", "Time And Conditions": "10 pm dark but clear. I was wearing a 150 lumens headlamp with fresh batteries", "Civilian labor force": "7,367", "Nearest Town": "Jonesboro", "Season": "Fall", "Class": "Class A", "Multiple Witnesses": "True", "jaccard_score": 0.0010801913481816778, "Forest cover rate": "11.5%", "Dte": "2", "Witness Count": "5.0", "City/Suburb/Town/Rural": "Town", "Number of lakes": "0-250", "County": "Union", "Year": "2015", "National Park Visitation Count": "233299"}