{"Number of lakes": "5001-10000", "Total Disasters": "0.0", "BigFoot Hotspot": "FALSE", "Unemployment_rate": "7.1", "Report Type": "Report", "State": "Washington", "id": "2cf4c1cd-ec0a-4d41-8064-44e96b51cecd", "Time And Conditions": "5:00 to 6:00 am, right before daybreak. Clear night, no clouds or rain.", "Civilian labor force": "18,756", "Nearest Town": "Easton", "Season": "Summer", "Class": "Class B", "Multiple Witnesses": "False", "jaccard_score": 0.0010287536649349314, "Forest cover rate": "40.7%", "Dte": "18", "Witness Count": "0.0", "City/Suburb/Town/Rural": "Suburb", "Month": "August", "County": "Kittitas", "Year": "2004", "National Park Visitation Count": "7256946"}