{"Total Disasters": "0.0", "BigFoot Hotspot": "FALSE", "Unemployment_rate": "12.1", "Report Type": "Report", "State": "Washington", "id": "2d19a793-3aed-4a4e-8c96-44b4cbc8abb5", "Time And Conditions": "around 11 to 11:30 am. It was raining (steady but not hard)a little windy. It's a pretty forested area running along 2 rivers. Fall River and Boss Creek", "Civilian labor force": "8,103", "Nearest Town": "Raymond, WA", "Season": "Spring", "Class": "Class B", "Multiple Witnesses": "False", "jaccard_score": 0.0010801913481816778, "Forest cover rate": "40.7%", "Dte": "28", "Witness Count": "1.0", "National Park Visitation Count": "7217400", "City/Suburb/Town/Rural": "Rural", "Month": "June", "County": "Pacific", "Year": "2011", "Number of lakes": "5001-10000"}