{"Number of lakes": "over 2000", "Total Disasters": "3.0", "BigFoot Hotspot": "FALSE", "Unemployment_rate": "8.6", "Report Type": "Report", "State": "Michigan", "id": "2d2d5fac-7468-40b0-8219-eff5239bae1d", "Time And Conditions": "It was dark", "Civilian labor force": "14,724", "Nearest Town": "Kingsley, Michigan", "Season": "Fall", "Class": "Class A", "Multiple Witnesses": "True", "jaccard_score": 0.0010801913481816778, "Forest cover rate": "51.2%", "Dte": "23", "Witness Count": "4.0", "City/Suburb/Town/Rural": "Town", "Month": "June", "County": "Wexford", "Year": "2014", "National Park Visitation Count": "1638863"}