{"Total Disasters": "0.0", "BigFoot Hotspot": "FALSE", "Unemployment_rate": "", "Report Type": "Report", "State": "Oregon", "Month": "January", "id": "2d2ded31-14b1-497e-b2ff-5be4390be391", "Time And Conditions": "", "Civilian labor force": "", "Nearest Town": "Burns", "Season": "Fall", "Class": "Class B", "Multiple Witnesses": "False", "jaccard_score": 0.0008744406151946916, "Forest cover rate": "38.8%", "Dte": "2", "Witness Count": "1.0", "City/Suburb/Town/Rural": "", "Number of lakes": "501-1500", "County": "Harney", "Year": "1999", "National Park Visitation Count": ""}