{"Total Disasters": "2.0", "BigFoot Hotspot": "FALSE", "Unemployment_rate": "5.2", "Report Type": "Report", "State": "Wisconsin", "id": "2379ae7a-1ad3-4ecc-aea7-8cd6df487f53", "Time And Conditions": "ok lighting by street light", "Civilian labor force": "27,175", "Nearest Town": "Appleton", "Season": "Fall", "Class": "Class B", "Multiple Witnesses": "False", "jaccard_score": 0.0010801913481816778, "Forest cover rate": "45.2%", "Dte": "18", "Witness Count": "1.0", "National Park Visitation Count": "384447", "City/Suburb/Town/Rural": "City", "Month": "January", "County": "Calumet", "Year": "2013", "Number of lakes": "10001-20000"}