{"Total Disasters": "2.0", "BigFoot Hotspot": "FALSE", "Unemployment_rate": "8.2", "Report Type": "Report", "State": "Georgia", "Month": "August", "id": "237a2adc-f6a1-4f19-ad83-f3ba4c1de093", "Time And Conditions": "2 Am..dark outside but lit by streetlights and porch light.", "Civilian labor force": "74,215", "Nearest Town": "Dallas/Acworth", "Season": "Summer", "Class": "Class B", "Multiple Witnesses": "False", "jaccard_score": 0.0010801913481816778, "Forest cover rate": "64.2%", "Dte": "13", "Witness Count": "0.0", "City/Suburb/Town/Rural": "City", "Number of lakes": "0-250", "County": "Paulding", "Year": "2012", "National Park Visitation Count": "7866731"}