{"Number of lakes": "5001-10000", "Total Disasters": "0.0", "BigFoot Hotspot": "TRUE", "Unemployment_rate": "6.6", "Report Type": "Report", "State": "Washington", "id": "2393d480-fb20-460e-b9a1-f4b915913f7b", "Time And Conditions": "Between 10pm and 11pm. Very dark and overcast but also very still it was in the low 30's", "Civilian labor force": "333,258", "Nearest Town": "Darrington", "Season": "Fall", "Class": "Class B", "Multiple Witnesses": "False", "jaccard_score": 0.0010801913481816778, "Forest cover rate": "40.7%", "Dte": "17", "Witness Count": "2.0", "City/Suburb/Town/Rural": "City", "Month": "May", "County": "Snohomish", "Year": "2002", "National Park Visitation Count": ""}