{"Total Disasters": "1.0", "BigFoot Hotspot": "FALSE", "Unemployment_rate": "4.0", "Report Type": "Report", "State": "Wyoming", "Month": "August", "id": "23ab4932-248d-49aa-84e9-e73dad7aa80d", "Time And Conditions": "Incident occurred in the late afternoon. Weather was clear at the time with good visibility. There may have been intermittent thunder storms in the region, but there was no rain in my area.", "Civilian labor force": "14,315", "Nearest Town": "Cody", "Season": "Summer", "Class": "Class A", "Multiple Witnesses": "False", "jaccard_score": 0.0010287536649349314, "Forest cover rate": "9.2%", "Dte": "2", "Witness Count": "1.0", "City/Suburb/Town/Rural": "Rural", "Number of lakes": "0-250", "County": "Park", "Year": "2000", "National Park Visitation Count": "7092328"}