{"Total Disasters": "0.0", "BigFoot Hotspot": "FALSE", "Unemployment_rate": "6.1", "Report Type": "Report", "State": "New Mexico", "id": "23ae7249-3df8-421f-a800-39533d4baa3c", "Time And Conditions": "early morning full moon cold", "Civilian labor force": "20,631", "Nearest Town": "bloomfield nm", "Season": "Winter", "Class": "Class A", "Multiple Witnesses": "False", "jaccard_score": 0.0010801913481816778, "Forest cover rate": "5.6%", "Dte": "1", "Witness Count": "2.0", "National Park Visitation Count": "1733165", "City/Suburb/Town/Rural": "Suburb", "Month": "May", "County": "Rio Arriba", "Year": "2005", "Number of lakes": "501-1500"}