{"Total Disasters": "2.0", "BigFoot Hotspot": "TRUE", "Unemployment_rate": "9.2", "Report Type": "Report", "State": "Washington", "id": "23b570f7-c7ec-45df-9722-74afa913bf8c", "Time And Conditions": "9pm and 1am approx", "Civilian labor force": "5,515", "Nearest Town": "randle", "Season": "Winter", "Class": "Class B", "Multiple Witnesses": "False", "jaccard_score": 0.0010801913481816778, "Forest cover rate": "40.7%", "Dte": "31", "Witness Count": "1.0", "National Park Visitation Count": "8508019", "City/Suburb/Town/Rural": "City", "Month": "July", "County": "Skamania", "Year": "2020", "Number of lakes": "5001-10000"}