{"Total Disasters": "1.0", "BigFoot Hotspot": "FALSE", "Unemployment_rate": "5.5", "Report Type": "Report", "State": "Colorado", "id": "23d13007-384f-4895-91b0-82071d244332", "Time And Conditions": "Approximately midnight. Dark but with a full moon. Clear, no wind and about 40 degrees at the coldest.", "Civilian labor force": "5,800", "Nearest Town": "Bayfield, CO.", "Season": "Spring", "Class": "Class B", "Multiple Witnesses": "True", "jaccard_score": 0.0010801913481816778, "Forest cover rate": "17.5%", "Dte": "19", "Witness Count": "3.0", "National Park Visitation Count": "5474531", "City/Suburb/Town/Rural": "Rural", "Month": "July", "County": "Archuleta", "Year": "2004", "Number of lakes": "501-1500"}