{"Total Disasters": "1.0", "BigFoot Hotspot": "FALSE", "Unemployment_rate": "7.7", "Report Type": "Report", "State": "California", "id": "23d2915c-cfa2-4f05-bceb-184fe93ad8df", "Time And Conditions": "Middle of the Day.  On a long downhill.  Maybe since he was coasting downhill is the reason he got so close before being detected by \"it\"?", "Civilian labor force": "98,313", "Nearest Town": "Forbestown", "Season": "Summer", "Class": "Class B", "Multiple Witnesses": "True", "jaccard_score": 0.0010801913481816778, "Forest cover rate": "17.8%", "Dte": "20", "Witness Count": "4.0", "National Park Visitation Count": "34177138", "City/Suburb/Town/Rural": "City", "Month": "November", "County": "Butte", "Year": "2003", "Number of lakes": "2501-5000"}