{"Total Disasters": "8.0", "BigFoot Hotspot": "FALSE", "Unemployment_rate": "", "Report Type": "Report", "State": "Virginia", "Month": "January", "id": "23d2cd3c-dc13-4de7-adba-0a06f08cf55a", "Time And Conditions": "Around 7pm. It just after last light.", "Civilian labor force": "", "Nearest Town": "Collierstown, VA or Lexington, VA", "Season": "Winter", "Class": "Class B", "Multiple Witnesses": "False", "jaccard_score": 0.0009773159816881848, "Forest cover rate": "60.7%", "Dte": "10", "Witness Count": "1.0", "City/Suburb/Town/Rural": "", "Number of lakes": "0-250", "County": "Rockbridge", "Year": "2021", "National Park Visitation Count": "14099143"}