{"Total Disasters": "4.0", "BigFoot Hotspot": "FALSE", "Unemployment_rate": "5.7", "Report Type": "Report", "State": "Georgia", "Month": "April", "id": "23ea4815-59b7-4324-8135-f31aa3018fb0", "Time And Conditions": "EST 11 pm till 3am ; Mist, full moon good visibility", "Civilian labor force": "8,497", "Nearest Town": "Glennville", "Season": "Winter", "Class": "Class B", "Multiple Witnesses": "True", "jaccard_score": 0.0010801913481816778, "Forest cover rate": "64.2%", "Dte": "10", "Witness Count": "5.0", "City/Suburb/Town/Rural": "Town", "Number of lakes": "0-250", "County": "Tattnall", "Year": "2002", "National Park Visitation Count": "7023684"}