{"Total Disasters": "2.0", "BigFoot Hotspot": "FALSE", "Unemployment_rate": "7.0", "Report Type": "Report", "State": "Georgia", "id": "23f1e42a-fa92-44b0-a876-e1ce02d878d2", "Time And Conditions": "day time, damp had rained the night before", "Civilian labor force": "50,172", "Nearest Town": "Calhoun", "Season": "Summer", "Class": "Class B", "Multiple Witnesses": "False", "jaccard_score": 0.0010801913481816778, "Forest cover rate": "64.2%", "Dte": "6", "Witness Count": "1.0", "National Park Visitation Count": "6102961", "City/Suburb/Town/Rural": "City", "Month": "January", "County": "Floyd", "Year": "2008", "Number of lakes": "0-250"}