{"Total Disasters": "3.0", "BigFoot Hotspot": "FALSE", "Unemployment_rate": "5.4", "Report Type": "Report", "State": "Ohio", "Month": "July", "id": "240a00e4-2512-469d-b9d8-322c451aa423", "Time And Conditions": "12:30 A.M. CLEAR AND CALM. NO WIND BLOWING.", "Civilian labor force": "177,123", "Nearest Town": "OKEANA, OHIO", "Season": "Summer", "Class": "Class A", "Multiple Witnesses": "False", "jaccard_score": 0.0010801913481816778, "Forest cover rate": "28.9%", "Dte": "14", "Witness Count": "0.0", "City/Suburb/Town/Rural": "City", "Number of lakes": "0-250", "County": "Butler", "Year": "2002", "National Park Visitation Count": "3509983"}