{"Total Disasters": "0.0", "BigFoot Hotspot": "FALSE", "Unemployment_rate": "9.3", "Report Type": "Report", "State": "Oregon", "Month": "March", "id": "240d7536-ee03-4a20-b5df-5bb066327d38", "Time And Conditions": "Nighttime, few light sources around. It was not raining at that moment but had been on and off all day, this is Oregon!", "Civilian labor force": "47,594", "Nearest Town": "Glide, Oregon", "Season": "Winter", "Class": "Class A", "Multiple Witnesses": "False", "jaccard_score": 0.0010801913481816778, "Forest cover rate": "38.8%", "Dte": "10", "Witness Count": "1.0", "City/Suburb/Town/Rural": "Suburb", "Number of lakes": "501-1500", "County": "Douglas", "Year": "2004", "National Park Visitation Count": "887439"}