{"Total Disasters": "2.0", "BigFoot Hotspot": "FALSE", "Unemployment_rate": "8.4", "Report Type": "Report", "State": "West Virginia", "Month": "March", "id": "243c139c-9028-49b6-a055-be4a7e60f8e5", "Time And Conditions": "About 2 Hrs before dark..cloudy..45* or so", "Civilian labor force": "17,570", "Nearest Town": "Fayetteville", "Season": "Winter", "Class": "Class A", "Multiple Witnesses": "False", "jaccard_score": 0.0010801913481816778, "Forest cover rate": "77.2%", "Dte": "2", "Witness Count": "0.0", "City/Suburb/Town/Rural": "City", "Number of lakes": "0-250", "County": "Fayette", "Year": "2012", "National Park Visitation Count": "1594150"}