{"Total Disasters": "3.0", "BigFoot Hotspot": "FALSE", "Unemployment_rate": "9.9", "Report Type": "Report", "State": "Illinois", "id": "245ab7c8-30e6-486a-8d24-3bba855c568b", "Time And Conditions": "Around 3:00 am.  Moon was either full or almost full.  Bright night.  Flood light on, on the E. side of house facing south.", "Civilian labor force": "54,340", "Nearest Town": "Decatur", "Season": "Winter", "Class": "Class A", "Multiple Witnesses": "False", "jaccard_score": 0.0010801913481816778, "Forest cover rate": "11.5%", "Dte": "19", "Witness Count": "0.0", "National Park Visitation Count": "408434", "City/Suburb/Town/Rural": "City", "Month": "November", "County": "Macon", "Year": "2012", "Number of lakes": "0-250"}