{"Total Disasters": "3.0", "BigFoot Hotspot": "FALSE", "Unemployment_rate": "11.8", "Report Type": "Report", "State": "Illinois", "id": "246c9c16-3a31-4d42-9df3-7e2665123da6", "Time And Conditions": "12:30 a.m.", "Civilian labor force": "17,564", "Nearest Town": "Canton", "Season": "Fall", "Class": "Class A", "Multiple Witnesses": "False", "jaccard_score": 0.0010801913481816778, "Forest cover rate": "11.5%", "Dte": "1", "Witness Count": "0.0", "National Park Visitation Count": "354125", "City/Suburb/Town/Rural": "Suburb", "Month": "December", "County": "Fulton", "Year": "2010", "Number of lakes": "0-250"}