{"Total Disasters": "0.0", "BigFoot Hotspot": "FALSE", "Unemployment_rate": "5.4", "Report Type": "Report", "State": "New Mexico", "id": "248439a1-3e80-4fbf-94d0-1fe667ea45d0", "Time And Conditions": "WARM SUMMER AFTERNOON, CLEAR SKY, LEAVES WERE STARTING TO CHANGE COLORS. QUIET..", "Civilian labor force": "53,743", "Nearest Town": "RED VALLEY", "Season": "Fall", "Class": "Class A", "Multiple Witnesses": "False", "jaccard_score": 0.0010801913481816778, "Forest cover rate": "5.6%", "Dte": "5", "Witness Count": "2.0", "National Park Visitation Count": "1825305", "City/Suburb/Town/Rural": "City", "Month": "May", "County": "San Juan", "Year": "2005", "Number of lakes": "501-1500"}