{"Number of lakes": "5001-10000", "Total Disasters": "0.0", "BigFoot Hotspot": "TRUE", "Unemployment_rate": "", "Report Type": "Report", "State": "Washington", "id": "24b915f6-7023-4b78-b36c-8143670b2055", "Time And Conditions": "", "Civilian labor force": "", "Nearest Town": "Sultan", "Season": "Summer", "Class": "Class B", "Multiple Witnesses": "False", "jaccard_score": 0.0009258782984414382, "Forest cover rate": "40.7%", "Dte": "21", "Witness Count": "2.0", "City/Suburb/Town/Rural": "", "Month": "November", "County": "Snohomish", "Year": "1998", "National Park Visitation Count": "7781362"}