{"Total Disasters": "1.0", "BigFoot Hotspot": "TRUE", "Unemployment_rate": "7.4", "Report Type": "Report", "State": "Washington", "id": "24c5e134-fbe5-466b-bb38-eb1ee1292a64", "Time And Conditions": "Mid afternoon", "Civilian labor force": "387,127", "Nearest Town": "Darrington/Silverton", "Season": "Fall", "Class": "Class B", "Multiple Witnesses": "False", "jaccard_score": 0.0010801913481816778, "Forest cover rate": "40.7%", "Dte": "5", "Witness Count": "0.0", "National Park Visitation Count": "7140553", "City/Suburb/Town/Rural": "City", "Month": "December", "County": "Snohomish", "Year": "2012", "Number of lakes": "5001-10000"}