{"Total Disasters": "1.0", "BigFoot Hotspot": "FALSE", "Unemployment_rate": "5.2", "Report Type": "Report", "State": "New York", "id": "24d2971e-2450-4783-ab03-e7ea1ed17077", "Time And Conditions": "late morning / early afternoon", "Civilian labor force": "44,716", "Nearest Town": "Canisteo", "Season": "Spring", "Class": "Class A", "Multiple Witnesses": "False", "jaccard_score": 0.0010801913481816778, "Forest cover rate": "50.9%", "Dte": "25", "Witness Count": "2.0", "National Park Visitation Count": "", "City/Suburb/Town/Rural": "Suburb", "Month": "January", "County": "Steuben", "Year": "2006", "Number of lakes": "5001-10000"}