{"Total Disasters": "0.0", "BigFoot Hotspot": "FALSE", "Unemployment_rate": "3.9", "Report Type": "Report", "State": "Utah", "id": "24fb3cf0-e14e-44d1-ad14-1ab580dbfbcc", "Time And Conditions": "About 3 pm.  Clear.", "Civilian labor force": "206,470", "Nearest Town": "Provo", "Season": "Summer", "Class": "Class B", "Multiple Witnesses": "True", "jaccard_score": 0.0010287536649349314, "Forest cover rate": "8.9%", "Dte": "18", "Witness Count": "4.0", "National Park Visitation Count": "8000456", "City/Suburb/Town/Rural": "City", "Month": "April", "County": "Utah", "Year": "2005", "Number of lakes": "501-1500"}