{"Total Disasters": "1.0", "BigFoot Hotspot": "FALSE", "Unemployment_rate": "6.5", "Report Type": "Report", "State": "Oregon", "id": "24ff571a-c674-4c74-bbac-06a66b01c2f0", "Time And Conditions": "Between 0100 and 0330 a.m. It was a clear night with a full moon shining from the east through some trees. The wind was blowing off and on coming from the east.", "Civilian labor force": "21,190", "Nearest Town": "Roselodge", "Season": "Summer", "Class": "Class B", "Multiple Witnesses": "True", "jaccard_score": 0.0010801913481816778, "Forest cover rate": "38.8%", "Dte": "19", "Witness Count": "4.0", "National Park Visitation Count": "831394", "City/Suburb/Town/Rural": "Town", "Month": "July", "County": "Lincoln", "Year": "2000", "Number of lakes": "501-1500"}