{"Total Disasters": "5.0", "BigFoot Hotspot": "FALSE", "Unemployment_rate": "6.2", "Report Type": "Report", "State": "Illinois", "Month": "November", "id": "2505d450-49ad-4f96-a7d2-5be5effbe35a", "Time And Conditions": "About 11 pm, clear night, almost full moon, warm for time of year maybe 55-60 degrees, some light from nearby highway.", "Civilian labor force": "19,292", "Nearest Town": "Carlyle", "Season": "Fall", "Class": "Class A", "Multiple Witnesses": "False", "jaccard_score": 0.0010801913481816778, "Forest cover rate": "11.5%", "Dte": "6", "Witness Count": "0.0", "City/Suburb/Town/Rural": "City", "Number of lakes": "0-250", "County": "Clinton", "Year": "2008", "National Park Visitation Count": "358809"}