{"Total Disasters": "3.0", "BigFoot Hotspot": "FALSE", "Unemployment_rate": "6.5", "Report Type": "Report", "State": "New York", "id": "25226425-4338-4452-bd35-ccf3a94770ce", "Time And Conditions": "It was in the afternoon the sun was shining so we could see a lot.", "Civilian labor force": "12,430", "Nearest Town": "Lyon Falls", "Season": "Summer", "Class": "Class A", "Multiple Witnesses": "True", "jaccard_score": 0.0010801913481816778, "Forest cover rate": "50.9%", "Dte": "4", "Witness Count": "7.0", "National Park Visitation Count": "19980010", "City/Suburb/Town/Rural": "Town", "Month": "August", "County": "Lewis", "Year": "2003", "Number of lakes": "5001-10000"}