{"Number of lakes": "over 2000", "Total Disasters": "1.0", "BigFoot Hotspot": "FALSE", "Unemployment_rate": "6.0", "Report Type": "Report", "State": "Florida", "id": "2541d380-3636-4cb1-91ad-dd6ff592611c", "Time And Conditions": "About 4 pm", "Civilian labor force": "683,721", "Nearest Town": "Palm Beach Gardens", "Season": "Summer", "Class": "Class B", "Multiple Witnesses": "True", "jaccard_score": 0.0010287536649349314, "Forest cover rate": "42.4%", "Dte": "23", "Witness Count": "6.0", "City/Suburb/Town/Rural": "City", "Month": "June", "County": "Palm Beach", "Year": "2014", "National Park Visitation Count": ""}