{"Total Disasters": "2.0", "BigFoot Hotspot": "FALSE", "Unemployment_rate": "5.8", "Report Type": "Report", "State": "Alabama", "Month": "June", "id": "2544c67a-1ece-4963-9387-b61013a3d7e0", "Time And Conditions": "It was almost 11 am. And the sun was shining.", "Civilian labor force": "11,407", "Nearest Town": "Cedar Bluff", "Season": "Summer", "Class": "Class A", "Multiple Witnesses": "False", "jaccard_score": 0.0010801913481816778, "Forest cover rate": "70.6%", "Dte": "17", "Witness Count": "0.0", "City/Suburb/Town/Rural": "Town", "Number of lakes": "0-250", "County": "Cherokee", "Year": "2014", "National Park Visitation Count": "343925"}