{"Total Disasters": "2.0", "BigFoot Hotspot": "FALSE", "Unemployment_rate": "8.1", "Report Type": "Report", "State": "Tennessee", "Month": "April", "id": "2566d85b-a8e9-4894-94d8-cee93cc03df5", "Time And Conditions": "at dusk", "Civilian labor force": "34,465", "Nearest Town": "Norris", "Season": "Summer", "Class": "Class B", "Multiple Witnesses": "False", "jaccard_score": 0.0010287536649349314, "Forest cover rate": "52.9%", "Dte": "19", "Witness Count": "2.0", "City/Suburb/Town/Rural": "City", "Number of lakes": "0-250", "County": "Anderson", "Year": "2012", "National Park Visitation Count": "10149028"}