{"Total Disasters": "0.0", "BigFoot Hotspot": "FALSE", "Unemployment_rate": "8.4", "Report Type": "Report", "State": "North Carolina", "Month": "November", "id": "2578d76a-4aa7-49b8-9e64-4cf6e97e523d", "Time And Conditions": "it was around 1:00-2:00am", "Civilian labor force": "68,069", "Nearest Town": "Seagrove", "Season": "Summer", "Class": "Class B", "Multiple Witnesses": "False", "jaccard_score": 0.0010801913481816778, "Forest cover rate": "59.9%", "Dte": "10", "Witness Count": "2.0", "City/Suburb/Town/Rural": "City", "Number of lakes": "0-250", "County": "Randolph", "Year": "2013", "National Park Visitation Count": "19222190"}