{"Number of lakes": "over 2000", "Total Disasters": "0.0", "BigFoot Hotspot": "FALSE", "Unemployment_rate": "7.3", "Report Type": "Report", "State": "Alaska", "id": "2586f66d-2706-4add-b5df-453078926b40", "Time And Conditions": "Early morning overcast", "Civilian labor force": "28,896", "Nearest Town": "Palmer /  Hatcher Pass", "Season": "Fall", "Class": "Class B", "Multiple Witnesses": "False", "jaccard_score": 0.0010801913481816778, "Forest cover rate": "30.4%", "Dte": "5", "Witness Count": "2.0", "City/Suburb/Town/Rural": "City", "Month": "November", "County": "Matanuska-Susitna", "Year": "2000", "National Park Visitation Count": "2025934"}