{"Total Disasters": "0.0", "BigFoot Hotspot": "FALSE", "Unemployment_rate": "", "Report Type": "Report", "State": "Wisconsin", "Month": "January", "id": "25886f81-5665-4601-a824-b691ad870915", "Time And Conditions": "It was about dusk and I was coming home from the neighbors.", "Civilian labor force": "", "Nearest Town": "Merrill", "Season": "Unknown", "Class": "Class A", "Multiple Witnesses": "False", "jaccard_score": 0.0009258782984414382, "Forest cover rate": "45.2%", "Dte": "3", "Witness Count": "0.0", "City/Suburb/Town/Rural": "", "Number of lakes": "10001-20000", "County": "Lincoln", "Year": "1999", "National Park Visitation Count": "467312"}