{"Total Disasters": "2.0", "BigFoot Hotspot": "FALSE", "Unemployment_rate": "3.2", "Report Type": "Report", "State": "Kansas", "id": "2590e809-88ee-46f5-a8f3-865bb2d0c226", "Time And Conditions": "2pm. Temperature was 63 to be exact", "Civilian labor force": "329,826", "Nearest Town": "Lenexa", "Season": "Summer", "Class": "Class B", "Multiple Witnesses": "True", "jaccard_score": 0.0010801913481816778, "Forest cover rate": "2.8%", "Dte": "16", "Witness Count": "3.0", "National Park Visitation Count": "91930", "City/Suburb/Town/Rural": "City", "Month": "October", "County": "Johnson", "Year": "2016", "Number of lakes": "0-250"}