{"Total Disasters": "1.0", "BigFoot Hotspot": "FALSE", "Unemployment_rate": "10.2", "Report Type": "Report", "State": "Montana", "id": "2591178c-46fb-42da-b790-51cb2f9d75f3", "Time And Conditions": "430 am high beams and it was clear", "Civilian labor force": "1,778", "Nearest Town": "Tammany MT", "Season": "Spring", "Class": "Class A", "Multiple Witnesses": "False", "jaccard_score": 0.0010801913481816778, "Forest cover rate": "20.6%", "Dte": "30", "Witness Count": "0.0", "National Park Visitation Count": "2060182", "City/Suburb/Town/Rural": "Rural", "Month": "June", "County": "Mineral", "Year": "2020", "Number of lakes": "2501-5000"}