{"Total Disasters": "1.0", "BigFoot Hotspot": "FALSE", "Unemployment_rate": "6.3", "Report Type": "Report", "State": "Washington", "id": "259b0d76-216f-4970-a65c-9f0f1bdb75d5", "Time And Conditions": "Early morning hours.  Clear but dark.", "Civilian labor force": "29,639", "Nearest Town": "Only Logging Camps", "Season": "Spring", "Class": "Class B", "Multiple Witnesses": "False", "jaccard_score": 0.0010801913481816778, "Forest cover rate": "40.7%", "Dte": "15", "Witness Count": "2.0", "National Park Visitation Count": "", "City/Suburb/Town/Rural": "Town", "Month": "February", "County": "Clallam", "Year": "2006", "Number of lakes": "5001-10000"}