{"Total Disasters": "3.0", "BigFoot Hotspot": "FALSE", "Unemployment_rate": "6.3", "Report Type": "Report", "State": "California", "Month": "September", "id": "25a1fdc8-722d-4730-843b-ca623d8c4aad", "Time And Conditions": "Early dawn!", "Civilian labor force": "429,007", "Nearest Town": "Ojai, Ca.", "Season": "Summer", "Class": "Class A", "Multiple Witnesses": "False", "jaccard_score": 0.0010801913481816778, "Forest cover rate": "17.8%", "Dte": "1", "Witness Count": "0.0", "City/Suburb/Town/Rural": "City", "Number of lakes": "2501-5000", "County": "Ventura", "Year": "2008", "National Park Visitation Count": ""}