{"Total Disasters": "0.0", "BigFoot Hotspot": "FALSE", "Unemployment_rate": "10.2", "Report Type": "Report", "State": "South Carolina", "id": "25a228a7-a292-4a26-b88e-5f93090fd5b3", "Time And Conditions": "early daylight, 7 to 7:20 am", "Civilian labor force": "23,787", "Nearest Town": "Gaffney", "Season": "Spring", "Class": "Class A", "Multiple Witnesses": "False", "jaccard_score": 0.0010287536649349314, "Forest cover rate": "63.8%", "Dte": "28", "Witness Count": "0.0", "National Park Visitation Count": "1500968", "City/Suburb/Town/Rural": "Suburb", "Month": "July", "County": "Cherokee", "Year": "2013", "Number of lakes": "0-250"}