{"Total Disasters": "2.0", "BigFoot Hotspot": "FALSE", "Unemployment_rate": "3.8", "Report Type": "Report", "State": "Nebraska", "Month": "May", "id": "25a6ba1a-4392-4a19-b37c-8e6a4a2d265d", "Time And Conditions": "At 11pm on a fairly clear night.", "Civilian labor force": "11,063", "Nearest Town": "3 miles East of Mead, Nebraska", "Season": "Summer", "Class": "Class B", "Multiple Witnesses": "True", "jaccard_score": 0.0010801913481816778, "Forest cover rate": "1.8%", "Dte": "28", "Witness Count": "8.0", "City/Suburb/Town/Rural": "City", "Number of lakes": "0-250", "County": "Saunders", "Year": "2003", "National Park Visitation Count": "199490"}