{"Total Disasters": "1.0", "BigFoot Hotspot": "TRUE", "Unemployment_rate": "4.4", "Report Type": "Report", "State": "Washington", "id": "25b5dcda-d360-4afa-b49b-11d39553a2a5", "Time And Conditions": "Alway around 1 am. The few times the vocalizations happened it was cold but clear night . I don't know how it was outside when the rocks were thrown..... I hid rather than look.", "Civilian labor force": "1,137,057", "Nearest Town": "Issaquah", "Season": "Winter", "Class": "Class B", "Multiple Witnesses": "False", "jaccard_score": 0.0010287536649349314, "Forest cover rate": "40.7%", "Dte": "1", "Witness Count": "1.0", "National Park Visitation Count": "7529549", "City/Suburb/Town/Rural": "City", "Month": "January", "County": "King", "Year": "2013", "Number of lakes": "5001-10000"}