{"Number of lakes": "0-250", "Total Disasters": "4.0", "BigFoot Hotspot": "FALSE", "Unemployment_rate": "6.0", "Report Type": "Report", "State": "Missouri", "id": "25d0e73a-b75b-4382-bed1-63322a7dee6e", "Time And Conditions": "Late in the Evening around 9-10 pm", "Civilian labor force": "7,622", "Nearest Town": "Cotton", "Season": "Summer", "Class": "Class A", "Multiple Witnesses": "True", "jaccard_score": 0.0010801913481816778, "Forest cover rate": "30.3%", "Dte": "16", "Witness Count": "5.0", "City/Suburb/Town/Rural": "Town", "Month": "February", "County": "Cooper", "Year": "2014", "National Park Visitation Count": ""}