{"Total Disasters": "2.0", "BigFoot Hotspot": "FALSE", "Unemployment_rate": "4.4", "Report Type": "Report", "State": "New York", "id": "25d2c69b-277a-4577-8164-4fd8cb3b7637", "Time And Conditions": "the time between 3:00-3:15am, the lighting was camp fire background, the weather was clear", "Civilian labor force": "36,254", "Nearest Town": "hague", "Season": "Summer", "Class": "Class B", "Multiple Witnesses": "True", "jaccard_score": 0.0010801913481816778, "Forest cover rate": "50.9%", "Dte": "19", "Witness Count": "4.0", "National Park Visitation Count": "", "City/Suburb/Town/Rural": "City", "Month": "July", "County": "Warren", "Year": "2007", "Number of lakes": "5001-10000"}