{"Total Disasters": "2.0", "BigFoot Hotspot": "TRUE", "Unemployment_rate": "4.5", "Report Type": "Report", "State": "Washington", "id": "25e29be9-b37a-41a2-a2ce-80ade429dd7b", "Time And Conditions": "17:30, 73 degrees, no wind less an occasional breeze. Not a cloud in the sky but it was a heavily wooded area so it wasn't bright by any means under the forest cover.", "Civilian labor force": "404,003", "Nearest Town": "Darrington", "Season": "Spring", "Class": "Class B", "Multiple Witnesses": "False", "jaccard_score": 0.0010287536649349314, "Forest cover rate": "40.7%", "Dte": "10", "Witness Count": "2.0", "National Park Visitation Count": "7674514", "City/Suburb/Town/Rural": "City", "Month": "May", "County": "Snohomish", "Year": "2015", "Number of lakes": "5001-10000"}