{"Number of lakes": "over 2000", "Total Disasters": "2.0", "BigFoot Hotspot": "FALSE", "Unemployment_rate": "5.7", "Report Type": "Report", "State": "Minnesota", "id": "2604d742-9bed-44b6-921f-99e6e641cd44", "Time And Conditions": "one hour before sunset. Weather was warm with a 5 mph wind. Long shadows and absence of color in the forest. Leaves still on the underbrush and trees.", "Civilian labor force": "103,452", "Nearest Town": "Two Harbors", "Season": "Summer", "Class": "Class B", "Multiple Witnesses": "False", "jaccard_score": 0.0010801913481816778, "Forest cover rate": "28.9%", "Dte": "13", "Witness Count": "1.0", "City/Suburb/Town/Rural": "City", "Month": "January", "County": "St. Louis", "Year": "2001", "National Park Visitation Count": ""}