{"Number of lakes": "over 2000", "Total Disasters": "1.0", "BigFoot Hotspot": "FALSE", "Unemployment_rate": "10.2", "Report Type": "Report", "State": "Florida", "id": "2609cb2b-f2e0-4a6e-95eb-be913b815c05", "Time And Conditions": "Mid-morning, cool and clear.", "Civilian labor force": "41,902", "Nearest Town": "Ormond Beach", "Season": "Winter", "Class": "Class B", "Multiple Witnesses": "False", "jaccard_score": 0.0010801913481816778, "Forest cover rate": "42.4%", "Dte": "12", "Witness Count": "0.0", "City/Suburb/Town/Rural": "City", "Month": "March", "County": "Flagler", "Year": "2012", "National Park Visitation Count": "11956326"}