{"Total Disasters": "1.0", "BigFoot Hotspot": "FALSE", "Unemployment_rate": "7.2", "Report Type": "Report", "State": "Michigan", "id": "2610b27d-827e-4f00-98a4-cdd33102c261", "Time And Conditions": "First encounter: Bright sunny spring day early afternoon. In woods, dappled sunlite.", "Civilian labor force": "125,104", "Nearest Town": "Kalamazoo Michigan", "Season": "Spring", "Class": "Class A", "Multiple Witnesses": "False", "jaccard_score": 0.0010801913481816778, "Forest cover rate": "51.2%", "Dte": "20", "Witness Count": "0.0", "National Park Visitation Count": "", "City/Suburb/Town/Rural": "City", "Month": "November", "County": "Kalamazoo", "Year": "2012", "Number of lakes": "over 2000"}