{"Total Disasters": "6.0", "BigFoot Hotspot": "FALSE", "Unemployment_rate": "", "Report Type": "Report", "State": "North Carolina", "Month": "October", "id": "261b0f29-8e34-47eb-aa6e-aaa29e520408", "Time And Conditions": "around 2 am, dark road, very rural area, clear skies, crisp and cool.", "Civilian labor force": "", "Nearest Town": "spruce pine, nc", "Season": "Fall", "Class": "Class A", "Multiple Witnesses": "False", "jaccard_score": 0.0009773159816881848, "Forest cover rate": "59.9%", "Dte": "5", "Witness Count": "2.0", "City/Suburb/Town/Rural": "", "Number of lakes": "0-250", "County": "Mcdowell", "Year": "2011", "National Park Visitation Count": "20078098"}