{"Number of lakes": "5001-10000", "Total Disasters": "4.0", "BigFoot Hotspot": "FALSE", "Unemployment_rate": "6.9", "Report Type": "Report", "State": "Texas", "id": "264dd51e-b9a6-4880-ae61-ce2243f307e7", "Time And Conditions": "10:00am morning,  Beautiful sunny day with a few clouds in sky.  Not too hot.", "Civilian labor force": "6,136", "Nearest Town": "Sudan", "Season": "Summer", "Class": "Class B", "Multiple Witnesses": "False", "jaccard_score": 0.0010801913481816778, "Forest cover rate": "7%", "Dte": "11", "Witness Count": "2.0", "City/Suburb/Town/Rural": "Town", "Month": "July", "County": "Lamb", "Year": "2013", "National Park Visitation Count": "3482052"}