{"Total Disasters": "1.0", "BigFoot Hotspot": "FALSE", "Unemployment_rate": "5.4", "Report Type": "Report", "State": "Oklahoma", "Month": "April", "id": "265109a9-de3b-4af8-a022-713b69e15bcd", "Time And Conditions": "5:15pm still good light weather was fair but front was on the way.", "Civilian labor force": "21,231", "Nearest Town": "Big Cedar, OK", "Season": "Spring", "Class": "Class A", "Multiple Witnesses": "False", "jaccard_score": 0.0010801913481816778, "Forest cover rate": "14.2%", "Dte": "27", "Witness Count": "2.0", "City/Suburb/Town/Rural": "City", "Number of lakes": "0-250", "County": "Le Flore", "Year": "2004", "National Park Visitation Count": "1290466"}