{"Total Disasters": "2.0", "BigFoot Hotspot": "FALSE", "Unemployment_rate": "9.8", "Report Type": "Report", "State": "Virginia", "id": "265ecd81-cea0-404f-aadd-2fc9d8287c14", "Time And Conditions": "About midnight", "Civilian labor force": "13,716", "Nearest Town": "Clarksville, Va", "Season": "Spring", "Class": "Class A", "Multiple Witnesses": "False", "jaccard_score": 0.0010801913481816778, "Forest cover rate": "60.7%", "Dte": "16", "Witness Count": "0.0", "National Park Visitation Count": "", "City/Suburb/Town/Rural": "Rural", "Month": "November", "County": "Mecklenburg", "Year": "2003", "Number of lakes": "0-250"}