{"Total Disasters": "0.0", "BigFoot Hotspot": "FALSE", "Unemployment_rate": "5.7", "Report Type": "Report", "State": "Michigan", "id": "2665e533-0ba2-4ff9-ae5a-651c4d17935f", "Time And Conditions": "", "Civilian labor force": "15,556", "Nearest Town": "Alpena", "Season": "Fall", "Class": "Class B", "Multiple Witnesses": "False", "jaccard_score": 0.0010287536649349314, "Forest cover rate": "51.2%", "Dte": "6", "Witness Count": "1.0", "National Park Visitation Count": "1777257", "City/Suburb/Town/Rural": "Town", "Month": "February", "County": "Alpena", "Year": "2000", "Number of lakes": "over 2000"}