{"Total Disasters": "0.0", "BigFoot Hotspot": "FALSE", "Unemployment_rate": "6.9", "Report Type": "Report", "State": "Maine", "Month": "March", "id": "267cf5f7-082c-4840-8355-33b7a931364d", "Time And Conditions": "Early morning, overcast, cloudy, cold, misty rain, no sun or wind.", "Civilian labor force": "7,330", "Nearest Town": "Baxter", "Season": "Fall", "Class": "Class B", "Multiple Witnesses": "False", "jaccard_score": 0.0010801913481816778, "Forest cover rate": "89%", "Dte": "13", "Witness Count": "1.0", "City/Suburb/Town/Rural": "Town", "Number of lakes": "2501-5000", "County": "Piscataquis", "Year": "2004", "National Park Visitation Count": ""}