{"Total Disasters": "3.0", "BigFoot Hotspot": "FALSE", "Unemployment_rate": "5.7", "Report Type": "Report", "State": "Ohio", "Month": "June", "id": "269944fa-d6fe-4765-9daf-0c1ff26f9aba", "Time And Conditions": "Around 8 PM at night and clear skies.", "Civilian labor force": "21,189", "Nearest Town": "Gratis", "Season": "Spring", "Class": "Class B", "Multiple Witnesses": "True", "jaccard_score": 0.0010287536649349314, "Forest cover rate": "28.9%", "Dte": "7", "Witness Count": "3.0", "City/Suburb/Town/Rural": "Rural", "Number of lakes": "0-250", "County": "Preble", "Year": "2014", "National Park Visitation Count": "2446568"}