{"Total Disasters": "0.0", "BigFoot Hotspot": "FALSE", "Unemployment_rate": "4.3", "Report Type": "Report", "State": "Rhode Island", "id": "26a358cc-db77-4a93-8860-93adfda277a9", "Time And Conditions": "It was between 12 p.m. and 3 p.m. and mostly sunny.", "Civilian labor force": "73,922", "Nearest Town": "South Kingstown", "Season": "Fall", "Class": "Class B", "Multiple Witnesses": "False", "jaccard_score": 0.0010287536649349314, "Forest cover rate": "50.8%", "Dte": "23", "Witness Count": "0.0", "National Park Visitation Count": "52671", "City/Suburb/Town/Rural": "City", "Month": "November", "County": "Washington", "Year": "2006", "Number of lakes": "0-250"}