{"Total Disasters": "0.0", "BigFoot Hotspot": "FALSE", "Unemployment_rate": "8.9", "Report Type": "Report", "State": "Virginia", "Month": "November", "id": "26ca43d7-db54-4edc-8c16-41e432f9e0fd", "Time And Conditions": "not quite dusk, mild temp, clear sky", "Civilian labor force": "13,397", "Nearest Town": "Chilhowie, VA", "Season": "Fall", "Class": "Class B", "Multiple Witnesses": "False", "jaccard_score": 0.0010801913481816778, "Forest cover rate": "60.7%", "Dte": "11", "Witness Count": "1.0", "City/Suburb/Town/Rural": "Rural", "Number of lakes": "0-250", "County": "Smyth", "Year": "2013", "National Park Visitation Count": "15906661"}