{"Total Disasters": "0.0", "BigFoot Hotspot": "FALSE", "Unemployment_rate": "5.2", "Report Type": "Report", "State": "Oregon", "id": "26cfef4f-8318-4369-ac3f-3fc0ed06ba6e", "Time And Conditions": "It was around noon, dark day with light rain.", "Civilian labor force": "187,462", "Nearest Town": "Glen Avon", "Season": "Winter", "Class": "Class B", "Multiple Witnesses": "False", "jaccard_score": 0.0010801913481816778, "Forest cover rate": "38.8%", "Dte": "18", "Witness Count": "2.0", "National Park Visitation Count": "869174", "City/Suburb/Town/Rural": "City", "Month": "March", "County": "Clackamas", "Year": "2001", "Number of lakes": "501-1500"}