{"Total Disasters": "4.0", "BigFoot Hotspot": "FALSE", "Unemployment_rate": "5.3", "Report Type": "Report", "State": "Georgia", "Month": "January", "id": "26d19147-1ea5-41c7-8dd5-0dfcd1c3813a", "Time And Conditions": "Around 5:30 pm just begin to turn dusk all leaves are on ground and can see a nice distance into woods", "Civilian labor force": "75,454", "Nearest Town": "Rockmart GA", "Season": "Winter", "Class": "Class B", "Multiple Witnesses": "False", "jaccard_score": 0.0010801913481816778, "Forest cover rate": "64.2%", "Dte": "30", "Witness Count": "1.0", "City/Suburb/Town/Rural": "City", "Number of lakes": "0-250", "County": "Paulding", "Year": "2015", "National Park Visitation Count": "8029041"}