{"Number of lakes": "5001-10000", "Total Disasters": "6.0", "BigFoot Hotspot": "FALSE", "Unemployment_rate": "", "Report Type": "Report", "State": "New York", "id": "26e5afa0-f934-40eb-8dc8-50190dd3add3", "Time And Conditions": "In the morning about 9:oo AM both times.", "Civilian labor force": "", "Nearest Town": "Middlesex", "Season": "Fall", "Class": "Class B", "Multiple Witnesses": "False", "jaccard_score": 0.0009773159816881848, "Forest cover rate": "50.9%", "Dte": "16", "Witness Count": "2.0", "City/Suburb/Town/Rural": "", "Month": "March", "County": "Ontario", "Year": "2021", "National Park Visitation Count": "10543413"}