{"Total Disasters": "", "BigFoot Hotspot": "", "Unemployment_rate": "", "Report Type": "Media Article", "State": "", "id": "26edcb5f-1fdb-4ff2-9fa9-0c0d0f873693", "Time And Conditions": "", "Civilian labor force": "", "Nearest Town": "", "Season": "", "Class": "", "Multiple Witnesses": "False", "jaccard_score": 0.00020575073298698628, "Forest cover rate": "", "Dte": "", "Witness Count": "", "National Park Visitation Count": "", "City/Suburb/Town/Rural": "", "Month": "", "County": "", "Year": "", "Number of lakes": ""}