{"Total Disasters": "2.0", "BigFoot Hotspot": "FALSE", "Unemployment_rate": "9.7", "Report Type": "Report", "State": "Kentucky", "Month": "February", "id": "26f00655-c7c2-4bab-95bb-a512f60f718d", "Time And Conditions": "Approx. 8:30 pm", "Civilian labor force": "5,887", "Nearest Town": "Pine Knot, KY. and Williamsburg, KY", "Season": "Winter", "Class": "Class A", "Multiple Witnesses": "False", "jaccard_score": 0.0010801913481816778, "Forest cover rate": "48.6%", "Dte": "21", "Witness Count": "1.0", "City/Suburb/Town/Rural": "Rural", "Number of lakes": "0-250", "County": "McCreary", "Year": "2003", "National Park Visitation Count": "3068569"}