{"Number of lakes": "over 2000", "Total Disasters": "0.0", "BigFoot Hotspot": "FALSE", "Unemployment_rate": "", "Report Type": "Report", "State": "Alaska", "id": "270076b1-2ad8-41b6-b6c8-1869d0c97e95", "Time And Conditions": "11:15 PM??", "Civilian labor force": "", "Nearest Town": "Hydaburg", "Season": "Winter", "Class": "Class A", "Multiple Witnesses": "False", "jaccard_score": 0.0009773159816881848, "Forest cover rate": "30.4%", "Dte": "10", "Witness Count": "0.0", "City/Suburb/Town/Rural": "Rural", "Month": "February", "County": "Prince of Wales", "Year": "2004", "National Park Visitation Count": "2296834"}