{"Number of lakes": "5001-10000", "Total Disasters": "4.0", "BigFoot Hotspot": "FALSE", "Unemployment_rate": "5.5", "Report Type": "Report", "State": "Texas", "id": "27105053-b962-4c84-8810-2f57864d4799", "Time And Conditions": "This may have started about 11:00 pm.", "Civilian labor force": "69,954", "Nearest Town": "Seguin", "Season": "Spring", "Class": "Class B", "Multiple Witnesses": "False", "jaccard_score": 0.0010801913481816778, "Forest cover rate": "7%", "Dte": "17", "Witness Count": "0.0", "City/Suburb/Town/Rural": "City", "Month": "March", "County": "Guadalupe", "Year": "2013", "National Park Visitation Count": "5495156"}