{"Total Disasters": "1.0", "BigFoot Hotspot": "FALSE", "Unemployment_rate": "6.0", "Report Type": "Report", "State": "Washington", "id": "272fea72-37c2-480b-8149-aa82e606f267", "Time And Conditions": "It was early afternoon; probably about 2pm. It was warm and dry and 100% sunshine on that day, which was very unusual for the Olympic Peninsula that time of year.", "Civilian labor force": "11,913", "Nearest Town": "Bogachiel, WA", "Season": "Winter", "Class": "Class A", "Multiple Witnesses": "True", "jaccard_score": 0.0010801913481816778, "Forest cover rate": "40.7%", "Dte": "28", "Witness Count": "3.0", "National Park Visitation Count": "8508019", "City/Suburb/Town/Rural": "Town", "Month": "June", "County": "Jefferson", "Year": "2017", "Number of lakes": "5001-10000"}