{"Total Disasters": "7.0", "BigFoot Hotspot": "FALSE", "Unemployment_rate": "5.1", "Report Type": "Report", "State": "Iowa", "id": "2754e863-12cd-4bee-8e52-119cd5a37549", "Time And Conditions": "between 5:15 and 5:30pm. It was sunny and calm and the road const. was surprisingly wrapping it up early.", "Civilian labor force": "54,611", "Nearest Town": "Sageville,Iowa", "Season": "Summer", "Class": "Class A", "Multiple Witnesses": "False", "jaccard_score": 0.0010801913481816778, "Forest cover rate": "5.4%", "Dte": "1", "Witness Count": "1.0", "National Park Visitation Count": "216830", "City/Suburb/Town/Rural": "City", "Month": "September", "County": "Dubuque", "Year": "2011", "Number of lakes": "0-250"}