{"Number of lakes": "5001-10000", "Total Disasters": "1.0", "BigFoot Hotspot": "FALSE", "Unemployment_rate": "8.3", "Report Type": "Report", "State": "Washington", "id": "27568d7e-0296-45a7-911f-918c4ee9286c", "Time And Conditions": "Partly cloudy sky under a quarter moon. Calm at the time", "Civilian labor force": "123,294", "Nearest Town": "Naches, WA", "Season": "Summer", "Class": "Class A", "Multiple Witnesses": "True", "jaccard_score": 0.0010801913481816778, "Forest cover rate": "40.7%", "Dte": "30", "Witness Count": "13.0", "City/Suburb/Town/Rural": "City", "Month": "May", "County": "Yakima", "Year": "2009", "National Park Visitation Count": "6891951"}