{"Total Disasters": "1.0", "BigFoot Hotspot": "FALSE", "Unemployment_rate": "8.3", "Report Type": "Report", "State": "Washington", "id": "27588fe6-0166-4f1d-86ad-2fc327878ebe", "Time And Conditions": "Dusk and after dark. Full moon. Clear skies. Warm for location.", "Civilian labor force": "123,294", "Nearest Town": "Trout Lake", "Season": "Summer", "Class": "Class B", "Multiple Witnesses": "True", "jaccard_score": 0.0010801913481816778, "Forest cover rate": "40.7%", "Dte": "19", "Witness Count": "3.0", "National Park Visitation Count": "", "City/Suburb/Town/Rural": "City", "Month": "August", "County": "Yakima", "Year": "2009", "Number of lakes": "5001-10000"}