{"Total Disasters": "1.0", "BigFoot Hotspot": "FALSE", "Unemployment_rate": "10.1", "Report Type": "Report", "State": "Idaho", "Month": "March", "id": "2779a075-fadc-46a3-8529-b3f86d1c5aa0", "Time And Conditions": "All incidents at night.", "Civilian labor force": "3,059", "Nearest Town": "Crouch and Boise", "Season": "Fall", "Class": "Class B", "Multiple Witnesses": "False", "jaccard_score": 0.0010801913481816778, "Forest cover rate": "31.8%", "Dte": "24", "Witness Count": "2.0", "City/Suburb/Town/Rural": "City", "Number of lakes": "1501-2500", "County": "Boise", "Year": "2011", "National Park Visitation Count": ""}