{"Number of lakes": "over 2000", "Total Disasters": "0.0", "BigFoot Hotspot": "FALSE", "Unemployment_rate": "12.0", "Report Type": "Report", "State": "Alaska", "id": "2791e959-c8b0-4d23-b15a-7330d82b3f2a", "Time And Conditions": "Late morning between 11am and noon. Bright sunny day, dry and clear. Rare vehicle traffic on highway as we didn't see our first passing car until the junction at Tetlin.", "Civilian labor force": "2,769", "Nearest Town": "State Highway 30 - 45 minutes west of customs station Alaska/Canadian border.", "Season": "Summer", "Class": "Class A", "Multiple Witnesses": "False", "jaccard_score": 0.0010801913481816778, "Forest cover rate": "30.4%", "Dte": "13", "Witness Count": "2.0", "City/Suburb/Town/Rural": "Rural", "Month": "September", "County": "Southeast Fairbanks", "Year": "2004", "National Park Visitation Count": "2296834"}