{"Total Disasters": "1.0", "BigFoot Hotspot": "FALSE", "Unemployment_rate": "7.7", "Report Type": "Report", "State": "Michigan", "id": "279a8de7-240a-4b95-abe6-8d1b1f06f4a5", "Time And Conditions": "", "Civilian labor force": "20,128", "Nearest Town": "Watson", "Season": "Fall", "Class": "Class A", "Multiple Witnesses": "False", "jaccard_score": 0.0010801913481816778, "Forest cover rate": "51.2%", "Dte": "11", "Witness Count": "0.0", "National Park Visitation Count": "1034598", "City/Suburb/Town/Rural": "Town", "Month": "July", "County": "Delta", "Year": "2007", "Number of lakes": "over 2000"}