{"Total Disasters": "3.0", "BigFoot Hotspot": "FALSE", "Unemployment_rate": "5.6", "Report Type": "Report", "State": "Indiana", "id": "279e51ca-63f2-43b5-8615-f2d205195f2b", "Time And Conditions": "It was late at night. Can't remember for sure, but was between 11 PM and 1 AM.", "Civilian labor force": "19,049", "Nearest Town": "Elizabeth", "Season": "Summer", "Class": "Class B", "Multiple Witnesses": "False", "jaccard_score": 0.0010801913481816778, "Forest cover rate": "18.9%", "Dte": "27", "Witness Count": "1.0", "National Park Visitation Count": "2010602", "City/Suburb/Town/Rural": "City", "Month": "July", "County": "Harrison", "Year": "2014", "Number of lakes": "0-250"}