{"Total Disasters": "5.0", "BigFoot Hotspot": "FALSE", "Unemployment_rate": "5.4", "Report Type": "Report", "State": "North Carolina", "id": "27d2ee4a-faf9-4b51-aa15-e7b495be2594", "Time And Conditions": "Good lighting, nice night, moon was out somewhat.", "Civilian labor force": "15,171", "Nearest Town": "Franklin North Carolina", "Season": "Summer", "Class": "Class A", "Multiple Witnesses": "False", "jaccard_score": 0.0010801913481816778, "Forest cover rate": "59.9%", "Dte": "10", "Witness Count": "0.0", "National Park Visitation Count": "18841872", "City/Suburb/Town/Rural": "Rural", "Month": "January", "County": "Macon", "Year": "2016", "Number of lakes": "0-250"}