{"Number of lakes": "5001-10000", "Total Disasters": "0.0", "BigFoot Hotspot": "TRUE", "Unemployment_rate": "8.8", "Report Type": "Report", "State": "Washington", "id": "27d78b91-ab2e-4493-a2ad-ccba2d90b45b", "Time And Conditions": "2am. clear skies, full moon", "Civilian labor force": "4,924", "Nearest Town": "Cougar", "Season": "Summer", "Class": "Class B", "Multiple Witnesses": "True", "jaccard_score": 0.0010801913481816778, "Forest cover rate": "40.7%", "Dte": "6", "Witness Count": "35.0", "City/Suburb/Town/Rural": "City", "Month": "December", "County": "Skamania", "Year": "2004", "National Park Visitation Count": "7019800"}