{"Number of lakes": "5001-10000", "Total Disasters": "0.0", "BigFoot Hotspot": "FALSE", "Unemployment_rate": "8.0", "Report Type": "Report", "State": "New York", "id": "27e3e2d8-8900-4ee7-8c7a-1b55568c3315", "Time And Conditions": "it had rained throughout the day and was misty that night", "Civilian labor force": "36,446", "Nearest Town": "Lake George", "Season": "Summer", "Class": "Class B", "Multiple Witnesses": "False", "jaccard_score": 0.0010801913481816778, "Forest cover rate": "50.9%", "Dte": "26", "Witness Count": "1.0", "City/Suburb/Town/Rural": "City", "Month": "July", "County": "Warren", "Year": "2009", "National Park Visitation Count": "19000183"}