{"Number of lakes": "5001-10000", "Total Disasters": "1.0", "BigFoot Hotspot": "FALSE", "Unemployment_rate": "8.4", "Report Type": "Report", "State": "Washington", "id": "27f4da0a-f522-4a3e-88c3-67e692183f2d", "Time And Conditions": "Early morning 2am to approx 5am", "Civilian labor force": "119,231", "Nearest Town": "Yakima, WA", "Season": "Spring", "Class": "Class B", "Multiple Witnesses": "True", "jaccard_score": 0.0010801913481816778, "Forest cover rate": "40.7%", "Dte": "11", "Witness Count": "3.0", "City/Suburb/Town/Rural": "City", "Month": "June", "County": "Yakima", "Year": "2014", "National Park Visitation Count": "7652073"}