{"Total Disasters": "2.0", "BigFoot Hotspot": "TRUE", "Unemployment_rate": "12.7", "Report Type": "Report", "State": "California", "id": "27ffbb06-7b85-4ca3-a8f0-0254217971ad", "Time And Conditions": "after midday but closer to Dusk, and that night at around 2 am", "Civilian labor force": "25,871", "Nearest Town": "Tuolumne", "Season": "Fall", "Class": "Class B", "Multiple Witnesses": "True", "jaccard_score": 0.0010287536649349314, "Forest cover rate": "17.8%", "Dte": "17", "Witness Count": "6.0", "National Park Visitation Count": "34177138", "City/Suburb/Town/Rural": "Suburb", "Month": "March", "County": "Tuolumne", "Year": "2009", "Number of lakes": "2501-5000"}