{"Total Disasters": "2.0", "BigFoot Hotspot": "FALSE", "Unemployment_rate": "3.8", "Report Type": "Report", "State": "Indiana", "id": "2803e327-9d4d-497f-853e-76b700151524", "Time And Conditions": "Mid morning, early afternoon", "Civilian labor force": "68,561", "Nearest Town": "Harrodsburg", "Season": "Fall", "Class": "Class A", "Multiple Witnesses": "False", "jaccard_score": 0.0010801913481816778, "Forest cover rate": "18.9%", "Dte": "5", "Witness Count": "0.0", "National Park Visitation Count": "1922707", "City/Suburb/Town/Rural": "City", "Month": "October", "County": "Monroe", "Year": "2007", "Number of lakes": "0-250"}