{"Total Disasters": "6.0", "BigFoot Hotspot": "FALSE", "Unemployment_rate": "4.3", "Report Type": "Report", "State": "North Carolina", "id": "28096ae3-b5e2-4980-89de-da047ce434f4", "Time And Conditions": "1/2 am lighting was dim in a Forrest with some moon light", "Civilian labor force": "14,193", "Nearest Town": "Pisgah national forest", "Season": "Fall", "Class": "Class A", "Multiple Witnesses": "False", "jaccard_score": 0.0010801913481816778, "Forest cover rate": "59.9%", "Dte": "8", "Witness Count": "2.0", "National Park Visitation Count": "19073319", "City/Suburb/Town/Rural": "Suburb", "Month": "August", "County": "Transylvania", "Year": "2017", "Number of lakes": "0-250"}