{"Total Disasters": "1.0", "BigFoot Hotspot": "TRUE", "Unemployment_rate": "6.3", "Report Type": "Report", "State": "Washington", "Month": "November", "id": "28248ee0-968f-4979-a4ef-a1b9cfcfd835", "Time And Conditions": "The visual incident was in the winter. It was a clear night probably 11pm and it was right in my headlights, very close.", "Civilian labor force": "1,127,689", "Nearest Town": "Enumclaw", "Season": "Winter", "Class": "Class A", "Multiple Witnesses": "False", "jaccard_score": 0.0010287536649349314, "Forest cover rate": "40.7%", "Dte": "26", "Witness Count": "1.0", "City/Suburb/Town/Rural": "City", "Number of lakes": "5001-10000", "County": "King", "Year": "2012", "National Park Visitation Count": "7140553"}