{"Number of lakes": "5001-10000", "Total Disasters": "0.0", "BigFoot Hotspot": "FALSE", "Unemployment_rate": "11.7", "Report Type": "Report", "State": "Washington", "id": "282f765a-dedd-4ce0-8ed3-232d0be8c584", "Time And Conditions": "Sunny hot dry afternoon.", "Civilian labor force": "211,568", "Nearest Town": "Yacolt", "Season": "Summer", "Class": "Class A", "Multiple Witnesses": "False", "jaccard_score": 0.0010801913481816778, "Forest cover rate": "40.7%", "Dte": "14", "Witness Count": "1.0", "City/Suburb/Town/Rural": "City", "Month": "August", "County": "Clark", "Year": "2010", "National Park Visitation Count": "7610952"}