{"Number of lakes": "5001-10000", "Total Disasters": "3.0", "BigFoot Hotspot": "FALSE", "Unemployment_rate": "", "Report Type": "Report", "State": "New York", "id": "2833be41-a539-419d-8a23-4f459bd09307", "Time And Conditions": "9:30 am to 12:00pm", "Civilian labor force": "", "Nearest Town": "", "Season": "Summer", "Class": "Class B", "Multiple Witnesses": "False", "jaccard_score": 0.0009258782984414382, "Forest cover rate": "50.9%", "Dte": "2", "Witness Count": "0.0", "City/Suburb/Town/Rural": "", "Month": "September", "County": "Warren", "Year": "1998", "National Park Visitation Count": "18742031"}