{"Total Disasters": "2.0", "BigFoot Hotspot": "FALSE", "Unemployment_rate": "5.2", "Report Type": "Report", "State": "Kentucky", "id": "283efc72-738c-4818-93fe-fe76b23b2bb5", "Time And Conditions": "Just after sunset, during \"Astronomical Twilight\".", "Civilian labor force": "19,460", "Nearest Town": "Cave City", "Season": "Summer", "Class": "Class B", "Multiple Witnesses": "False", "jaccard_score": 0.0010801913481816778, "Forest cover rate": "48.6%", "Dte": "18", "Witness Count": "1.0", "National Park Visitation Count": "3068569", "City/Suburb/Town/Rural": "Suburb", "Month": "July", "County": "Barren", "Year": "2003", "Number of lakes": "0-250"}