{"Number of lakes": "over 2000", "Total Disasters": "2.0", "BigFoot Hotspot": "FALSE", "Unemployment_rate": "10.9", "Report Type": "Report", "State": "Florida", "id": "2859f269-fa8d-4631-ab94-16526d5fa60f", "Time And Conditions": "apx 7a.m. clear warm,wind N/ne 5/10", "Civilian labor force": "263,679", "Nearest Town": "New Smyrna Beach", "Season": "Summer", "Class": "Class A", "Multiple Witnesses": "False", "jaccard_score": 0.0010287536649349314, "Forest cover rate": "42.4%", "Dte": "19", "Witness Count": "2.0", "City/Suburb/Town/Rural": "City", "Month": "June", "County": "Brevard", "Year": "2011", "National Park Visitation Count": "11956326"}