{"Number of lakes": "5001-10000", "Total Disasters": "0.0", "BigFoot Hotspot": "FALSE", "Unemployment_rate": "7.1", "Report Type": "Report", "State": "Washington", "id": "285b5b8a-6053-40b1-aa85-1597644a7020", "Time And Conditions": "From late afternoon to daybreak the next day.  It was raining/drizzling off and on the entire time.", "Civilian labor force": "18,052", "Nearest Town": "Roslyn", "Season": "Spring", "Class": "Class B", "Multiple Witnesses": "True", "jaccard_score": 0.0010801913481816778, "Forest cover rate": "40.7%", "Dte": "23", "Witness Count": "13.0", "City/Suburb/Town/Rural": "Suburb", "Month": "October", "County": "Kittitas", "Year": "2002", "National Park Visitation Count": "6847225"}