{"Total Disasters": "2.0", "BigFoot Hotspot": "FALSE", "Unemployment_rate": "7.2", "Report Type": "Report", "State": "Georgia", "Month": "January", "id": "285c15f8-943b-48a6-820f-3680ac502775", "Time And Conditions": "Sunny, little breeze a few clouds in the sky.", "Civilian labor force": "74,440", "Nearest Town": "Dallas Georgia", "Season": "Spring", "Class": "Class A", "Multiple Witnesses": "True", "jaccard_score": 0.0010801913481816778, "Forest cover rate": "64.2%", "Dte": "8", "Witness Count": "3.0", "City/Suburb/Town/Rural": "City", "Number of lakes": "0-250", "County": "Paulding", "Year": "2013", "National Park Visitation Count": "6375448"}