{"Total Disasters": "4.0", "BigFoot Hotspot": "FALSE", "Unemployment_rate": "7.1", "Report Type": "Report", "State": "Wisconsin", "id": "285d06bb-8a47-448d-8d6e-84c4c5731001", "Time And Conditions": "1 AM, DARK AND RAINY NIGHT. LIGHTING WAS BY CITY TYPE YARD LIGHT ON A POLE.", "Civilian labor force": "9,161", "Nearest Town": "HAYWARD WI", "Season": "Summer", "Class": "Class A", "Multiple Witnesses": "True", "jaccard_score": 0.0010287536649349314, "Forest cover rate": "45.2%", "Dte": "28", "Witness Count": "4.0", "National Park Visitation Count": "459922", "City/Suburb/Town/Rural": "Rural", "Month": "April", "County": "Sawyer", "Year": "2008", "Number of lakes": "10001-20000"}