{"Total Disasters": "0.0", "BigFoot Hotspot": "FALSE", "Unemployment_rate": "", "Report Type": "Report", "State": "Oregon", "id": "28627c42-8f67-4e70-9e9f-15db50c8499f", "Time And Conditions": "", "Civilian labor force": "", "Nearest Town": "Chemult", "Season": "Unknown", "Class": "Class A", "Multiple Witnesses": "False", "jaccard_score": 0.0008744406151946916, "Forest cover rate": "38.8%", "Dte": "15", "Witness Count": "0.0", "National Park Visitation Count": "875590", "City/Suburb/Town/Rural": "", "Month": "August", "County": "Klamath", "Year": "1998", "Number of lakes": "501-1500"}