{"Total Disasters": "2.0", "BigFoot Hotspot": "FALSE", "Unemployment_rate": "", "Report Type": "Report", "State": "Montana", "Month": "May", "id": "28791758-0483-45e1-b8e8-13ce6035591b", "Time And Conditions": "0720 in the AM", "Civilian labor force": "", "Nearest Town": "Between Helena and Great Falls (Edited per Witness Request)", "Season": "Spring", "Class": "Class A", "Multiple Witnesses": "False", "jaccard_score": 0.0009773159816881848, "Forest cover rate": "20.6%", "Dte": "6", "Witness Count": "0.0", "City/Suburb/Town/Rural": "", "Number of lakes": "2501-5000", "County": "Lewis And Clark", "Year": "2015", "National Park Visitation Count": "2990699"}