{"Total Disasters": "2.0", "BigFoot Hotspot": "FALSE", "Unemployment_rate": "7.3", "Report Type": "Report", "State": "Maryland", "Month": "March", "id": "2890f211-e19f-4295-9af5-0ccb274b87db", "Time And Conditions": "There was very little in the way of lights and there was as I remember no moon light. It was very dark.", "Civilian labor force": "27,473", "Nearest Town": "Berlin Maryland", "Season": "Fall", "Class": "Class A", "Multiple Witnesses": "False", "jaccard_score": 0.0010287536649349314, "Forest cover rate": "37.9%", "Dte": "1", "Witness Count": "2.0", "City/Suburb/Town/Rural": "City", "Number of lakes": "0-250", "County": "Worcester", "Year": "2004", "National Park Visitation Count": "6257566"}