{"Total Disasters": "2.0", "BigFoot Hotspot": "FALSE", "Unemployment_rate": "3.1", "Report Type": "Report", "State": "Iowa", "id": "28a34969-b572-4311-8359-17f3d5dd598b", "Time And Conditions": "It was very early morning 2:55am. it was a clear night, no moon, very mild temperatures for December - about 32 degrees; dark and no wind.", "Civilian labor force": "47,765", "Nearest Town": "Missouri Valley", "Season": "Winter", "Class": "Class B", "Multiple Witnesses": "False", "jaccard_score": 0.0010287536649349314, "Forest cover rate": "5.4%", "Dte": "15", "Witness Count": "2.0", "National Park Visitation Count": "279764", "City/Suburb/Town/Rural": "City", "Month": "May", "County": "Pottawattamie", "Year": "2001", "Number of lakes": "0-250"}