{"Total Disasters": "2.0", "BigFoot Hotspot": "TRUE", "Unemployment_rate": "8.2", "Report Type": "Report", "State": "Washington", "Month": "January", "id": "28b9afaa-440a-47ee-a6dc-8da49846f288", "Time And Conditions": "Rainy and Dark", "Civilian labor force": "350,401", "Nearest Town": "Graham, WA", "Season": "Fall", "Class": "Class B", "Multiple Witnesses": "True", "jaccard_score": 0.0010801913481816778, "Forest cover rate": "40.7%", "Dte": "27", "Witness Count": "4.0", "City/Suburb/Town/Rural": "City", "Number of lakes": "5001-10000", "County": "Pierce", "Year": "2003", "National Park Visitation Count": "7665032"}