{"Total Disasters": "2.0", "BigFoot Hotspot": "FALSE", "Unemployment_rate": "5.2", "Report Type": "Report", "State": "Colorado", "id": "28c31c39-b935-4b28-884c-a39288eccffb", "Time And Conditions": "9 p.m. The weather conditions were warm, maybe mid-50s to 60 degrees.", "Civilian labor force": "10,208", "Nearest Town": "Aspen", "Season": "Fall", "Class": "Class A", "Multiple Witnesses": "True", "jaccard_score": 0.0010801913481816778, "Forest cover rate": "17.5%", "Dte": "7", "Witness Count": "3.0", "National Park Visitation Count": "5252468", "City/Suburb/Town/Rural": "Town", "Month": "October", "County": "Pitkin", "Year": "2003", "Number of lakes": "501-1500"}