{"Total Disasters": "4.0", "BigFoot Hotspot": "FALSE", "Unemployment_rate": "", "Report Type": "Report", "State": "Ohio", "id": "2d3b9fff-40e0-4743-8505-eaf12fa8b490", "Time And Conditions": "In December, an article was published in the Record-Courier about a large, hairy creature running beside a car on Stroup road a few mile from where I tracked spotted tracks.", "Civilian labor force": "", "Nearest Town": "Edinburgh", "Season": "Fall", "Class": "Class B", "Multiple Witnesses": "False", "jaccard_score": 0.0009258782984414382, "Forest cover rate": "28.9%", "Dte": "31", "Witness Count": "2.0", "National Park Visitation Count": "", "City/Suburb/Town/Rural": "", "Month": "December", "County": "Portage", "Year": "1999", "Number of lakes": "0-250"}