{"Total Disasters": "1.0", "BigFoot Hotspot": "FALSE", "Unemployment_rate": "10.5", "Report Type": "Report", "State": "Florida", "id": "2d426182-fc70-45be-865b-f0f0540fc225", "Time And Conditions": "45 mints after daylight", "Civilian labor force": "129,686", "Nearest Town": "Palatka", "Season": "Fall", "Class": "Class B", "Multiple Witnesses": "False", "jaccard_score": 0.0010287536649349314, "Forest cover rate": "42.4%", "Dte": "21", "Witness Count": "1.0", "National Park Visitation Count": "11956326", "City/Suburb/Town/Rural": "City", "Month": "May", "County": "Marion", "Year": "2012", "Number of lakes": "over 2000"}