{"Total Disasters": "5.0", "BigFoot Hotspot": "FALSE", "Unemployment_rate": "7.6", "Report Type": "Report", "State": "Illinois", "id": "2d747ef5-f32c-4030-bc12-5af21fd95b6e", "Time And Conditions": "Warm, clear summer evening.", "Civilian labor force": "2,657,984", "Nearest Town": "Midlothian", "Season": "Summer", "Class": "Class B", "Multiple Witnesses": "False", "jaccard_score": 0.0010801913481816778, "Forest cover rate": "11.5%", "Dte": "14", "Witness Count": "2.0", "National Park Visitation Count": "", "City/Suburb/Town/Rural": "City", "Month": "May", "County": "Cook", "Year": "2014", "Number of lakes": "0-250"}