{"Total Disasters": "2.0", "BigFoot Hotspot": "FALSE", "Unemployment_rate": "5.4", "Report Type": "Report", "State": "Ohio", "Month": "January", "id": "2d7ed111-7b94-4623-9e34-99697e37809e", "Time And Conditions": "around 11 pm", "Civilian labor force": "48,597", "Nearest Town": "Dennison", "Season": "Summer", "Class": "Class B", "Multiple Witnesses": "True", "jaccard_score": 0.0010801913481816778, "Forest cover rate": "28.9%", "Dte": "15", "Witness Count": "3.0", "City/Suburb/Town/Rural": "Suburb", "Number of lakes": "0-250", "County": "Tuscarawas", "Year": "2007", "National Park Visitation Count": "3559085"}