{"Total Disasters": "2.0", "BigFoot Hotspot": "FALSE", "Unemployment_rate": "6.7", "Report Type": "Report", "State": "Ohio", "Month": "April", "id": "2d84ebc4-2c74-4da1-8ed4-91c6ae1facc8", "Time And Conditions": "2 AM,. foggy, chilly out.", "Civilian labor force": "15,772", "Nearest Town": "Westminster, Alger, Harrod area", "Season": "Spring", "Class": "Class A", "Multiple Witnesses": "True", "jaccard_score": 0.0010801913481816778, "Forest cover rate": "28.9%", "Dte": "5", "Witness Count": "3.0", "City/Suburb/Town/Rural": "Town", "Number of lakes": "0-250", "County": "Hardin", "Year": "2004", "National Park Visitation Count": "3559085"}