{"Total Disasters": "1.0", "BigFoot Hotspot": "FALSE", "Unemployment_rate": "10.5", "Report Type": "Report", "State": "Florida", "id": "2daafefa-710d-41c0-a2bb-3fc249e9f45e", "Time And Conditions": "First dark as soon as dark begins to take over, this animal becomes territorial.", "Civilian labor force": "129,686", "Nearest Town": "Ocala National Forest (Fort McCoy) Fl", "Season": "Fall", "Class": "Class B", "Multiple Witnesses": "False", "jaccard_score": 0.0010801913481816778, "Forest cover rate": "42.4%", "Dte": "18", "Witness Count": "2.0", "National Park Visitation Count": "11956326", "City/Suburb/Town/Rural": "City", "Month": "January", "County": "Marion", "Year": "2012", "Number of lakes": "over 2000"}