{"Total Disasters": "2.0", "BigFoot Hotspot": "FALSE", "Unemployment_rate": "11.8", "Report Type": "Report", "State": "California", "id": "2db78beb-b644-4f98-ba05-e28251f48f8d", "Time And Conditions": "6 am before the sun came up. No clouds", "Civilian labor force": "7,846", "Nearest Town": "Lee Vining", "Season": "Summer", "Class": "Class B", "Multiple Witnesses": "False", "jaccard_score": 0.0010287536649349314, "Forest cover rate": "17.8%", "Dte": "29", "Witness Count": "2.0", "National Park Visitation Count": "28641477", "City/Suburb/Town/Rural": "Rural", "Month": "July", "County": "Mono", "Year": "2020", "Number of lakes": "2501-5000"}