{"Total Disasters": "2.0", "BigFoot Hotspot": "FALSE", "Unemployment_rate": "10.1", "Report Type": "Report", "State": "Kansas", "Month": "May", "id": "2db9e43c-8003-4341-8125-6b5441af0bc2", "Time And Conditions": "found a single track on the rocky rivers edge at mid-day. sunny.  cabin was shaken at approximately midnight.", "Civilian labor force": "7,408", "Nearest Town": "st. paul, kansas", "Season": "Summer", "Class": "Class B", "Multiple Witnesses": "True", "jaccard_score": 0.0010801913481816778, "Forest cover rate": "2.8%", "Dte": "26", "Witness Count": "3.0", "City/Suburb/Town/Rural": "Rural", "Number of lakes": "0-250", "County": "Neosho", "Year": "2010", "National Park Visitation Count": "86264"}