{"Total Disasters": "0.0", "BigFoot Hotspot": "FALSE", "Unemployment_rate": "3.8", "Report Type": "Report", "State": "Arkansas", "id": "2dcad8bf-59d2-4230-a1da-ba2cde850fa0", "Time And Conditions": "Around 9:30 p.m.  It was dark during the occurence, yet may have been moon lit.  I remember high visibility.", "Civilian labor force": "94,439", "Nearest Town": "Goshen, AR", "Season": "Fall", "Class": "Class B", "Multiple Witnesses": "False", "jaccard_score": 0.0010801913481816778, "Forest cover rate": "55.1%", "Dte": "25", "Witness Count": "1.0", "National Park Visitation Count": "2361125", "City/Suburb/Town/Rural": "City", "Month": "December", "County": "Washington", "Year": "2004", "Number of lakes": "1501-2500"}