{"Number of lakes": "over 2000", "Total Disasters": "1.0", "BigFoot Hotspot": "FALSE", "Unemployment_rate": "8.5", "Report Type": "Report", "State": "Florida", "id": "2dcfc015-5b57-4b8c-9efd-e59be2154086", "Time And Conditions": "This occured just after dusk. Hot Summer night.", "Civilian labor force": "649,668", "Nearest Town": "Orlando", "Season": "Summer", "Class": "Class B", "Multiple Witnesses": "True", "jaccard_score": 0.0010801913481816778, "Forest cover rate": "42.4%", "Dte": "26", "Witness Count": "4.0", "City/Suburb/Town/Rural": "City", "Month": "March", "County": "Orange", "Year": "2012", "National Park Visitation Count": "7377828"}