{"Total Disasters": "2.0", "BigFoot Hotspot": "FALSE", "Unemployment_rate": "9.2", "Report Type": "Report", "State": "Oklahoma", "id": "2ddc2ad1-0d5b-462f-ba79-a3ad8833f2a0", "Time And Conditions": "early afternoon maybe 2-3 p.m.", "Civilian labor force": "5,364", "Nearest Town": "Dustin, Oklahoma", "Season": "Summer", "Class": "Class A", "Multiple Witnesses": "False", "jaccard_score": 0.0010287536649349314, "Forest cover rate": "14.2%", "Dte": "11", "Witness Count": "2.0", "National Park Visitation Count": "", "City/Suburb/Town/Rural": "Rural", "Month": "February", "County": "Hughes", "Year": "2003", "Number of lakes": "0-250"}