{"Total Disasters": "1.0", "BigFoot Hotspot": "FALSE", "Unemployment_rate": "5.0", "Report Type": "Report", "State": "Massachusetts", "Month": "August", "id": "2de25fbb-2f1c-499d-94ce-8666593926c5", "Time And Conditions": "middle of the day bright sunlight", "Civilian labor force": "268,260", "Nearest Town": "Lakeville", "Season": "Spring", "Class": "Class B", "Multiple Witnesses": "False", "jaccard_score": 0.0010801913481816778, "Forest cover rate": "52.5%", "Dte": "13", "Witness Count": "2.0", "City/Suburb/Town/Rural": "City", "Number of lakes": "2501-5000", "County": "Plymouth", "Year": "2015", "National Park Visitation Count": "9399919"}