{"Number of lakes": "5001-10000", "Total Disasters": "0.0", "BigFoot Hotspot": "FALSE", "Unemployment_rate": "7.2", "Report Type": "Report", "State": "Washington", "id": "2dec1435-f6f6-49e5-86a4-2364dad1ea27", "Time And Conditions": "Between 10-11AM", "Civilian labor force": "38,326", "Nearest Town": "Levenworth", "Season": "Summer", "Class": "Class A", "Multiple Witnesses": "False", "jaccard_score": 0.0010801913481816778, "Forest cover rate": "40.7%", "Dte": "6", "Witness Count": "1.0", "City/Suburb/Town/Rural": "City", "Month": "September", "County": "Chelan", "Year": "2004", "National Park Visitation Count": "7019800"}