{"Number of lakes": "over 2000", "Total Disasters": "1.0", "BigFoot Hotspot": "FALSE", "Unemployment_rate": "10.1", "Report Type": "Report", "State": "Michigan", "id": "2df149ed-c4f5-4b1e-82bf-12b47ea42352", "Time And Conditions": "Dark, chilly night", "Civilian labor force": "27,352", "Nearest Town": "", "Season": "Summer", "Class": "Class B", "Multiple Witnesses": "True", "jaccard_score": 0.0010801913481816778, "Forest cover rate": "51.2%", "Dte": "29", "Witness Count": "4.0", "City/Suburb/Town/Rural": "City", "Month": "August", "County": "Montcalm", "Year": "2012", "National Park Visitation Count": "2192477"}