{"Total Disasters": "1.0", "BigFoot Hotspot": "FALSE", "Unemployment_rate": "", "Report Type": "Report", "State": "Kentucky", "Month": "November", "id": "2dfd0255-cfca-4484-a831-760a894f073e", "Time And Conditions": "This happened in 1995 mid-summer About nine thirty pm.", "Civilian labor force": "", "Nearest Town": "", "Season": "Summer", "Class": "Class B", "Multiple Witnesses": "False", "jaccard_score": 0.0009258782984414382, "Forest cover rate": "48.6%", "Dte": "15", "Witness Count": "0.0", "City/Suburb/Town/Rural": "", "Number of lakes": "0-250", "County": "Lawrence", "Year": "1998", "National Park Visitation Count": "3224587"}