{"Total Disasters": "4.0", "BigFoot Hotspot": "FALSE", "Unemployment_rate": "7.4", "Report Type": "Report", "State": "Ohio", "Month": "January", "id": "2e0165ad-31d8-4e9e-a364-fe5418a497f6", "Time And Conditions": "It was 8:45 to 9:00 am and the sun was starting to come up. It was very cool and damp out.", "Civilian labor force": "45,001", "Nearest Town": "Newcomerstown", "Season": "Fall", "Class": "Class A", "Multiple Witnesses": "False", "jaccard_score": 0.0010801913481816778, "Forest cover rate": "28.9%", "Dte": "25", "Witness Count": "0.0", "City/Suburb/Town/Rural": "Suburb", "Number of lakes": "0-250", "County": "Tuscarawas", "Year": "2012", "National Park Visitation Count": "1138868"}