{"Total Disasters": "1.0", "BigFoot Hotspot": "FALSE", "Unemployment_rate": "10.5", "Report Type": "Report", "State": "Florida", "Month": "February", "id": "2e086811-89e3-468d-b47e-6d62bd7915dc", "Time And Conditions": "2:55 pm slightly overcast", "Civilian labor force": "129,686", "Nearest Town": "Ocala", "Season": "Winter", "Class": "Class A", "Multiple Witnesses": "False", "jaccard_score": 0.0010801913481816778, "Forest cover rate": "42.4%", "Dte": "25", "Witness Count": "2.0", "City/Suburb/Town/Rural": "City", "Number of lakes": "over 2000", "County": "Marion", "Year": "2012", "National Park Visitation Count": "11609978"}