{"Total Disasters": "2.0", "BigFoot Hotspot": "FALSE", "Unemployment_rate": "3.4", "Report Type": "Report", "State": "Virginia", "Month": "April", "id": "2e0b6b92-7100-4096-be89-5bbc9da0d0ad", "Time And Conditions": "Just moments before dusk.  Clear day, typical hot-sticky weather for Virginia in August, occassional cloud covering the sun.", "Civilian labor force": "4,753", "Nearest Town": "Either Jamaica or Church View", "Season": "Summer", "Class": "Class A", "Multiple Witnesses": "False", "jaccard_score": 0.0010801913481816778, "Forest cover rate": "60.7%", "Dte": "10", "Witness Count": "1.0", "City/Suburb/Town/Rural": "Rural", "Number of lakes": "0-250", "County": "Middlesex", "Year": "2002", "National Park Visitation Count": ""}