{"Total Disasters": "1.0", "BigFoot Hotspot": "FALSE", "Unemployment_rate": "4.7", "Report Type": "Report", "State": "Idaho", "Month": "December", "id": "2e14d9c0-44ea-49df-85f5-4eec39394183", "Time And Conditions": "1030am-noon ish", "Civilian labor force": "19,756", "Nearest Town": "Bovill", "Season": "Fall", "Class": "Class B", "Multiple Witnesses": "False", "jaccard_score": 0.0010801913481816778, "Forest cover rate": "31.8%", "Dte": "21", "Witness Count": "2.0", "City/Suburb/Town/Rural": "Suburb", "Number of lakes": "1501-2500", "County": "Latah", "Year": "2020", "National Park Visitation Count": "676661"}