{"Total Disasters": "3.0", "BigFoot Hotspot": "FALSE", "Unemployment_rate": "9.6", "Report Type": "Report", "State": "Illinois", "Month": "February", "id": "2e19a338-6c62-4b99-a2ae-013db76b771b", "Time And Conditions": "It was approximately 8 pm in November. My birthday present was a fishing rod. It was the following evening, the 16th.", "Civilian labor force": "129,815", "Nearest Town": "Columbia", "Season": "Fall", "Class": "Class A", "Multiple Witnesses": "True", "jaccard_score": 0.0010287536649349314, "Forest cover rate": "11.5%", "Dte": "21", "Witness Count": "3.0", "City/Suburb/Town/Rural": "City", "Number of lakes": "0-250", "County": "St. Clair", "Year": "2012", "National Park Visitation Count": "509507"}