{"Total Disasters": "2.0", "BigFoot Hotspot": "FALSE", "Unemployment_rate": "7.9", "Report Type": "Report", "State": "Oregon", "Month": "December", "id": "2e1edf92-c9cd-4e91-89b9-70985243a6f8", "Time And Conditions": "SUNNY AND BRIGHT.  NICE DAY", "Civilian labor force": "148,556", "Nearest Town": "Silverton", "Season": "Summer", "Class": "Class B", "Multiple Witnesses": "False", "jaccard_score": 0.0010287536649349314, "Forest cover rate": "38.8%", "Dte": "26", "Witness Count": "2.0", "City/Suburb/Town/Rural": "City", "Number of lakes": "501-1500", "County": "Marion", "Year": "2003", "National Park Visitation Count": "786460"}