{"Total Disasters": "6.0", "BigFoot Hotspot": "FALSE", "Unemployment_rate": "10.1", "Report Type": "Report", "State": "Illinois", "Month": "July", "id": "2e202a6d-8593-4d4a-882d-ecf1c06aad1e", "Time And Conditions": "It was night had to be around 5am or 6amp. The particular area was dark. The weather was clear", "Civilian labor force": "16,993", "Nearest Town": "Mt Vernon", "Season": "Summer", "Class": "Class B", "Multiple Witnesses": "False", "jaccard_score": 0.0010801913481816778, "Forest cover rate": "11.5%", "Dte": "21", "Witness Count": "0.0", "City/Suburb/Town/Rural": "Town", "Number of lakes": "0-250", "County": "Jefferson", "Year": "2020", "National Park Visitation Count": "27744"}