{"Total Disasters": "2.0", "BigFoot Hotspot": "FALSE", "Unemployment_rate": "9.8", "Report Type": "Report", "State": "Arizona", "id": "2e2e9c41-e11f-4215-a3ab-914efe6906f9", "Time And Conditions": "It was turning into dusk although there was plenty of light for me to see", "Civilian labor force": "93,580", "Nearest Town": "prescott", "Season": "Summer", "Class": "Class A", "Multiple Witnesses": "False", "jaccard_score": 0.0010801913481816778, "Forest cover rate": "4.8%", "Dte": "3", "Witness Count": "1.0", "National Park Visitation Count": "5943148", "City/Suburb/Town/Rural": "City", "Month": "March", "County": "Yavapai", "Year": "2011", "Number of lakes": "0-250"}