{"Total Disasters": "1.0", "BigFoot Hotspot": "TRUE", "Unemployment_rate": "8.5", "Report Type": "Report", "State": "Washington", "id": "2e4239c7-65f9-45cb-b638-432986fe737c", "Time And Conditions": "Always between about 1:45 and 3:30 a.m.", "Civilian labor force": "385,098", "Nearest Town": "Orting", "Season": "Fall", "Class": "Class B", "Multiple Witnesses": "False", "jaccard_score": 0.0010801913481816778, "Forest cover rate": "40.7%", "Dte": "21", "Witness Count": "2.0", "National Park Visitation Count": "7529549", "City/Suburb/Town/Rural": "City", "Month": "December", "County": "Pierce", "Year": "2012", "Number of lakes": "5001-10000"}