{"Total Disasters": "2.0", "BigFoot Hotspot": "FALSE", "Unemployment_rate": "5.7", "Report Type": "Report", "State": "Colorado", "Month": "February", "id": "2e46a601-eaca-4540-aa4b-d504969d0919", "Time And Conditions": "Between 2330hrs and 0200 hrs", "Civilian labor force": "11,114", "Nearest Town": "Jefferson", "Season": "Spring", "Class": "Class B", "Multiple Witnesses": "False", "jaccard_score": 0.0010801913481816778, "Forest cover rate": "17.5%", "Dte": "9", "Witness Count": "0.0", "City/Suburb/Town/Rural": "City", "Number of lakes": "501-1500", "County": "Park", "Year": "2020", "National Park Visitation Count": "6112049"}