{"Total Disasters": "1.0", "BigFoot Hotspot": "FALSE", "Unemployment_rate": "3.1", "Report Type": "Report", "State": "Colorado", "id": "2e5d1dbe-7175-44fb-bcb9-9d2444039e0c", "Time And Conditions": "This would have been either in the morning, or during the day, but it was in full light.", "Civilian labor force": "16,964", "Nearest Town": "Dillon", "Season": "Summer", "Class": "Class A", "Multiple Witnesses": "False", "jaccard_score": 0.0010801913481816778, "Forest cover rate": "17.5%", "Dte": "22", "Witness Count": "2.0", "National Park Visitation Count": "", "City/Suburb/Town/Rural": "Town", "Month": "August", "County": "Summit", "Year": "2006", "Number of lakes": "501-1500"}