{"Total Disasters": "7.0", "BigFoot Hotspot": "FALSE", "Unemployment_rate": "4.9", "Report Type": "Report", "State": "Tennessee", "id": "2e6a1898-37db-4b7d-b820-f4f3081e86a4", "Time And Conditions": "Approximately 3PM Sunny", "Civilian labor force": "7,786", "Nearest Town": "Wartburg", "Season": "Summer", "Class": "Class B", "Multiple Witnesses": "False", "jaccard_score": 0.0010801913481816778, "Forest cover rate": "52.9%", "Dte": "26", "Witness Count": "1.0", "National Park Visitation Count": "13243359", "City/Suburb/Town/Rural": "City", "Month": "August", "County": "Morgan", "Year": "2017", "Number of lakes": "0-250"}