{"Total Disasters": "1.0", "BigFoot Hotspot": "TRUE", "Unemployment_rate": "11.6", "Report Type": "Report", "State": "Washington", "Month": "November", "id": "2e7e6366-b24d-41cb-95ac-b3c66747da4f", "Time And Conditions": "1:00 in the afternoon", "Civilian labor force": "28,081", "Nearest Town": "Between Ocean Shores and Hoquiam", "Season": "Fall", "Class": "Class A", "Multiple Witnesses": "True", "jaccard_score": 0.0010801913481816778, "Forest cover rate": "40.7%", "Dte": "3", "Witness Count": "3.0", "City/Suburb/Town/Rural": "Suburb", "Number of lakes": "5001-10000", "County": "Grays Harbor", "Year": "2013", "National Park Visitation Count": "7347284"}