{"Total Disasters": "1.0", "BigFoot Hotspot": "FALSE", "Unemployment_rate": "4.3", "Report Type": "Report", "State": "New York", "id": "2e804e77-ac1d-41c6-9551-34176ca82fc0", "Time And Conditions": "It was late afternoon. Sunny and warm.", "Civilian labor force": "23,517", "Nearest Town": "Deposit", "Season": "Fall", "Class": "Class B", "Multiple Witnesses": "False", "jaccard_score": 0.0010287536649349314, "Forest cover rate": "50.9%", "Dte": "13", "Witness Count": "1.0", "National Park Visitation Count": "17569804", "City/Suburb/Town/Rural": "Town", "Month": "April", "County": "Delaware", "Year": "2006", "Number of lakes": "5001-10000"}