{"Total Disasters": "1.0", "BigFoot Hotspot": "FALSE", "Unemployment_rate": "12.5", "Report Type": "Report", "State": "Washington", "id": "2e9312bb-753a-44e5-9762-d915e8d4e20f", "Time And Conditions": "First incident took place around 6-6:30 p.m. and the lighting was very good.  Second incident Im guessing took place close to 9 p.m. and the lighting was terrible, completely dark. The weather was very hot during the day, and did its normal cooling off as soon as the sun went down.", "Civilian labor force": "43,883", "Nearest Town": "Toutle", "Season": "Fall", "Class": "Class B", "Multiple Witnesses": "False", "jaccard_score": 0.0010801913481816778, "Forest cover rate": "40.7%", "Dte": "14", "Witness Count": "2.0", "National Park Visitation Count": "7559552", "City/Suburb/Town/Rural": "City", "Month": "September", "County": "Cowlitz", "Year": "2009", "Number of lakes": "5001-10000"}