{"Total Disasters": "0.0", "BigFoot Hotspot": "FALSE", "Unemployment_rate": "16.2", "Report Type": "Report", "State": "Michigan", "Month": "July", "id": "2e9758f4-5890-451e-b0f5-7d45b0792b49", "Time And Conditions": "about 1:00 am", "Civilian labor force": "26,524", "Nearest Town": "Six Lakes", "Season": "Summer", "Class": "Class A", "Multiple Witnesses": "False", "jaccard_score": 0.0010801913481816778, "Forest cover rate": "51.2%", "Dte": "10", "Witness Count": "2.0", "City/Suburb/Town/Rural": "City", "Number of lakes": "over 2000", "County": "Montcalm", "Year": "2009", "National Park Visitation Count": "1067176"}