{"Total Disasters": "1.0", "BigFoot Hotspot": "FALSE", "Unemployment_rate": "6.9", "Report Type": "Report", "State": "Arkansas", "id": "2e9e93ee-6d27-438b-8759-3b5d3e81cbcf", "Time And Conditions": "it was approximately midnight. it was a full moon so there was light on the gravel driveway. it was chilly outside enough to wear a jacket.", "Civilian labor force": "14,600", "Nearest Town": "Malvern", "Season": "Spring", "Class": "Class B", "Multiple Witnesses": "False", "jaccard_score": 0.0010801913481816778, "Forest cover rate": "55.1%", "Dte": "5", "Witness Count": "2.0", "National Park Visitation Count": "2727454", "City/Suburb/Town/Rural": "Suburb", "Month": "November", "County": "Hot Spring", "Year": "2012", "Number of lakes": "1501-2500"}