{"Number of lakes": "5001-10000", "Total Disasters": "2.0", "BigFoot Hotspot": "FALSE", "Unemployment_rate": "9.6", "Report Type": "Report", "State": "Washington", "id": "2ea66fd1-2136-44f1-986d-e8700ccfe06b", "Time And Conditions": "this happened about 11:00 am the sky was clear and slightly warm. the lighting was excellent except for the dust that was created my truck traveling on the gravel road. there were no over hanging trees to cast shadows across the road", "Civilian labor force": "113,926", "Nearest Town": "Naches", "Season": "Fall", "Class": "Class A", "Multiple Witnesses": "False", "jaccard_score": 0.0010801913481816778, "Forest cover rate": "40.7%", "Dte": "15", "Witness Count": "1.0", "City/Suburb/Town/Rural": "City", "Month": "October", "County": "Yakima", "Year": "2003", "National Park Visitation Count": "7123463"}