{"Total Disasters": "2.0", "BigFoot Hotspot": "FALSE", "Unemployment_rate": "14.4", "Report Type": "Report", "State": "Pennsylvania", "id": "2edd3d93-a9d8-4ffb-bc44-64b63ed7c7d1", "Time And Conditions": "it was early afternoon and clear and sunny.", "Civilian labor force": "2,231", "Nearest Town": "guitonvill", "Season": "Summer", "Class": "Class B", "Multiple Witnesses": "True", "jaccard_score": 0.0010801913481816778, "Forest cover rate": "55.3%", "Dte": "3", "Witness Count": "4.0", "National Park Visitation Count": "9467819", "City/Suburb/Town/Rural": "Rural", "Month": "September", "County": "Forest", "Year": "2003", "Number of lakes": "251-500"}