{"Total Disasters": "0.0", "BigFoot Hotspot": "FALSE", "Unemployment_rate": "7.4", "Report Type": "Report", "State": "California", "id": "2ee750b7-0507-4cb4-be4c-22714f6e8915", "Time And Conditions": "Dusk, beautiful weather", "Civilian labor force": "97,416", "Nearest Town": "Oroville CA", "Season": "Summer", "Class": "Class B", "Multiple Witnesses": "True", "jaccard_score": 0.0010801913481816778, "Forest cover rate": "17.8%", "Dte": "23", "Witness Count": "3.0", "National Park Visitation Count": "33054222", "City/Suburb/Town/Rural": "City", "Month": "June", "County": "Butte", "Year": "2004", "Number of lakes": "2501-5000"}