{"Total Disasters": "1.0", "BigFoot Hotspot": "FALSE", "Unemployment_rate": "4.1", "Report Type": "Report", "State": "California", "Month": "September", "id": "2efe2e17-a8d3-4cef-811f-8d49742fd849", "Time And Conditions": "The sighting was at approx. 2030 hrs on a Saturday night. The Temperature was between 45 to 50 degrees. There was no moon at the time of the sighting and the night was very dark. No clouds or haziness, very clear.  The location was in dense woods on both sides of the road way.", "Civilian labor force": "82,122", "Nearest Town": "Tahoma", "Season": "Fall", "Class": "Class A", "Multiple Witnesses": "False", "jaccard_score": 0.0010801913481816778, "Forest cover rate": "17.8%", "Dte": "25", "Witness Count": "2.0", "City/Suburb/Town/Rural": "City", "Number of lakes": "2501-5000", "County": "El Dorado", "Year": "2000", "National Park Visitation Count": "34410505"}