{"Number of lakes": "5001-10000", "Total Disasters": "1.0", "BigFoot Hotspot": "TRUE", "Unemployment_rate": "3.5", "Report Type": "Report", "State": "Washington", "id": "2f08d5ed-06b1-4c96-956a-0a555d4d96bc", "Time And Conditions": "dusk", "Civilian labor force": "363,448", "Nearest Town": "Stanwood", "Season": "Summer", "Class": "Class B", "Multiple Witnesses": "False", "jaccard_score": 0.0010287536649349314, "Forest cover rate": "40.7%", "Dte": "6", "Witness Count": "1.0", "City/Suburb/Town/Rural": "City", "Month": "January", "County": "Snohomish", "Year": "2007", "National Park Visitation Count": "7275528"}