{"Total Disasters": "2.0", "BigFoot Hotspot": "FALSE", "Unemployment_rate": "4.5", "Report Type": "Report", "State": "Tennessee", "Month": "December", "id": "2f232068-71e3-417d-abfd-f96ee5e6a3f1", "Time And Conditions": "Started around Ten and went on till about Two or Three.The weather was clear and warm there wasnt alot of Moonlight", "Civilian labor force": "22,768", "Nearest Town": "Tellico Plains", "Season": "Summer", "Class": "Class B", "Multiple Witnesses": "False", "jaccard_score": 0.0010801913481816778, "Forest cover rate": "52.9%", "Dte": "17", "Witness Count": "1.0", "City/Suburb/Town/Rural": "City", "Number of lakes": "0-250", "County": "Loudon", "Year": "2006", "National Park Visitation Count": "10898093"}