{"Total Disasters": "4.0", "BigFoot Hotspot": "FALSE", "Unemployment_rate": "5.5", "Report Type": "Report", "State": "Wisconsin", "Month": "April", "id": "2f26c700-8329-4569-870c-da35b7acbce0", "Time And Conditions": "Afternoon...good lighting.  It was a sunny day but cool.", "Civilian labor force": "17,200", "Nearest Town": "Forestville near Sturgeon Bay", "Season": "Spring", "Class": "Class B", "Multiple Witnesses": "False", "jaccard_score": 0.0010801913481816778, "Forest cover rate": "45.2%", "Dte": "1", "Witness Count": "2.0", "City/Suburb/Town/Rural": "Town", "Number of lakes": "10001-20000", "County": "Door", "Year": "2008", "National Park Visitation Count": "452537"}