{"Total Disasters": "1.0", "BigFoot Hotspot": "FALSE", "Unemployment_rate": "4.1", "Report Type": "Report", "State": "California", "id": "2f48be28-0e25-4f79-af16-c604a1d49fc5", "Time And Conditions": "dusk, full moon, clear weather", "Civilian labor force": "82,122", "Nearest Town": "Lake Tahoe", "Season": "Spring", "Class": "Class A", "Multiple Witnesses": "False", "jaccard_score": 0.0010287536649349314, "Forest cover rate": "17.8%", "Dte": "15", "Witness Count": "1.0", "National Park Visitation Count": "34569619", "City/Suburb/Town/Rural": "City", "Month": "December", "County": "El Dorado", "Year": "2000", "Number of lakes": "2501-5000"}