{"Total Disasters": "3.0", "BigFoot Hotspot": "FALSE", "Unemployment_rate": "5.4", "Report Type": "Report", "State": "Ohio", "id": "2f558382-05dc-4730-84bb-ef1763c8b721", "Time And Conditions": "It was about 12:00 p.m.. It was very dark except for the light pole on the farm. It was warm clear sky and no wind.", "Civilian labor force": "177,123", "Nearest Town": "Okeana", "Season": "Summer", "Class": "Class A", "Multiple Witnesses": "False", "jaccard_score": 0.0010801913481816778, "Forest cover rate": "28.9%", "Dte": "19", "Witness Count": "2.0", "National Park Visitation Count": "3384120", "City/Suburb/Town/Rural": "City", "Month": "July", "County": "Butler", "Year": "2002", "Number of lakes": "0-250"}