{"Number of lakes": "over 2000", "Total Disasters": "1.0", "BigFoot Hotspot": "FALSE", "Unemployment_rate": "16.1", "Report Type": "Report", "State": "Michigan", "id": "2f8196b0-4fb3-45fc-81e9-ac78b7754af1", "Time And Conditions": "I think it was around 8 o'clock. It was pretty chilly, and the sun was still up but just starting to set so my surroundings were still very visible.", "Civilian labor force": "3,245", "Nearest Town": "Hillman", "Season": "Summer", "Class": "Class B", "Multiple Witnesses": "False", "jaccard_score": 0.0010801913481816778, "Forest cover rate": "51.2%", "Dte": "30", "Witness Count": "0.0", "City/Suburb/Town/Rural": "Rural", "Month": "April", "County": "Montmorency", "Year": "2012", "National Park Visitation Count": "1628704"}