{"Total Disasters": "1.0", "BigFoot Hotspot": "FALSE", "Unemployment_rate": "6.5", "Report Type": "Report", "State": "Kentucky", "Month": "December", "id": "2f8253b8-6c9f-41bb-811f-f2f991ea35a3", "Time And Conditions": "Morning around 8:20 AM; it was a clear sunny day.", "Civilian labor force": "6,443", "Nearest Town": "Canton", "Season": "Summer", "Class": "Class A", "Multiple Witnesses": "False", "jaccard_score": 0.0010801913481816778, "Forest cover rate": "48.6%", "Dte": "16", "Witness Count": "0.0", "City/Suburb/Town/Rural": "City", "Number of lakes": "0-250", "County": "Trigg", "Year": "2005", "National Park Visitation Count": "3075262"}