{"Total Disasters": "1.0", "BigFoot Hotspot": "FALSE", "Unemployment_rate": "5.4", "Report Type": "Report", "State": "Washington", "Month": "February", "id": "2f8413bb-cfe6-4b75-867d-2a026be4fa2e", "Time And Conditions": "approx 3-4pm", "Civilian labor force": "32,933", "Nearest Town": "oak harbor", "Season": "Fall", "Class": "Class A", "Multiple Witnesses": "False", "jaccard_score": 0.0010801913481816778, "Forest cover rate": "40.7%", "Dte": "23", "Witness Count": "0.0", "City/Suburb/Town/Rural": "Suburb", "Number of lakes": "5001-10000", "County": "Island", "Year": "2007", "National Park Visitation Count": "6518791"}