{"Total Disasters": "1.0", "BigFoot Hotspot": "FALSE", "Unemployment_rate": "6.5", "Report Type": "Report", "State": "Kentucky", "Month": "October", "id": "2f904df9-84be-4ed1-82c6-d7a490e269e5", "Time And Conditions": "2:45 to 3:00 A.M. , warm about 75 to 80 degrees. Dark . dry weather.", "Civilian labor force": "21,475", "Nearest Town": "Ashland", "Season": "Summer", "Class": "Class A", "Multiple Witnesses": "False", "jaccard_score": 0.0010801913481816778, "Forest cover rate": "48.6%", "Dte": "25", "Witness Count": "2.0", "City/Suburb/Town/Rural": "City", "Number of lakes": "0-250", "County": "Boyd", "Year": "2001", "National Park Visitation Count": "3682669"}