{"Total Disasters": "3.0", "BigFoot Hotspot": "FALSE", "Unemployment_rate": "8.4", "Report Type": "Report", "State": "Illinois", "id": "2f9170d8-822f-4517-8f02-dd2ceb25cd71", "Time And Conditions": "afternoon", "Civilian labor force": "24,291", "Nearest Town": "Victoria", "Season": "Summer", "Class": "Class A", "Multiple Witnesses": "True", "jaccard_score": 0.0010801913481816778, "Forest cover rate": "11.5%", "Dte": "16", "Witness Count": "4.0", "National Park Visitation Count": "", "City/Suburb/Town/Rural": "Suburb", "Month": "January", "County": "Knox", "Year": "2012", "Number of lakes": "0-250"}