{"Number of lakes": "1501-2500", "Total Disasters": "2.0", "BigFoot Hotspot": "FALSE", "Unemployment_rate": "2.9", "Report Type": "Report", "State": "Arkansas", "id": "2f990b63-62ae-4a0f-82f1-a2612d83510c", "Time And Conditions": "It was a nice clear evening. Mid to late August about 45 minutes till sunset until full dark. The other episodes were in the middle of the night.", "Civilian labor force": "7,347", "Nearest Town": "Wesley, Ar", "Season": "Summer", "Class": "Class B", "Multiple Witnesses": "True", "jaccard_score": 0.0010801913481816778, "Forest cover rate": "55.1%", "Dte": "28", "Witness Count": "6.0", "City/Suburb/Town/Rural": "City", "Month": "May", "County": "Madison", "Year": "2018", "National Park Visitation Count": "2433642"}