{"Total Disasters": "3.0", "BigFoot Hotspot": "FALSE", "Unemployment_rate": "", "Report Type": "Report", "State": "Tennessee", "id": "2fa26445-37ee-4696-8aac-cde619c3b2fa", "Time And Conditions": "This occured when I was 16 years old (now I am  26) in the middle of the summer (August but not sure)  of 89. The time was just shortly before midnight.", "Civilian labor force": "", "Nearest Town": "Palmyra", "Season": "Summer", "Class": "Class A", "Multiple Witnesses": "False", "jaccard_score": 0.0009773159816881848, "Forest cover rate": "52.9%", "Dte": "25", "Witness Count": "1.0", "National Park Visitation Count": "9962916", "City/Suburb/Town/Rural": "", "Month": "March", "County": "Montgomery", "Year": "1999", "Number of lakes": "0-250"}