{"Total Disasters": "5.0", "BigFoot Hotspot": "FALSE", "Unemployment_rate": "9.8", "Report Type": "Report", "State": "Illinois", "id": "2fa88b29-a0c5-4853-ab6f-fd92e56e50e7", "Time And Conditions": "10 p.m.", "Civilian labor force": "25,747", "Nearest Town": "Oregon", "Season": "Fall", "Class": "Class B", "Multiple Witnesses": "False", "jaccard_score": 0.0010801913481816778, "Forest cover rate": "11.5%", "Dte": "19", "Witness Count": "2.0", "National Park Visitation Count": "", "City/Suburb/Town/Rural": "Suburb", "Month": "March", "County": "Ogle", "Year": "2013", "Number of lakes": "0-250"}