{"Total Disasters": "1.0", "BigFoot Hotspot": "FALSE", "Unemployment_rate": "6.0", "Report Type": "Report", "State": "Texas", "id": "2faa4c16-a0c6-4b20-9093-4420329533ec", "Time And Conditions": "1:00 PM", "Civilian labor force": "16,811", "Nearest Town": "Tira", "Season": "Spring", "Class": "Class B", "Multiple Witnesses": "False", "jaccard_score": 0.0010801913481816778, "Forest cover rate": "7%", "Dte": "28", "Witness Count": "0.0", "National Park Visitation Count": "", "City/Suburb/Town/Rural": "Suburb", "Month": "December", "County": "Hopkins", "Year": "2003", "Number of lakes": "5001-10000"}