{"Total Disasters": "3.0", "BigFoot Hotspot": "FALSE", "Unemployment_rate": "10.9", "Report Type": "Report", "State": "California", "id": "2fd195d6-7665-48f2-a5db-fe60e760620b", "Time And Conditions": "Sound was at dark 8:00 PM, Foot print 7:00 AM.", "Civilian labor force": "199,013", "Nearest Town": "Kernville", "Season": "Summer", "Class": "Class B", "Multiple Witnesses": "False", "jaccard_score": 0.0010801913481816778, "Forest cover rate": "17.8%", "Dte": "11", "Witness Count": "2.0", "National Park Visitation Count": "34374981", "City/Suburb/Town/Rural": "City", "Month": "October", "County": "Tulare", "Year": "2008", "Number of lakes": "2501-5000"}