{"Total Disasters": "0.0", "BigFoot Hotspot": "FALSE", "Unemployment_rate": "9.7", "Report Type": "Report", "State": "Idaho", "id": "2fdfdeef-44fd-42f0-9a69-7b9a4c51be5a", "Time And Conditions": "It was about the middle of the evening around 6:30 to 7:30. The lighting at a minimum. Almost complete darkness.", "Civilian labor force": "5,529", "Nearest Town": "Wallace", "Season": "Winter", "Class": "Class B", "Multiple Witnesses": "False", "jaccard_score": 0.0010801913481816778, "Forest cover rate": "31.8%", "Dte": "25", "Witness Count": "1.0", "National Park Visitation Count": "468708", "City/Suburb/Town/Rural": "Rural", "Month": "January", "County": "Shoshone", "Year": "2004", "Number of lakes": "1501-2500"}