{"Number of lakes": "over 2000", "Total Disasters": "1.0", "BigFoot Hotspot": "FALSE", "Unemployment_rate": "5.4", "Report Type": "Report", "State": "Florida", "id": "2fe74517-798e-49e6-9f38-aead7ce781d9", "Time And Conditions": "Foggy night around 2am", "Civilian labor force": "29,259", "Nearest Town": "Putnam Hall", "Season": "Summer", "Class": "Class A", "Multiple Witnesses": "False", "jaccard_score": 0.0010287536649349314, "Forest cover rate": "42.4%", "Dte": "1", "Witness Count": "1.0", "City/Suburb/Town/Rural": "Suburb", "Month": "January", "County": "Putnam", "Year": "2001", "National Park Visitation Count": ""}