{"Total Disasters": "0.0", "BigFoot Hotspot": "FALSE", "Unemployment_rate": "", "Report Type": "Report", "State": "Nebraska", "id": "2ffc2e9c-85fb-441a-9d6c-87e0d556fb10", "Time And Conditions": "", "Civilian labor force": "", "Nearest Town": "Blue Springs", "Season": "Fall", "Class": "Class A", "Multiple Witnesses": "False", "jaccard_score": 0.0008744406151946916, "Forest cover rate": "1.8%", "Dte": "4", "Witness Count": "2.0", "National Park Visitation Count": "", "City/Suburb/Town/Rural": "", "Month": "July", "County": "Gage", "Year": "1998", "Number of lakes": "0-250"}