{"Total Disasters": "6.0", "BigFoot Hotspot": "FALSE", "Unemployment_rate": "6.0", "Report Type": "Report", "State": "Missouri", "id": "3007ec2c-26a3-4532-b248-bb5406e26737", "Time And Conditions": "about 5:10am  dark  cool weather", "Civilian labor force": "9,750", "Nearest Town": "Fort Scott", "Season": "Fall", "Class": "Class B", "Multiple Witnesses": "False", "jaccard_score": 0.0010287536649349314, "Forest cover rate": "30.3%", "Dte": "25", "Witness Count": "0.0", "National Park Visitation Count": "4171826", "City/Suburb/Town/Rural": "Rural", "Month": "February", "County": "Vernon", "Year": "2013", "Number of lakes": "0-250"}