{"Total Disasters": "2.0", "BigFoot Hotspot": "FALSE", "Unemployment_rate": "7.0", "Report Type": "Report", "State": "Tennessee", "Month": "January", "id": "3029b94c-2dfb-4bed-bec4-abd5cc06d6f6", "Time And Conditions": "It was late at night maybe 11 pm it was raining and dark outside", "Civilian labor force": "170,750", "Nearest Town": "Sale Creek", "Season": "Fall", "Class": "Class A", "Multiple Witnesses": "False", "jaccard_score": 0.0010801913481816778, "Forest cover rate": "52.9%", "Dte": "23", "Witness Count": "1.0", "City/Suburb/Town/Rural": "City", "Number of lakes": "0-250", "County": "Hamilton", "Year": "2012", "National Park Visitation Count": "10712602"}