{"Total Disasters": "3.0", "BigFoot Hotspot": "FALSE", "Unemployment_rate": "7.2", "Report Type": "Report", "State": "Massachusetts", "id": "302df7dc-1226-4df2-8134-08e24e2feb87", "Time And Conditions": "late morning sunny  and windy perfect day for hiking", "Civilian labor force": "85,661", "Nearest Town": "South Hadley/Amherst line", "Season": "Summer", "Class": "Class B", "Multiple Witnesses": "False", "jaccard_score": 0.0010801913481816778, "Forest cover rate": "52.5%", "Dte": "31", "Witness Count": "2.0", "National Park Visitation Count": "5789947", "City/Suburb/Town/Rural": "City", "Month": "August", "County": "Hampshire", "Year": "2020", "Number of lakes": "2501-5000"}