{"Number of lakes": "over 2000", "Total Disasters": "0.0", "BigFoot Hotspot": "FALSE", "Unemployment_rate": "7.0", "Report Type": "Report", "State": "Florida", "id": "3035a484-e0fc-45a2-8790-75cc2849f40b", "Time And Conditions": "It had just got dark", "Civilian labor force": "2,838", "Nearest Town": "Bristol", "Season": "Winter", "Class": "Class A", "Multiple Witnesses": "True", "jaccard_score": 0.0010801913481816778, "Forest cover rate": "42.4%", "Dte": "28", "Witness Count": "4.0", "City/Suburb/Town/Rural": "Rural", "Month": "March", "County": "Liberty", "Year": "2013", "National Park Visitation Count": "11492305"}