{"Number of lakes": "over 2000", "Total Disasters": "1.0", "BigFoot Hotspot": "FALSE", "Unemployment_rate": "4.2", "Report Type": "Report", "State": "Michigan", "id": "3038f400-1ff4-426f-83db-56a19c8aa4d5", "Time And Conditions": "11.30 humid and warm also it was partly cloudy", "Civilian labor force": "187,690", "Nearest Town": "salem", "Season": "Spring", "Class": "Class A", "Multiple Witnesses": "False", "jaccard_score": 0.0010287536649349314, "Forest cover rate": "51.2%", "Dte": "28", "Witness Count": "1.0", "City/Suburb/Town/Rural": "City", "Month": "March", "County": "Washtenaw", "Year": "2004", "National Park Visitation Count": "1513745"}