{"Total Disasters": "5.0", "BigFoot Hotspot": "FALSE", "Unemployment_rate": "2.6", "Report Type": "Report", "State": "Florida", "id": "3038fa78-f4b6-4088-a292-b9d6bbd27fe2", "Time And Conditions": "about 2pm,hot,humid ,kinda bright outside", "Civilian labor force": "25,379", "Nearest Town": "Tarrytown", "Season": "Summer", "Class": "Class B", "Multiple Witnesses": "False", "jaccard_score": 0.0010801913481816778, "Forest cover rate": "42.4%", "Dte": "21", "Witness Count": "1.0", "National Park Visitation Count": "9040929", "City/Suburb/Town/Rural": "City", "Month": "September", "County": "Sumter", "Year": "2005", "Number of lakes": "over 2000"}