{"Total Disasters": "1.0", "BigFoot Hotspot": "FALSE", "Unemployment_rate": "", "Report Type": "Report", "State": "Oregon", "id": "304057a0-c5eb-43fb-ac69-afa4451992cf", "Time And Conditions": "", "Civilian labor force": "", "Nearest Town": "", "Season": "Summer", "Class": "Class B", "Multiple Witnesses": "False", "jaccard_score": 0.0008744406151946916, "Forest cover rate": "38.8%", "Dte": "5", "Witness Count": "0.0", "National Park Visitation Count": "820996", "City/Suburb/Town/Rural": "", "Month": "January", "County": "Clackamas", "Year": "1996", "Number of lakes": "501-1500"}