{"Total Disasters": "2.0", "BigFoot Hotspot": "FALSE", "Unemployment_rate": "", "Report Type": "Report", "State": "Massachusetts", "id": "30565a4a-ff79-4701-9122-6ef68830ebf4", "Time And Conditions": "", "Civilian labor force": "", "Nearest Town": "Mashpee", "Season": "Fall", "Class": "Class C", "Multiple Witnesses": "True", "jaccard_score": 0.0008744406151946916, "Forest cover rate": "52.5%", "Dte": "21", "Witness Count": "0.0", "National Park Visitation Count": "", "City/Suburb/Town/Rural": "", "Month": "August", "County": "Barnstable", "Year": "1996", "Number of lakes": "2501-5000"}