{"Total Disasters": "0.0", "BigFoot Hotspot": "TRUE", "Unemployment_rate": "5.9", "Report Type": "Report", "State": "California", "Month": "March", "id": "3078d678-dcec-4718-ad68-9aa19c798564", "Time And Conditions": "", "Civilian labor force": "23,899", "Nearest Town": "Sonora", "Season": "Spring", "Class": "Class A", "Multiple Witnesses": "False", "jaccard_score": 0.0010287536649349314, "Forest cover rate": "17.8%", "Dte": "7", "Witness Count": "0.0", "City/Suburb/Town/Rural": "Suburb", "Number of lakes": "2501-5000", "County": "Tuolumne", "Year": "2001", "National Park Visitation Count": "30919430"}