{"Number of lakes": "5001-10000", "Total Disasters": "1.0", "BigFoot Hotspot": "FALSE", "Unemployment_rate": "", "Report Type": "Report", "State": "Washington", "id": "307a9017-e45a-44e4-adef-c614841976a7", "Time And Conditions": "", "Civilian labor force": "", "Nearest Town": "Teanaway", "Season": "Summer", "Class": "Class B", "Multiple Witnesses": "False", "jaccard_score": 0.0008744406151946916, "Forest cover rate": "40.7%", "Dte": "30", "Witness Count": "1.0", "City/Suburb/Town/Rural": "", "Month": "August", "County": "Kittitas", "Year": "1997", "National Park Visitation Count": "7769116"}