{"Total Disasters": "2.0", "BigFoot Hotspot": "FALSE", "Unemployment_rate": "3.7", "Report Type": "Report", "State": "Alabama", "Month": "March", "id": "3094e8bf-7f6a-4293-9176-97b1aa2b6997", "Time And Conditions": "Between 8pm to 1000pm", "Civilian labor force": "65,467", "Nearest Town": "Valley", "Season": "Winter", "Class": "Class B", "Multiple Witnesses": "False", "jaccard_score": 0.0010801913481816778, "Forest cover rate": "70.6%", "Dte": "25", "Witness Count": "1.0", "City/Suburb/Town/Rural": "City", "Number of lakes": "0-250", "County": "Lee", "Year": "2007", "National Park Visitation Count": "477157"}