{"Total Disasters": "1.0", "BigFoot Hotspot": "FALSE", "Unemployment_rate": "3.7", "Report Type": "Report", "State": "Arkansas", "id": "30a0eba6-47a7-40f3-92a8-5f364d9053d2", "Time And Conditions": "night time full moon or near", "Civilian labor force": "26,696", "Nearest Town": "memphis and little Rock ark.", "Season": "Fall", "Class": "Class A", "Multiple Witnesses": "False", "jaccard_score": 0.0010801913481816778, "Forest cover rate": "55.1%", "Dte": "12", "Witness Count": "0.0", "National Park Visitation Count": "", "City/Suburb/Town/Rural": "City", "Month": "May", "County": "Lonoke", "Year": "2001", "Number of lakes": "1501-2500"}