{"Total Disasters": "1.0", "BigFoot Hotspot": "FALSE", "Unemployment_rate": "10.7", "Report Type": "Report", "State": "Oregon", "Month": "August", "id": "30c39c69-a760-4390-892e-916879c6150a", "Time And Conditions": "11:00pm-4:00am. night was clear with a full moon.", "Civilian labor force": "55,605", "Nearest Town": "Sweet Home", "Season": "Summer", "Class": "Class A", "Multiple Witnesses": "False", "jaccard_score": 0.0010801913481816778, "Forest cover rate": "38.8%", "Dte": "31", "Witness Count": "2.0", "City/Suburb/Town/Rural": "City", "Number of lakes": "501-1500", "County": "Linn", "Year": "2012", "National Park Visitation Count": "875271"}