{"Total Disasters": "0.0", "BigFoot Hotspot": "FALSE", "Unemployment_rate": "", "Report Type": "Report", "State": "Illinois", "Month": "December", "id": "30c90260-281c-410d-bac9-dddb62888edf", "Time And Conditions": "", "Civilian labor force": "", "Nearest Town": "Kell", "Season": "Fall", "Class": "Class C", "Multiple Witnesses": "True", "jaccard_score": 0.0008744406151946916, "Forest cover rate": "11.5%", "Dte": "18", "Witness Count": "2.0", "City/Suburb/Town/Rural": "", "Number of lakes": "0-250", "County": "Marion", "Year": "1997", "National Park Visitation Count": ""}