{"Total Disasters": "1.0", "BigFoot Hotspot": "TRUE", "Unemployment_rate": "", "Report Type": "Report", "State": "Washington", "id": "30d1e031-2dd6-4939-80f1-2e5c1176788c", "Time And Conditions": "", "Civilian labor force": "", "Nearest Town": "Elbe", "Season": "Spring", "Class": "Class A", "Multiple Witnesses": "False", "jaccard_score": 0.0008744406151946916, "Forest cover rate": "40.7%", "Dte": "29", "Witness Count": "1.0", "National Park Visitation Count": "7256946", "City/Suburb/Town/Rural": "", "Month": "June", "County": "Pierce", "Year": "1997", "Number of lakes": "5001-10000"}