{"Total Disasters": "1.0", "BigFoot Hotspot": "TRUE", "Unemployment_rate": "7.4", "Report Type": "Report", "State": "California", "Month": "July", "id": "30ed0504-d5d4-49cc-b050-fa70d288db0b", "Time And Conditions": "It was along the Klamath River, across the river from us drinking. I first smelled the odor like a wet dog; then we saw him. At first I was shocked and a little bit overwhelmed. We watched it for a few minutes then it left.", "Civilian labor force": "19,128", "Nearest Town": "Hornbrook", "Season": "Summer", "Class": "Class A", "Multiple Witnesses": "True", "jaccard_score": 0.0010801913481816778, "Forest cover rate": "17.8%", "Dte": "7", "Witness Count": "4.0", "City/Suburb/Town/Rural": "Town", "Number of lakes": "2501-5000", "County": "Siskiyou", "Year": "2000", "National Park Visitation Count": "34615162"}