{"Total Disasters": "4.0", "BigFoot Hotspot": "FALSE", "Unemployment_rate": "8.4", "Report Type": "Report", "State": "North Carolina", "id": "30f3aa26-601b-439d-ab30-a55cdc2fdc98", "Time And Conditions": "Approx 12:20-12:30am", "Civilian labor force": "50,978", "Nearest Town": "Rowland, NC", "Season": "Fall", "Class": "Class A", "Multiple Witnesses": "False", "jaccard_score": 0.0010801913481816778, "Forest cover rate": "59.9%", "Dte": "14", "Witness Count": "1.0", "National Park Visitation Count": "18841872", "City/Suburb/Town/Rural": "Suburb", "Month": "October", "County": "Robeson", "Year": "2015", "Number of lakes": "0-250"}