{"Total Disasters": "0.0", "BigFoot Hotspot": "FALSE", "Unemployment_rate": "7.4", "Report Type": "Report", "State": "California", "Month": "September", "id": "30fa4d3e-4d8a-4405-af6a-c429a070c390", "Time And Conditions": "It was very early in the morning just before sunrise (between 5:45 and 6:00 AM). The weather was dry and clear and the air temperature was about 65 degrees with a 10 to 15 MPH wind blowing from the NE. There are street lights along the approach to the area, but no lights of any kind at the site. It was very dark due to the roadway being up against the mountain side to the North and North East. The moon must have already set since I don't recall seeing it at all.", "Civilian labor force": "97,416", "Nearest Town": "Oroville", "Season": "Summer", "Class": "Class B", "Multiple Witnesses": "False", "jaccard_score": 0.0010801913481816778, "Forest cover rate": "17.8%", "Dte": "23", "Witness Count": "2.0", "City/Suburb/Town/Rural": "City", "Number of lakes": "2501-5000", "County": "Butte", "Year": "2004", "National Park Visitation Count": "33054222"}