{"Total Disasters": "2.0", "BigFoot Hotspot": "FALSE", "Unemployment_rate": "", "Report Type": "Report", "State": "Maryland", "Month": "November", "id": "311b9663-ac68-486c-8201-414eca821bb9", "Time And Conditions": "", "Civilian labor force": "", "Nearest Town": "Annapolis", "Season": "Summer", "Class": "Class B", "Multiple Witnesses": "False", "jaccard_score": 0.0008744406151946916, "Forest cover rate": "37.9%", "Dte": "28", "Witness Count": "0.0", "City/Suburb/Town/Rural": "", "Number of lakes": "0-250", "County": "Anne Arundel", "Year": "1996", "National Park Visitation Count": ""}