{"Total Disasters": "2.0", "BigFoot Hotspot": "FALSE", "Unemployment_rate": "2.4", "Report Type": "Report", "State": "Virginia", "id": "312e4e91-8d1f-43a5-90de-5979ecdc4989", "Time And Conditions": "11:00pm - 12:30am", "Civilian labor force": "22,410", "Nearest Town": "Mt. Jackson", "Season": "Summer", "Class": "Class B", "Multiple Witnesses": "False", "jaccard_score": 0.0010801913481816778, "Forest cover rate": "60.7%", "Dte": "2", "Witness Count": "1.0", "National Park Visitation Count": "16536737", "City/Suburb/Town/Rural": "Rural", "Month": "June", "County": "Shenandoah", "Year": "2019", "Number of lakes": "0-250"}