{"Number of lakes": "5001-10000", "Total Disasters": "1.0", "BigFoot Hotspot": "FALSE", "Unemployment_rate": "8.5", "Report Type": "Report", "State": "Washington", "id": "31391434-98eb-45c4-b0d3-51521d5f75b7", "Time And Conditions": "High broken clouds, around seventy degrees, in a valley, so it was getting dark, but was actually around eight thirty p.m.", "Civilian labor force": "1,808", "Nearest Town": "Dayton,Wa.", "Season": "Summer", "Class": "Class B", "Multiple Witnesses": "False", "jaccard_score": 0.0010801913481816778, "Forest cover rate": "40.7%", "Dte": "22", "Witness Count": "2.0", "City/Suburb/Town/Rural": "City", "Month": "August", "County": "Columbia", "Year": "2000", "National Park Visitation Count": "7275528"}