{"Total Disasters": "1.0", "BigFoot Hotspot": "FALSE", "Unemployment_rate": "11.8", "Report Type": "Report", "State": "Tennessee", "id": "314abb71-b8b0-4d88-8f93-a8c8b0c753b7", "Time And Conditions": "After 9 pm it was dark and windy.", "Civilian labor force": "7,287", "Nearest Town": "Jackson", "Season": "Spring", "Class": "Class B", "Multiple Witnesses": "False", "jaccard_score": 0.0010287536649349314, "Forest cover rate": "52.9%", "Dte": "22", "Witness Count": "1.0", "National Park Visitation Count": "10504848", "City/Suburb/Town/Rural": "City", "Month": "March", "County": "Crockett", "Year": "2010", "Number of lakes": "0-250"}