{"Total Disasters": "4.0", "BigFoot Hotspot": "FALSE", "Unemployment_rate": "7.1", "Report Type": "Report", "State": "Illinois", "id": "31531025-4406-4d6a-954f-1d06a7e079f3", "Time And Conditions": "Approx 8 - 9 p.m.", "Civilian labor force": "6,155", "Nearest Town": "Lawrenceville, Illinois", "Season": "Summer", "Class": "Class B", "Multiple Witnesses": "False", "jaccard_score": 0.0010801913481816778, "Forest cover rate": "11.5%", "Dte": "4", "Witness Count": "2.0", "National Park Visitation Count": "", "City/Suburb/Town/Rural": "Rural", "Month": "July", "County": "Lawrence", "Year": "2015", "Number of lakes": "0-250"}