{"Number of lakes": "over 2000", "Total Disasters": "1.0", "BigFoot Hotspot": "FALSE", "Unemployment_rate": "5.6", "Report Type": "Report", "State": "Florida", "id": "315843fb-0514-4d74-a2fa-bb17f0159321", "Time And Conditions": "dusk or just after. cool clear", "Civilian labor force": "52,142", "Nearest Town": "Spring Hill / Brooksville", "Season": "Winter", "Class": "Class A", "Multiple Witnesses": "False", "jaccard_score": 0.0010287536649349314, "Forest cover rate": "42.4%", "Dte": "5", "Witness Count": "1.0", "City/Suburb/Town/Rural": "City", "Month": "August", "County": "Hernando", "Year": "2003", "National Park Visitation Count": ""}