{"Total Disasters": "1.0", "BigFoot Hotspot": "FALSE", "Unemployment_rate": "5.7", "Report Type": "Report", "State": "Missouri", "id": "315df1ed-1bdf-4b7d-b9da-ac375ea041d1", "Time And Conditions": "Just at dark before a rainstorm.  I just turned my headlights on before I saw the thing", "Civilian labor force": "6,534", "Nearest Town": "between Fairplay and Stockton Missouri", "Season": "Spring", "Class": "Class A", "Multiple Witnesses": "False", "jaccard_score": 0.0010287536649349314, "Forest cover rate": "30.3%", "Dte": "12", "Witness Count": "1.0", "National Park Visitation Count": "4302533", "City/Suburb/Town/Rural": "Town", "Month": "June", "County": "Cedar", "Year": "2007", "Number of lakes": "0-250"}