{"Total Disasters": "3.0", "BigFoot Hotspot": "TRUE", "Unemployment_rate": "8.0", "Report Type": "Report", "State": "California", "Month": "August", "id": "31607a00-91c8-46bf-ac4c-5fc90afabf9e", "Time And Conditions": "Between 7pm and 8pm Or right at dusk.", "Civilian labor force": "25,779", "Nearest Town": "Above Kennedy Meadows", "Season": "Summer", "Class": "Class A", "Multiple Witnesses": "True", "jaccard_score": 0.0010801913481816778, "Forest cover rate": "17.8%", "Dte": "22", "Witness Count": "4.0", "City/Suburb/Town/Rural": "Suburb", "Number of lakes": "2501-5000", "County": "Tuolumne", "Year": "2008", "National Park Visitation Count": "35278216"}