{"Total Disasters": "0.0", "BigFoot Hotspot": "FALSE", "Unemployment_rate": "", "Report Type": "Report", "State": "Utah", "Month": "August", "id": "316bf6e9-7082-4ebb-b2ff-78dc1c73b1a0", "Time And Conditions": "", "Civilian labor force": "", "Nearest Town": "Wheeler", "Season": "Fall", "Class": "Class A", "Multiple Witnesses": "False", "jaccard_score": 0.0008230029319479451, "Forest cover rate": "8.9%", "Dte": "24", "Witness Count": "0.0", "City/Suburb/Town/Rural": "", "Number of lakes": "501-1500", "County": "Weber", "Year": "1998", "National Park Visitation Count": ""}