{"Number of lakes": "5001-10000", "Total Disasters": "1.0", "BigFoot Hotspot": "FALSE", "Unemployment_rate": "6.9", "Report Type": "Report", "State": "Texas", "id": "317a8a32-a3de-430e-9c8c-f7a793b9ce3b", "Time And Conditions": "Around 2:00 am.", "Civilian labor force": "11,112", "Nearest Town": "Gary", "Season": "Winter", "Class": "Class A", "Multiple Witnesses": "False", "jaccard_score": 0.0010287536649349314, "Forest cover rate": "7%", "Dte": "28", "Witness Count": "1.0", "City/Suburb/Town/Rural": "Town", "Month": "December", "County": "Panola", "Year": "2003", "National Park Visitation Count": "6001583"}