{"Total Disasters": "0.0", "BigFoot Hotspot": "FALSE", "Unemployment_rate": "7.5", "Report Type": "Report", "State": "Texas", "id": "317fe45e-bacb-4746-9183-15a5d3ce5273", "Time And Conditions": "It was late at night and there was a full moon.", "Civilian labor force": "5,995", "Nearest Town": "Daingerfield", "Season": "Summer", "Class": "Class A", "Multiple Witnesses": "False", "jaccard_score": 0.0010801913481816778, "Forest cover rate": "7%", "Dte": "27", "Witness Count": "2.0", "National Park Visitation Count": "", "City/Suburb/Town/Rural": "Town", "Month": "November", "County": "Morris", "Year": "2004", "Number of lakes": "5001-10000"}