{"Number of lakes": "5001-10000", "Total Disasters": "5.0", "BigFoot Hotspot": "FALSE", "Unemployment_rate": "4.5", "Report Type": "Report", "State": "Texas", "id": "31ae5b5d-e2e7-4f09-b86e-3bbfab137cee", "Time And Conditions": "06:10hrs, low light cloudy, heavy dew rising.", "Civilian labor force": "253,442", "Nearest Town": "New Caney, Tx.", "Season": "Summer", "Class": "Class A", "Multiple Witnesses": "False", "jaccard_score": 0.0010801913481816778, "Forest cover rate": "7%", "Dte": "26", "Witness Count": "1.0", "City/Suburb/Town/Rural": "City", "Month": "June", "County": "Montgomery", "Year": "2014", "National Park Visitation Count": "4680387"}