{"Total Disasters": "2.0", "BigFoot Hotspot": "FALSE", "Unemployment_rate": "10.7", "Report Type": "Report", "State": "California", "Month": "July", "id": "31c8703d-d6f9-403a-9018-0956557408c1", "Time And Conditions": "Fall or spring. It was in evergreen forest so i can't remember which. It was 930pm or later. It was very dark except for my headlights. The night was clear.", "Civilian labor force": "7,559", "Nearest Town": "Greenville", "Season": "Unknown", "Class": "Class A", "Multiple Witnesses": "False", "jaccard_score": 0.0010801913481816778, "Forest cover rate": "17.8%", "Dte": "31", "Witness Count": "1.0", "City/Suburb/Town/Rural": "Rural", "Number of lakes": "2501-5000", "County": "Plumas", "Year": "2020", "National Park Visitation Count": "35895899"}