{"Total Disasters": "1.0", "BigFoot Hotspot": "FALSE", "Unemployment_rate": "", "Report Type": "Report", "State": "California", "Month": "September", "id": "31d4f55a-bfba-4924-b233-203a94b2a133", "Time And Conditions": "", "Civilian labor force": "", "Nearest Town": "", "Season": "Summer", "Class": "Class A", "Multiple Witnesses": "False", "jaccard_score": 0.0008744406151946916, "Forest cover rate": "17.8%", "Dte": "6", "Witness Count": "0.0", "City/Suburb/Town/Rural": "", "Number of lakes": "2501-5000", "County": "Plumas", "Year": "1997", "National Park Visitation Count": "34569619"}