{"Total Disasters": "7.0", "BigFoot Hotspot": "FALSE", "Unemployment_rate": "", "Report Type": "Report", "State": "Tennessee", "id": "31dbd52d-547a-4d71-8ac3-025f07acb4d6", "Time And Conditions": "9:30 PM", "Civilian labor force": "", "Nearest Town": "Lawrenceburg TN", "Season": "Summer", "Class": "Class A", "Multiple Witnesses": "False", "jaccard_score": 0.0009773159816881848, "Forest cover rate": "52.9%", "Dte": "4", "Witness Count": "2.0", "National Park Visitation Count": "16280412", "City/Suburb/Town/Rural": "", "Month": "September", "County": "Lawrence", "Year": "2021", "Number of lakes": "0-250"}