{"Total Disasters": "3.0", "BigFoot Hotspot": "FALSE", "Unemployment_rate": "8.1", "Report Type": "Report", "State": "California", "Month": "December", "id": "31dd11d0-fd17-445d-93fd-d62704951525", "Time And Conditions": "Approximately around 1-3 PM.", "Civilian labor force": "345,537", "Nearest Town": "Inyokern Cailfornia", "Season": "Fall", "Class": "Class B", "Multiple Witnesses": "False", "jaccard_score": 0.0010801913481816778, "Forest cover rate": "17.8%", "Dte": "27", "Witness Count": "1.0", "City/Suburb/Town/Rural": "City", "Number of lakes": "2501-5000", "County": "Kern", "Year": "2007", "National Park Visitation Count": "34396905"}