{"Number of lakes": "5001-10000", "Total Disasters": "0.0", "BigFoot Hotspot": "TRUE", "Unemployment_rate": "4.8", "Report Type": "Report", "State": "Washington", "id": "31ed9e4e-c98c-474d-a9c3-24b802b4884f", "Time And Conditions": "Clear, cold, dark night", "Civilian labor force": "331,845", "Nearest Town": "Machias", "Season": "Fall", "Class": "Class A", "Multiple Witnesses": "True", "jaccard_score": 0.0010801913481816778, "Forest cover rate": "40.7%", "Dte": "28", "Witness Count": "6.0", "City/Suburb/Town/Rural": "City", "Month": "January", "County": "Snohomish", "Year": "2001", "National Park Visitation Count": "7275528"}