{"Number of lakes": "5001-10000", "Total Disasters": "0.0", "BigFoot Hotspot": "FALSE", "Unemployment_rate": "8.8", "Report Type": "Report", "State": "Texas", "id": "31febc18-64fe-4941-8862-94fbdd053134", "Time And Conditions": "Mid afternoon, very clear sky and unlimited visability. The weather was about the 90 degree mark and it hadn't rained for some time that I recall.", "Civilian labor force": "31,861", "Nearest Town": "OLD RIVER-WINFREE", "Season": "Summer", "Class": "Class A", "Multiple Witnesses": "False", "jaccard_score": 0.0010801913481816778, "Forest cover rate": "7%", "Dte": "17", "Witness Count": "1.0", "City/Suburb/Town/Rural": "City", "Month": "August", "County": "Liberty", "Year": "2004", "National Park Visitation Count": "4664753"}