{"Total Disasters": "0.0", "BigFoot Hotspot": "FALSE", "Unemployment_rate": "8.4", "Report Type": "Report", "State": "California", "Month": "November", "id": "32032d50-31cd-403a-b137-2ad8c8b42f68", "Time And Conditions": "Approximately 2100 hours, nighttime.  Recently rained, muddy conditions.  Cold weather.", "Civilian labor force": "326,802", "Nearest Town": "Bakersfield, Ca", "Season": "Winter", "Class": "Class B", "Multiple Witnesses": "False", "jaccard_score": 0.0010801913481816778, "Forest cover rate": "17.8%", "Dte": "22", "Witness Count": "2.0", "City/Suburb/Town/Rural": "City", "Number of lakes": "2501-5000", "County": "Kern", "Year": "2005", "National Park Visitation Count": "31001764"}