{"Total Disasters": "5.0", "BigFoot Hotspot": "FALSE", "Unemployment_rate": "7.5", "Report Type": "Report", "State": "Illinois", "Month": "December", "id": "320f4bd6-4fa0-47fc-82fe-cd53af4a4f32", "Time And Conditions": "There was a quarter moon, but the weather conditions was clear and very dark. The area was wet from rain earlier in the day.", "Civilian labor force": "23,132", "Nearest Town": "Plainview", "Season": "Winter", "Class": "Class B", "Multiple Witnesses": "False", "jaccard_score": 0.0010801913481816778, "Forest cover rate": "11.5%", "Dte": "28", "Witness Count": "0.0", "City/Suburb/Town/Rural": "City", "Number of lakes": "0-250", "County": "Macoupin", "Year": "2014", "National Park Visitation Count": "218132"}