{"Total Disasters": "3.0", "BigFoot Hotspot": "FALSE", "Unemployment_rate": "2.9", "Report Type": "Report", "State": "Virginia", "id": "323b43eb-e667-4a4b-8dc1-59f877323571", "Time And Conditions": "Around Midnight", "Civilian labor force": "17,427", "Nearest Town": "Buchanan, Va.", "Season": "Fall", "Class": "Class A", "Multiple Witnesses": "False", "jaccard_score": 0.0010801913481816778, "Forest cover rate": "60.7%", "Dte": "14", "Witness Count": "1.0", "National Park Visitation Count": "", "City/Suburb/Town/Rural": "City", "Month": "April", "County": "Botetourt", "Year": "2007", "Number of lakes": "0-250"}