{"Total Disasters": "3.0", "BigFoot Hotspot": "FALSE", "Unemployment_rate": "9.0", "Report Type": "Report", "State": "Kentucky", "Month": "March", "id": "32459473-4b6a-4374-afb0-90c377f215c9", "Time And Conditions": "dusk and the sun was just setting", "Civilian labor force": "9,640", "Nearest Town": "Chenoa, ky", "Season": "Fall", "Class": "Class A", "Multiple Witnesses": "False", "jaccard_score": 0.0010801913481816778, "Forest cover rate": "48.6%", "Dte": "2", "Witness Count": "1.0", "City/Suburb/Town/Rural": "Town", "Number of lakes": "0-250", "County": "Bell", "Year": "2008", "National Park Visitation Count": "2477406"}